{
  "ts": "2026-02-12_092856",
  "name": "sigmoid_th100k_steep8_mid0.5_omf0.3",
  "group": "sigmoid_high_theta",
  "rope": {
    "kind": "custom",
    "custom_omega": [
      0.8007089605032947,
      0.7511274703956881,
      0.6921663815716681,
      0.6236807392225027,
      0.5464455885558368,
      0.4624843268977998,
      0.37524538093970544,
      0.28944025046848915,
      0.21039115405047276,
      0.14291948202482868,
      0.0901115908963616,
      0.05253141672082584,
      0.028335340150863243,
      0.014237912579010243,
      0.0067553427092088844,
      0.003087186686910105,
      0.0013925421902533837,
      0.0006363907644316017,
      0.00030194297702379426,
      0.00015171999657748671,
      8.183745992532037e-05,
      4.770793266379313e-05,
      3.0080137779704746e-05,
      2.043354783670967e-05,
      1.4852936672603212e-05,
      1.1456603942585653e-05,
      9.295531676819172e-06,
      7.867274987199569e-06,
      6.893010221977016e-06,
      6.210988896844827e-06,
      5.723446259322919e-06,
      5.369039092567014e-06
    ],
    "recipe": {
      "theta_base": 100000.0,
      "steepness": 8.0,
      "midpoint": 0.5,
      "omega_min_factor": 0.3
    }
  },
  "data": {
    "dataset": "roneneldan/TinyStories",
    "tokenizer": "EleutherAI/pythia-70m",
    "train_tokens": 50000000,
    "val_tokens": 2500000,
    "seq_len": 2048,
    "seed": 42
  },
  "train": {
    "total_steps": 382,
    "full_steps": 382,
    "micro_batch": 64,
    "grad_accum": 1,
    "effective_batch": 64,
    "loss_curve": [
      {
        "step": 100,
        "loss": 4.4375457763671875
      },
      {
        "step": 200,
        "loss": 3.356407642364502
      },
      {
        "step": 300,
        "loss": 3.028167724609375
      },
      {
        "step": 382,
        "loss": 3.0169827938079834
      }
    ],
    "checkpoint": "/opt/dfrope/results/h800_parallel/variants/sigmoid_th100k_steep8_mid0.5_omf0.3/sigmoid_th100k_steep8_mid0.5_omf0.3_model.pt"
  },
  "ppl": {
    "2048": {
      "mean": 18.096648500979178,
      "std": 2.2377739332200415,
      "n_chunks": 5
    },
    "16384": {
      "mean": 24.690030005296627,
      "std": 2.2520163373941777,
      "n_chunks": 5
    }
  }
}