method,qasper,hotpotqa,2wikimqa,multi_news,gov_report,narrativeqa
anchored_sigmoid,0.041989043965903486,0.021784874480079694,0.01753426511106936,0.14482391116054738,0.19513274261335464,0.009076690983999413
pi,0.043863884483868486,0.023371006448237825,0.0095612712459664,0.1229337856520067,0.19254287333710832,0.006845976304111105
sigmoid,0.056026805912735914,0.02651848441933404,0.00882225446338646,0.12711962006815303,0.18529879049091136,0.008238641736516956
yarn,0.05446825092230245,0.027826442904204874,0.009710602875584728,0.11435296402852342,0.1807586324299456,0.006691925013120223
