{
  "config": {
    "length": 131072,
    "d": 128,
    "base": 10000.0,
    "num_bins": 100,
    "sample_count_used": 1000,
    "seed": 20260221,
    "device": "cpu",
    "dtype": "torch.bfloat16"
  },
  "sigmoid_params": {
    "x0": 32.0,
    "k": 0.5523516595087063
  },
  "bin_edges": [
    1.0,
    1.1250584846888094,
    1.26575659397028,
    1.4240501955970717,
    1.6021397551792442,
    1.8025009252216604,
    2.027918959580058,
    2.2815274317368477,
    2.5668517951258085,
    2.887858391044992,
    3.249009585424942,
    3.6553258009176024,
    4.112455306624266,
    4.6267527356211495,
    5.205367421767735,
    5.856342783782503,
    6.588728138140586,
    7.412704495122967,
    8.339726086728971,
    9.382679593855032,
    10.556063286183152,
    11.876188565032397,
    13.361406710853913,
    15.03236398742419,
    16.912288648982088,
    19.027313840043536,
    21.406840876577792,
    24.083947958577074,
    27.09584999560088,
    30.484415937406006,
    34.29675080116139,
    38.58585048610434,
    43.411338478325504,
    48.8402946867379,
    54.948187932016246,
    61.81992505119011,
    69.55103120166771,
    78.24897777229242,
    88.03467636094362,
    99.04415958671298,
    111.43047210190386,
    125.36579809112672,
    141.04385483220625,
    158.68258559219038,
    178.52718929285197,
    200.85352906156828,
    225.97196705040773,
    254.23167883188125,
    286.0255073464884,
    321.7954238775881,
    362.03867196751236,
    407.3146796825184,
    458.2528363151219,
    515.56124162904,
    580.0365492714488,
    652.5750411874621,
    734.1850869841041,
    826.0011614434579,
    929.2996150447733,
    1045.5164167241664,
    1176.2671155169644,
    1323.3692985727928,
    1488.8678577359985,
    1675.0634159263363,
    1884.5443084797448,
    2120.2225640271417,
    2385.374385087398,
    2683.6856911019286,
    3019.3033570121756,
    3396.892859655953,
    3821.703133334763,
    4299.639536120083,
    4837.345941215356,
    5442.297094539316,
    6122.902522408713,
    6888.623433758435,
    7750.104241976087,
    8719.320534657929,
    9809.745548238268,
    11036.537461683729,
    12416.750112853173,
    13969.570066726223,
    15716.583331025153,
    17682.075426888558,
    19893.36898592847,
    22381.20356666404,
    25180.16297022282,
    28329.155995496156,
    31871.9573168058,
    35857.816002911946,
    40342.14013648625,
    45387.267051058814,
    51063.32989263056,
    57449.23255216771,
    64633.746521676825,
    72716.74492143832,
    81810.59085281608,
    92041.69937636542,
    103552.29482855661,
    116502.38790586473,
    131072.00000000003
  ],
  "bin_centers": [
    1.060687741368217,
    1.193335743031722,
    1.3425725027802633,
    1.5104725855628256,
    1.6993699982773005,
    1.9118906351874843,
    2.1509887809147563,
    2.4199881784385853,
    2.7226282329989466,
    3.0631159941887653,
    3.446184638848069,
    3.87715926774026,
    4.362030930661031,
    4.907539909015216,
    5.521269413586517,
    6.211751000008318,
    6.988583167333554,
    7.8625647883620084,
    8.845845226562151,
    9.95209322638775,
    11.196686924761568,
    12.596927625107257,
    14.172280305637774,
    15.944644205245888,
    17.938657248456142,
    20.182038541299992,
    22.70597369920612,
    25.5455483634128,
    28.740235932285906,
    32.33444628757645,
    36.37814314355246,
    40.927538600877725,
    46.04587456034625,
    51.80430185903415,
    58.28286934988662,
    65.5716366740993,
    73.77192619512732,
    82.99773149766465,
    93.37730203137124,
    105.0549259277438,
    118.19293577336256,
    132.97396522210113,
    149.60348781583951,
    168.31267330624914,
    189.3616011838513,
    213.04287608615036,
    239.6856953432301,
    269.660425204438,
    303.3837493610451,
    341.3244613353469,
    384.00998125716944,
    432.03368761856916,
    486.0631659266658,
    546.8494889205,
    615.2376573577475,
    692.1783465104006,
    778.7411216593973,
    876.1293062989853,
    985.696709736194,
    1108.9664466185475,
    1247.6521100033965,
    1403.6815922992168,
    1579.223885217732,
    1776.7192312874358,
    1998.9130460697088,
    2248.8940826358785,
    2530.1373688359513,
    2846.5525142371066,
    3202.5380582547195,
    3603.0426149782966,
    4053.633664676687,
    4560.574948264699,
    5130.91354060443,
    5772.577813061716,
    6494.487647111456,
    7306.6784310894045,
    8220.44056378985,
    9248.476404171832,
    10405.076848957764,
    11706.319992759027,
    13170.294632335797,
    14817.351721960888,
    16670.387275410438,
    18755.16064724887,
    21100.652617889005,
    23739.46826022716,
    26708.290188169256,
    30048.388487730695,
    33806.19441934696,
    38033.94586652577,
    42790.413503329684,
    48141.71777526366,
    54162.24805055446,
    60935.69671909622,
    68556.22261424323,
    77129.75993036917,
    86775.4908316728,
    97627.50222320945,
    109836.64971519739,
    123572.65469187552
  ],
  "variance_standard": [
    133.07941643842753,
    NaN,
    NaN,
    NaN,
    NaN,
    121.101927376737,
    NaN,
    NaN,
    NaN,
    118.83774697436513,
    NaN,
    122.02856004313392,
    NaN,
    126.47014646305003,
    NaN,
    131.628836687041,
    121.33819406181252,
    127.69798443237949,
    120.05805035436043,
    132.2394733754639,
    116.71509181682649,
    122.71888789008878,
    119.5556059855966,
    119.58770088984336,
    124.00103304675218,
    124.92683135523075,
    125.3180344636452,
    122.72488529094564,
    125.24497411226983,
    121.20193876650133,
    124.73161313775908,
    124.23879387415899,
    124.95906181312715,
    124.59205202699913,
    124.0826718867561,
    127.24265054079191,
    127.27270241670402,
    124.99424697283662,
    126.4865772046909,
    122.10367094675448,
    123.59806555337738,
    123.61026204049558,
    125.02118243780481,
    125.17030768753423,
    124.02924238502433,
    123.15852588882026,
    123.3091968912642,
    123.64227662875331,
    125.66488107433885,
    123.28795927305995,
    123.5567223857646,
    124.25499563993827,
    123.30169556627123,
    124.18357858186053,
    123.8993009645139,
    124.28013765113964,
    124.63573528380954,
    124.32212239719473,
    124.2340943708212,
    123.64888478544623,
    123.61128635508305,
    123.66751198167577,
    124.22309900149156,
    124.47135624450613,
    123.82743541600094,
    124.15432703954797,
    124.0461515148904,
    123.79688689982781,
    123.74695819883966,
    124.06474665535302,
    124.09990241546083,
    124.04835347614538,
    124.13257423314793,
    124.19560116292438,
    124.28989873723252,
    124.24173156839221,
    124.14939449076623,
    124.15503990961572,
    124.14762867349582,
    124.03940602226444,
    124.12971658660793,
    124.15683374184823,
    124.08838714726699,
    123.98895233974838,
    123.99239396596136,
    124.0311155311711,
    123.89404561609223,
    123.9976819464533,
    124.03519248539148,
    123.86957195325353,
    123.99328679192604,
    124.03724319045875,
    124.1743610537549,
    124.26622564452427,
    124.10665625013124,
    124.08626020732156,
    124.202914237861,
    124.14969510498493,
    123.63588952464842,
    122.35238296594717
  ],