{
  "timestamp": "2026-02-23 10:52:14",
  "method": "anchored_sigmoid",
  "inferred_head_dim": 128,
  "rope_base": 500000.0,
  "max_seq_len": 16384,
  "template_report": {
    "template_ids_len": 14,
    "start_header_id": 128006,
    "end_header_id": 128007
  },
  "baseline_probe": null,
  "inject_info": {
    "patched_count": 1,
    "patched_modules": [
      {
        "name": "model.rotary_emb",
        "shape": [
          64
        ],
        "dtype": "torch.float32",
        "device": "cpu",
        "min": 4.973390446139092e-07,
        "max": 0.9174509644508362
      }
    ]
  },
  "custom_inv_stats": {
    "shape": [
      64
    ],
    "min": 4.973390706402138e-07,
    "max": 0.9174509623455268,
    "mean": 0.07207376492682349
  }
}