{
  "configs": [
    "geo_10k",
    "geo_50k",
    "geo_100k",
    "geo_500k",
    "geo_1M",
    "geo_2M",
    "ntk_4x",
    "ntk_8x",
    "yarn_4x",
    "yarn_8x",
    "sigmoid",
    "anchored_20"
  ],
  "lengths": [
    4096,
    8192,
    16384,
    32768,
    65536
  ],
  "results": {
    "geo_10k": [
      0.3215909004211426,
      0.2933973968029022,
      0.27466532588005066,
      0.2592870891094208,
      0.24307970702648163
    ],
    "geo_50k": [
      0.4188942015171051,
      0.3895052969455719,
      0.3587571978569031,
      0.33748292922973633,
      0.31724175810813904
    ],
    "geo_100k": [
      0.454080730676651,
      0.4257006347179413,
      0.39885950088500977,
      0.3717646300792694,
      0.34672102332115173
    ],
    "geo_500k": [
      0.5201299786567688,
      0.49625512957572937,
      0.47108593583106995,
      0.4479620158672333,
      0.4214852750301361
    ],
    "geo_1M": [
      0.5404176115989685,
      0.5194997787475586,
      0.4970993101596832,
      0.4736592471599579,
      0.44900476932525635
    ],
    "geo_2M": [
      0.5655081272125244,
      0.5421662926673889,
      0.5204407572746277,
      0.49766552448272705,
      0.4778759777545929
    ],
    "ntk_4x": [
      0.4072777330875397,
      0.3786467909812927,
      0.35037440061569214,
      0.3268676698207855,
      0.30716535449028015
    ],
    "ntk_8x": [
      0.44493749737739563,
      0.4179038405418396,
      0.38834816217422485,
      0.36267465353012085,
      0.3390561640262604
    ],
    "yarn_4x": [
      0.4697127044200897,
      0.4353733956813812,
      0.4007267951965332,
      0.37287572026252747,
      0.3492060899734497
    ],
    "yarn_8x": [
      0.5450837016105652,
      0.5087780356407166,
      0.4748692512512207,
      0.4418146312236786,
      0.41313791275024414
    ],
    "sigmoid": [
      0.3930721580982208,
      0.3611120581626892,
      0.33287182450294495,
      0.31663787364959717,
      0.2982333302497864
    ],
    "anchored_20": [
      0.4070681929588318,
      0.371750146150589,
      0.34760671854019165,
      0.3212369680404663,
      0.3039720058441162
    ]
  }
}