table_id,family,N_prime,j,m_j,nu_j,T_j,D_j,r_j_native,rL_j_deployed_128K,eps_gap_next,lambda_gap_next,rho_gap_next
ramp_N17,ramp,17,0,0.0,1.0,6.283185307179586,32768.0,5215.189175235227,20860.756700940907,0.0,1.0,1.2409377607517196
ramp_N17,ramp,17,1,0.0,0.8058421877614819,7.79704190547954,32768.0,4202.6194545615535,16810.477818246214,0.0,1.0,1.2409377607517196
ramp_N17,ramp,17,2,0.0,0.6493816315762113,9.675643722673103,32768.0,3386.6480555928474,13546.59222237139,0.0,1.0,1.2409377607517196
ramp_N17,ramp,17,3,0.0,0.5232991146814947,12.00687165504539,32768.0,2729.1038782971086,10916.415513188434,0.0,1.0,1.2409377607517196
ramp_N17,ramp,17,4,0.0,0.4216965034285823,14.89978042524532,32768.0,2199.2270399152867,8796.908159661147,0.0,1.0,1.2409377607517196
ramp_N17,ramp,17,5,0.0,0.33982083289425596,18.489700156596232,32768.0,1772.2299292295424,7088.91971691817,0.0,1.0,1.2409377607517196
ramp_N17,ramp,17,6,0.0,0.27384196342643613,22.944567109297246,32768.0,1428.1376433867106,5712.550573546842,0.0,1.0,1.2409377607517196
ramp_N17,ramp,17,7,0.0,0.220673406908459,28.47277973002888,32768.0,1150.8535629712737,4603.414251885095,0.0,1.0,1.2409377607517196
ramp_N17,ramp,17,8,0.0,0.1778279410038923,35.33294752055899,32768.0,927.4063529778675,3709.62541191147,0.0,1.0,1.2409377607517196
ramp_N17,ramp,17,9,0.0,0.14330125702369628,43.84598877692049,32768.0,747.3431644275819,2989.3726577103275,0.0,1.0,1.2409377607517196
ramp_N17,ramp,17,10,0.0,0.11547819846894583,54.41014313077674,32768.0,602.2406506309114,2408.9626025236457,0.0,1.0,1.2409377607517196
ramp_N17,ramp,17,11,0.0,0.0930572040929699,67.51960117888665,32768.0,485.31092346331184,1941.2436938532474,0.0,1.0,1.2409377607517196
ramp_N17,ramp,17,12,0.0,0.07498942093324559,83.78762269377675,32768.0,391.0840163082203,1564.3360652328813,0.0,1.0,1.2409377607517196
ramp_N17,ramp,17,13,0.0,0.060429639023813285,103.9752248843253,32768.0,315.1519993003633,1260.6079972014531,0.0,1.0,1.2409377607517196
ramp_N17,ramp,17,14,0.0,0.04869675251658632,129.0267827416111,32768.0,253.96277659360973,1015.8511063744389,0.0,1.0,1.2409377607517196
ramp_N17,ramp,17,15,0.0,0.039241897584845364,160.11420685237348,32768.0,204.65391950017494,818.6156780006997,0.0,1.0,1.2409377607517196
ramp_N17,ramp,17,16,0.0,0.0316227766016838,198.691765315922,32768.0,164.91876222398315,659.6750488959326,0.0,1.0,1.2409377607517196
ramp_N17,ramp,17,17,0.0,0.025482967479793468,246.56411433094644,32768.0,132.89849615349019,531.5939846139607,0.0,1.0,1.2409377607517196
ramp_N17,ramp,17,18,0.0,0.020535250264571463,305.97071991957563,32768.0,107.09521489053942,428.3808595621577,0.0,1.0,1.2409377607517196
ramp_N17,ramp,17,19,0.0,0.016548170999431816,379.6906200325897,32768.0,86.30184226617831,345.20736906471325,0.0,1.0,1.2409377607517196
ramp_N17,ramp,17,20,0.0,0.013335214321633242,471.17242780167385,32768.0,69.54566537962346,278.18266151849383,0.0,1.0,1.2409377607517196
ramp_N17,ramp,17,21,0.0,0.010746078283213176,584.6956574841605,32768.0,56.0428311388437,224.1713245553748,0.0,1.0,1.2409377607517196
ramp_N17,ramp,17,22,0.0,0.008659643233600654,725.5709199196485,32768.0,45.16167765327311,180.64671061309244,0.0,1.0,1.2409377607517196
ramp_N17,ramp,17,23,0.0,0.006978305848598664,900.3883526316538,32768.0,36.39318512309242,145.5727404923697,0.006535947712418301,1.0091019202888076,1.2522326773334531
ramp_N17,ramp,17,24,0.006535947712418301,0.005572691062062449,1127.495717455793,33066.25172402365,29.327163919201414,116.25055241519273,0.0130718954248366,1.018286685530559,1.2636303993455824
ramp_N17,ramp,17,25,0.0196078431372549,0.004410064101772538,1424.7378637090976,33670.92387097517,23.63306593348886,91.99727426263041,0.0196078431372549,1.0275550497734123,1.27513186251494
ramp_N17,ramp,17,26,0.0392156862745098,0.003458516120109004,1816.7286457469384,34598.72785415667,19.044521555354013,72.14726332787605,0.026143790849673207,1.0369077739288115,1.2867380110852695
ramp_N17,ramp,17,27,0.06535947712418301,0.002687816859620085,2337.653804310051,35875.68988002236,15.346878915037175,56.06989356522163,0.0326797385620915,1.0463456258339565,1.2984497978947467
ramp_N17,ramp,17,28,0.09803921568627451,0.002070019852887652,3035.3261097542713,37538.37117973694,12.367162480204113,43.1821805172068,0.03921568627450982,1.0558693803148398,1.310268184454203
ramp_N17,ramp,17,29,0.13725490196078433,0.0015798443993738018,3977.091231054168,39635.616715577286,9.965981269449397,32.956749640681,0.04575163398692808,1.065479819249858,1.3221941410260658
ramp_N17,ramp,17,30,0.1830065359477124,0.0011948656784606464,5258.486724025965,42230.94973396994,8.031008149363052,24.92580220867223,0.052287581699346414,1.0751777316340034,1.3342286467040134
ramp_N17,ramp,17,31,0.23529411764705882,0.0008955479118308247,7016.023625508184,45405.77673971942,6.471725177013011,18.681807102738514,0.05882352941176472,1.084963913643637,1.346372689493357
ramp_N17,ramp,17,32,0.29411764705882354,0.0006651560290990611,9446.182598224388,49263.629233555206,5.215189175235228,13.875658091199483,0.065359477124183,1.0948391687018542,1.358627266392153
ramp_N17,ramp,17,33,0.35947712418300654,0.000489579478899602,12833.841241266728,53935.75087730195,4.202619454561554,10.21299839509803,0.07189542483660133,1.104804307544443,1.3709933834730552
ramp_N17,ramp,17,34,0.43137254901960786,0.00035709835277204603,17595.111426320305,59588.44989988716,3.3866480555928478,7.449341855484419,0.07843137254901955,1.1148601482864435,1.3834720559659093
ramp_N17,ramp,17,35,0.5098039215686274,0.00025811750315602,24342.344979920614,66432.78809154751,2.7291038782971095,5.384526433592079,0.08496732026143794,1.1250075164893152,1.396064308341104
ramp_N17,ramp,17,36,0.5947712418300654,0.0001848894077542404,33983.479007793416,74737.38594433283,2.199227039915287,3.856932951742266,0.09150326797385622,1.1352472452287103,1.4087711743936742
ramp_N17,ramp,17,37,0.6862745098039216,0.0001312416175989799,47874.94563179191,84845.41150889877,1.7722299292295427,2.737799453770244,0.0980392156862745,1.1455801751628705,1.421593697328175
ramp_N17,ramp,17,38,0.7843137254901961,9.232006152365683e-05,68058.72097008441,97197.22137813008,1.428137643386711,1.9258663420609008,0.10457516339869277,1.156007154601641,1.4345329298443275
ramp_N17,ramp,17,39,0.8888888888888888,6.435548435522852e-05,97632.47639467285,112360.68332051796,1.150853562971273,1.3425041015056312,0.11111111111111116,1.1665290395761168,1.4475899342234404
ramp_N17,ramp,17,40,1.0,4.445698525097308e-05,141331.79008223594,131072.0,0.9274063529778678,0.9274063529778678,0.0,1.0,1.2409377607517196
ramp_N17,ramp,17,41,1.0,3.582531425592411e-05,175383.95510768177,131072.0,0.7473431644275826,0.7473431644275826,0.0,1.0,1.2409377607517196
ramp_N17,ramp,17,42,1.0,2.8869549617236462e-05,217640.57252310694,131072.0,0.6022406506309115,0.6022406506309115,0.0,1.0,1.2409377607517196
ramp_N17,ramp,17,43,1.0,2.326430102324246e-05,270078.40471554676,131072.0,0.48531092346331156,0.48531092346331156,0.0,1.0,1.2409377607517196
ramp_N17,ramp,17,44,1.0,1.8747355233311403e-05,335150.49077510694,131072.0,0.39108401630822043,0.39108401630822043,0.0,1.0,1.2409377607517196
ramp_N17,ramp,17,45,1.0,1.510740975595334e-05,415900.8995373007,131072.0,0.31515199930036364,0.31515199930036364,0.0,1.0,1.2409377607517196
ramp_N17,ramp,17,46,1.0,1.2174188129146581e-05,516107.1309664443,131072.0,0.2539627765936098,0.2539627765936098,0.0,1.0,1.2409377607517196
ramp_N17,ramp,17,47,1.0,9.810474396211334e-06,640456.8274094944,131072.0,0.20465391950017478,0.20465391950017478,0.0,1.0,1.2409377607517196
ramp_N17,ramp,17,48,1.0,7.90569415042095e-06,794767.0612636878,131072.0,0.16491876222398316,0.16491876222398316,0.0,1.0,1.2409377607517196
ramp_N17,ramp,17,49,1.0,6.3707418699483745e-06,986256.4573237845,131072.0,0.13289849615349036,0.13289849615349036,0.0,1.0,1.2409377607517196
ramp_N17,ramp,17,50,1.0,5.133812566142867e-06,1223882.8796783022,131072.0,0.10709521489053944,0.10709521489053944,0.0,1.0,1.2409377607517196
ramp_N17,ramp,17,51,1.0,4.1370427498579515e-06,1518762.4801303598,131072.0,0.08630184226617825,0.08630184226617825,0.0,1.0,1.2409377607517196
ramp_N17,ramp,17,52,1.0,3.3338035804083114e-06,1884689.711206695,131072.0,0.06954566537962346,0.06954566537962346,0.0,1.0,1.2409377607517196
ramp_N17,ramp,17,53,1.0,2.6865195708032973e-06,2338782.6299366388,131072.0,0.05604283113884377,0.05604283113884377,0.0,1.0,1.2409377607517196
ramp_N17,ramp,17,54,1.0,2.1649108084001642e-06,2902283.679678593,131072.0,0.04516167765327312,0.04516167765327312,0.0,1.0,1.2409377607517196
ramp_N17,ramp,17,55,1.0,1.744576462149665e-06,3601553.4105266174,131072.0,0.036393185123092406,0.036393185123092406,0.0,1.0,1.2409377607517196
ramp_N17,ramp,17,56,1.0,1.4058533129758732e-06,4469303.624486615,131072.0,0.02932716391920142,0.02932716391920142,0.0,1.0,1.2409377607517196
ramp_N17,ramp,17,57,1.0,1.132895909400206e-06,5546127.631889959,131072.0,0.02363306593348889,0.02363306593348889,0.0,1.0,1.2409377607517196
ramp_N17,ramp,17,58,1.0,9.129353181370947e-07,6882399.204360769,131072.0,0.019044521555354015,0.019044521555354015,0.0,1.0,1.2409377607517196
ramp_N17,ramp,17,59,1.0,7.356817940523201e-07,8540629.057258878,131072.0,0.015346878915037164,0.015346878915037164,0.0,1.0,1.2409377607517196
ramp_N17,ramp,17,60,1.0,5.928434264154141e-07,10598389.09772589,131072.0,0.012367162480204117,0.012367162480204117,0.0,1.0,1.2409377607517196
ramp_N17,ramp,17,61,1.0,4.777382437426107e-07,13151941.234507393,131072.0,0.009965981269449408,0.009965981269449408,0.0,1.0,1.2409377607517196
ramp_N17,ramp,17,62,1.0,3.849816315148732e-07,16320740.505087825,131072.0,0.008031008149363054,0.008031008149363054,0.0,1.0,1.2409377607517196
ramp_N17,ramp,17,63,1.0,3.102344401879298e-07,20253023.17619359,131072.0,0.006471725177013007,0.006471725177013007,,,
ramp_N16,ramp,16,0,0.0,1.0,6.283185307179586,32768.0,5215.189175235227,20860.756700940907,0.0,1.0,1.2409377607517196
ramp_N16,ramp,16,1,0.0,0.8058421877614819,7.79704190547954,32768.0,4202.6194545615535,16810.477818246214,0.0,1.0,1.2409377607517196
ramp_N16,ramp,16,2,0.0,0.6493816315762113,9.675643722673103,32768.0,3386.6480555928474,13546.59222237139,0.0,1.0,1.2409377607517196
ramp_N16,ramp,16,3,0.0,0.5232991146814947,12.00687165504539,32768.0,2729.1038782971086,10916.415513188434,0.0,1.0,1.2409377607517196
ramp_N16,ramp,16,4,0.0,0.4216965034285823,14.89978042524532,32768.0,2199.2270399152867,8796.908159661147,0.0,1.0,1.2409377607517196
ramp_N16,ramp,16,5,0.0,0.33982083289425596,18.489700156596232,32768.0,1772.2299292295424,7088.91971691817,0.0,1.0,1.2409377607517196
ramp_N16,ramp,16,6,0.0,0.27384196342643613,22.944567109297246,32768.0,1428.1376433867106,5712.550573546842,0.0,1.0,1.2409377607517196
ramp_N16,ramp,16,7,0.0,0.220673406908459,28.47277973002888,32768.0,1150.8535629712737,4603.414251885095,0.0,1.0,1.2409377607517196
ramp_N16,ramp,16,8,0.0,0.1778279410038923,35.33294752055899,32768.0,927.4063529778675,3709.62541191147,0.0,1.0,1.2409377607517196
ramp_N16,ramp,16,9,0.0,0.14330125702369628,43.84598877692049,32768.0,747.3431644275819,2989.3726577103275,0.0,1.0,1.2409377607517196
ramp_N16,ramp,16,10,0.0,0.11547819846894583,54.41014313077674,32768.0,602.2406506309114,2408.9626025236457,0.0,1.0,1.2409377607517196
ramp_N16,ramp,16,11,0.0,0.0930572040929699,67.51960117888665,32768.0,485.31092346331184,1941.2436938532474,0.0,1.0,1.2409377607517196
ramp_N16,ramp,16,12,0.0,0.07498942093324559,83.78762269377675,32768.0,391.0840163082203,1564.3360652328813,0.0,1.0,1.2409377607517196
ramp_N16,ramp,16,13,0.0,0.060429639023813285,103.9752248843253,32768.0,315.1519993003633,1260.6079972014531,0.0,1.0,1.2409377607517196
ramp_N16,ramp,16,14,0.0,0.04869675251658632,129.0267827416111,32768.0,253.96277659360973,1015.8511063744389,0.0,1.0,1.2409377607517196
ramp_N16,ramp,16,15,0.0,0.039241897584845364,160.11420685237348,32768.0,204.65391950017494,818.6156780006997,0.0,1.0,1.2409377607517196
ramp_N16,ramp,16,16,0.0,0.0316227766016838,198.691765315922,32768.0,164.91876222398315,659.6750488959326,0.0,1.0,1.2409377607517196
ramp_N16,ramp,16,17,0.0,0.025482967479793468,246.56411433094644,32768.0,132.89849615349019,531.5939846139607,0.0,1.0,1.2409377607517196
ramp_N16,ramp,16,18,0.0,0.020535250264571463,305.97071991957563,32768.0,107.09521489053942,428.3808595621577,0.0,1.0,1.2409377607517196
ramp_N16,ramp,16,19,0.0,0.016548170999431816,379.6906200325897,32768.0,86.30184226617831,345.20736906471325,0.0,1.0,1.2409377607517196
ramp_N16,ramp,16,20,0.0,0.013335214321633242,471.17242780167385,32768.0,69.54566537962346,278.18266151849383,0.0,1.0,1.2409377607517196
ramp_N16,ramp,16,21,0.0,0.010746078283213176,584.6956574841605,32768.0,56.0428311388437,224.1713245553748,0.0,1.0,1.2409377607517196
ramp_N16,ramp,16,22,0.0,0.008659643233600654,725.5709199196485,32768.0,45.16167765327311,180.64671061309244,0.0,1.0,1.2409377607517196
ramp_N16,ramp,16,23,0.0,0.006978305848598664,900.3883526316538,32768.0,36.39318512309242,145.5727404923697,0.007352941176470588,1.010245469962418,1.2536517513047314
ramp_N16,ramp,16,24,0.007352941176470588,0.005566383041650944,1128.7734351310548,33103.72355972851,29.327163919201414,116.11896233612376,0.014705882352941178,1.0205959095795867,1.2664960026660568
ramp_N16,ramp,16,25,0.022058823529411766,0.004395105100950454,1429.5870435091142,33785.524856912314,23.63306593348886,91.68521818599173,0.022058823529411766,1.031052394314951,1.2794718494188944
ramp_N16,ramp,16,26,0.04411764705882353,0.003435093240188603,1829.1163784638954,34834.64629690673,19.044521555354013,71.65864432862121,0.029411764705882353,1.0416160106505838,1.2925806398198747
ramp_N16,ramp,16,27,0.07352941176470588,0.0026575465656574386,2364.2804187798747,36284.32530820812,15.346878915037175,55.43843232760091,0.036764705882352935,1.052287856200078,1.3058237359391522
ramp_N16,ramp,16,28,0.11029411764705882,0.002035149532449051,3087.333489258919,38181.55489224055,12.367162480204113,42.45475924645329,0.04411764705882354,1.063069039822593,1.3192025138019292
ramp_N16,ramp,16,29,0.15441176470588236,0.0015427119878537597,4072.818099975247,40589.62889822779,9.965981269449397,32.18213943824218,0.0514705882352941,1.0739606817380718,1.332718363531433
ramp_N16,ramp,16,30,0.20588235294117646,0.00115756789286364,5427.919473160213,43591.66552303606,8.031008149363052,24.147742177849224,0.05882352941176472,1.084963913643637,1.346372689493357
ramp_N16,ramp,16,31,0.2647058823529412,0.0008597678056729116,7308.002539432081,47295.384028117616,6.471725177013011,17.93540701344445,0.06617647058823528,1.0960798788311803,1.360166910441781
ramp_N16,ramp,16,32,0.33088235294117646,0.0006321046329480695,9940.103235560024,51839.518794813295,5.215189175235228,13.186180957467233,0.0735294117647059,1.107309732306156,1.3741024596665874
ramp_N16,ramp,16,33,0.40441176470588236,0.0004600127366786343,13658.72030532283,57402.40367956465,4.202619454561554,9.596213779186986,0.08088235294117646,1.1186546409075917,1.3881807851423857
ramp_N16,ramp,16,34,0.4852941176470588,0.0003313781184713998,18960.773077483293,64213.46527539602,3.3866480555928478,6.912798305447443,0.08823529411764702,1.1301157834293298,1.4024033496789678
ramp_N16,ramp,16,35,0.5735294117647058,0.0002362930169464138,26590.65167636536,72568.65061641623,2.7291038782971095,4.929251136650445,0.09558823529411764,1.1416943507425095,1.416771631073298
ramp_N16,ramp,16,36,0.6691176470588235,0.00016678271343378484,37672.88094682607,82851.21844976934,2.199227039915287,3.479213606864934,0.10294117647058831,1.1533915459193043,1.4312871222630656
ramp_N16,ramp,16,37,0.7720588235294118,0.00011652638442668162,53920.70935774177,95559.89492907743,1.7722299292295427,2.4308285547653146,0.11029411764705876,1.165208584357927,1.445951331481807
ramp_N16,ramp,16,38,0.8823529411764706,8.058804047523904e-05,77966.72149027023,111347.20989170256,1.428137643386711,1.6811275053595398,0.11764705882352944,1.1771466939089177,1.4607657824156222
ramp_N16,ramp,16,39,1.0,5.516835172711471e-05,113891.1189201156,131072.0,1.150853562971273,1.150853562971273,0.0,1.0,1.2409377607517196
ramp_N16,ramp,16,40,1.0,4.445698525097308e-05,141331.79008223594,131072.0,0.9274063529778678,0.9274063529778678,0.0,1.0,1.2409377607517196
ramp_N16,ramp,16,41,1.0,3.582531425592411e-05,175383.95510768177,131072.0,0.7473431644275826,0.7473431644275826,0.0,1.0,1.2409377607517196
ramp_N16,ramp,16,42,1.0,2.8869549617236462e-05,217640.57252310694,131072.0,0.6022406506309115,0.6022406506309115,0.0,1.0,1.2409377607517196
ramp_N16,ramp,16,43,1.0,2.326430102324246e-05,270078.40471554676,131072.0,0.48531092346331156,0.48531092346331156,0.0,1.0,1.2409377607517196
ramp_N16,ramp,16,44,1.0,1.8747355233311403e-05,335150.49077510694,131072.0,0.39108401630822043,0.39108401630822043,0.0,1.0,1.2409377607517196
ramp_N16,ramp,16,45,1.0,1.510740975595334e-05,415900.8995373007,131072.0,0.31515199930036364,0.31515199930036364,0.0,1.0,1.2409377607517196
ramp_N16,ramp,16,46,1.0,1.2174188129146581e-05,516107.1309664443,131072.0,0.2539627765936098,0.2539627765936098,0.0,1.0,1.2409377607517196
ramp_N16,ramp,16,47,1.0,9.810474396211334e-06,640456.8274094944,131072.0,0.20465391950017478,0.20465391950017478,0.0,1.0,1.2409377607517196
ramp_N16,ramp,16,48,1.0,7.90569415042095e-06,794767.0612636878,131072.0,0.16491876222398316,0.16491876222398316,0.0,1.0,1.2409377607517196
ramp_N16,ramp,16,49,1.0,6.3707418699483745e-06,986256.4573237845,131072.0,0.13289849615349036,0.13289849615349036,0.0,1.0,1.2409377607517196
ramp_N16,ramp,16,50,1.0,5.133812566142867e-06,1223882.8796783022,131072.0,0.10709521489053944,0.10709521489053944,0.0,1.0,1.2409377607517196
ramp_N16,ramp,16,51,1.0,4.1370427498579515e-06,1518762.4801303598,131072.0,0.08630184226617825,0.08630184226617825,0.0,1.0,1.2409377607517196
ramp_N16,ramp,16,52,1.0,3.3338035804083114e-06,1884689.711206695,131072.0,0.06954566537962346,0.06954566537962346,0.0,1.0,1.2409377607517196
ramp_N16,ramp,16,53,1.0,2.6865195708032973e-06,2338782.6299366388,131072.0,0.05604283113884377,0.05604283113884377,0.0,1.0,1.2409377607517196
ramp_N16,ramp,16,54,1.0,2.1649108084001642e-06,2902283.679678593,131072.0,0.04516167765327312,0.04516167765327312,0.0,1.0,1.2409377607517196
ramp_N16,ramp,16,55,1.0,1.744576462149665e-06,3601553.4105266174,131072.0,0.036393185123092406,0.036393185123092406,0.0,1.0,1.2409377607517196
ramp_N16,ramp,16,56,1.0,1.4058533129758732e-06,4469303.624486615,131072.0,0.02932716391920142,0.02932716391920142,0.0,1.0,1.2409377607517196
ramp_N16,ramp,16,57,1.0,1.132895909400206e-06,5546127.631889959,131072.0,0.02363306593348889,0.02363306593348889,0.0,1.0,1.2409377607517196
ramp_N16,ramp,16,58,1.0,9.129353181370947e-07,6882399.204360769,131072.0,0.019044521555354015,0.019044521555354015,0.0,1.0,1.2409377607517196
ramp_N16,ramp,16,59,1.0,7.356817940523201e-07,8540629.057258878,131072.0,0.015346878915037164,0.015346878915037164,0.0,1.0,1.2409377607517196
ramp_N16,ramp,16,60,1.0,5.928434264154141e-07,10598389.09772589,131072.0,0.012367162480204117,0.012367162480204117,0.0,1.0,1.2409377607517196
ramp_N16,ramp,16,61,1.0,4.777382437426107e-07,13151941.234507393,131072.0,0.009965981269449408,0.009965981269449408,0.0,1.0,1.2409377607517196
ramp_N16,ramp,16,62,1.0,3.849816315148732e-07,16320740.505087825,131072.0,0.008031008149363054,0.008031008149363054,0.0,1.0,1.2409377607517196
ramp_N16,ramp,16,63,1.0,3.102344401879298e-07,20253023.17619359,131072.0,0.006471725177013007,0.006471725177013007,,,
ramp_N15,ramp,15,0,0.0,1.0,6.283185307179586,32768.0,5215.189175235227,20860.756700940907,0.0,1.0,1.2409377607517196
ramp_N15,ramp,15,1,0.0,0.8058421877614819,7.79704190547954,32768.0,4202.6194545615535,16810.477818246214,0.0,1.0,1.2409377607517196
ramp_N15,ramp,15,2,0.0,0.6493816315762113,9.675643722673103,32768.0,3386.6480555928474,13546.59222237139,0.0,1.0,1.2409377607517196
ramp_N15,ramp,15,3,0.0,0.5232991146814947,12.00687165504539,32768.0,2729.1038782971086,10916.415513188434,0.0,1.0,1.2409377607517196
ramp_N15,ramp,15,4,0.0,0.4216965034285823,14.89978042524532,32768.0,2199.2270399152867,8796.908159661147,0.0,1.0,1.2409377607517196
ramp_N15,ramp,15,5,0.0,0.33982083289425596,18.489700156596232,32768.0,1772.2299292295424,7088.91971691817,0.0,1.0,1.2409377607517196
ramp_N15,ramp,15,6,0.0,0.27384196342643613,22.944567109297246,32768.0,1428.1376433867106,5712.550573546842,0.0,1.0,1.2409377607517196
ramp_N15,ramp,15,7,0.0,0.220673406908459,28.47277973002888,32768.0,1150.8535629712737,4603.414251885095,0.0,1.0,1.2409377607517196
ramp_N15,ramp,15,8,0.0,0.1778279410038923,35.33294752055899,32768.0,927.4063529778675,3709.62541191147,0.0,1.0,1.2409377607517196
ramp_N15,ramp,15,9,0.0,0.14330125702369628,43.84598877692049,32768.0,747.3431644275819,2989.3726577103275,0.0,1.0,1.2409377607517196
ramp_N15,ramp,15,10,0.0,0.11547819846894583,54.41014313077674,32768.0,602.2406506309114,2408.9626025236457,0.0,1.0,1.2409377607517196
ramp_N15,ramp,15,11,0.0,0.0930572040929699,67.51960117888665,32768.0,485.31092346331184,1941.2436938532474,0.0,1.0,1.2409377607517196
ramp_N15,ramp,15,12,0.0,0.07498942093324559,83.78762269377675,32768.0,391.0840163082203,1564.3360652328813,0.0,1.0,1.2409377607517196
ramp_N15,ramp,15,13,0.0,0.060429639023813285,103.9752248843253,32768.0,315.1519993003633,1260.6079972014531,0.0,1.0,1.2409377607517196
ramp_N15,ramp,15,14,0.0,0.04869675251658632,129.0267827416111,32768.0,253.96277659360973,1015.8511063744389,0.0,1.0,1.2409377607517196
ramp_N15,ramp,15,15,0.0,0.039241897584845364,160.11420685237348,32768.0,204.65391950017494,818.6156780006997,0.0,1.0,1.2409377607517196
ramp_N15,ramp,15,16,0.0,0.0316227766016838,198.691765315922,32768.0,164.91876222398315,659.6750488959326,0.0,1.0,1.2409377607517196
ramp_N15,ramp,15,17,0.0,0.025482967479793468,246.56411433094644,32768.0,132.89849615349019,531.5939846139607,0.0,1.0,1.2409377607517196
ramp_N15,ramp,15,18,0.0,0.020535250264571463,305.97071991957563,32768.0,107.09521489053942,428.3808595621577,0.0,1.0,1.2409377607517196
ramp_N15,ramp,15,19,0.0,0.016548170999431816,379.6906200325897,32768.0,86.30184226617831,345.20736906471325,0.0,1.0,1.2409377607517196
ramp_N15,ramp,15,20,0.0,0.013335214321633242,471.17242780167385,32768.0,69.54566537962346,278.18266151849383,0.0,1.0,1.2409377607517196
ramp_N15,ramp,15,21,0.0,0.010746078283213176,584.6956574841605,32768.0,56.0428311388437,224.1713245553748,0.0,1.0,1.2409377607517196
ramp_N15,ramp,15,22,0.0,0.008659643233600654,725.5709199196485,32768.0,45.16167765327311,180.64671061309244,0.0,1.0,1.2409377607517196
ramp_N15,ramp,15,23,0.0,0.006978305848598664,900.3883526316538,32768.0,36.39318512309242,145.5727404923697,0.008333333333333333,1.0116194403019225,1.2553567629811755
ramp_N15,ramp,15,24,0.008333333333333333,0.005558822841744874,1130.308607785626,33148.7458198134,29.327163919201414,115.96125084527276,0.01666666666666667,1.023373891996775,1.2699433059462502
ramp_N15,ramp,15,25,0.025,0.004377221263120033,1435.4278501107808,33923.56102443426,23.63306593348886,91.31214779613225,0.025,1.0352649238413776,1.2846993363765187
ramp_N15,ramp,15,26,0.05,0.003407195083844241,1844.093206453693,35119.87282038925,19.044521555354013,71.07666767671667,0.033333333333333326,1.0472941228206267,1.299626823621465
ramp_N15,ramp,15,27,0.08333333333333333,0.00262167186912159,2396.6329963653357,36780.836399001535,15.346878915037175,54.69005901144648,0.04166666666666667,1.0594630943592953,1.3147277599133118
ramp_N15,ramp,15,28,0.125,0.0019940796483178037,3150.9199306457253,38967.93874440916,12.367162480204113,41.59801038585551,0.04999999999999999,1.0717734625362931,1.3300041606329047
ramp_N15,ramp,15,29,0.175,0.0014993033159902956,4190.736617579958,41764.802635997585,9.965981269449397,31.27660169578748,0.05833333333333335,1.0842268703014184,1.3454580645786873
ramp_N15,ramp,15,30,0.23333333333333334,0.001114344144542166,5638.460378648165,45282.521250784084,8.031008149363052,23.24606208041225,0.06666666666666665,1.096824979694626,1.3610915342387992
ramp_N15,ramp,15,31,0.3,0.0008187135960443477,7674.460687518913,49667.00045141272,6.471725177013011,17.07898513483355,0.07500000000000001,1.109569472067845,1.3769066560663392
ramp_N15,ramp,15,32,0.375,0.0005946035575013607,10567.016002364244,55108.98747006743,5.215189175235228,12.403880146549811,0.08333333333333331,1.122462048309373,1.392905540757822
ramp_N15,ramp,15,33,0.4583333333333333,0.000426880028905522,14718.855138969722,61857.74695590746,4.202619454561554,8.905040423488716,0.09166666666666673,1.1355044290708776,1.4090903235348746
ramp_N15,ramp,15,34,0.55,0.00030294724317930273,20740.196349833797,70239.7456407785,3.3866480555928478,6.319708733184213,0.09999999999999998,1.1486983549970349,1.4254631644292044
ramp_N15,ramp,15,35,0.65,0.00021252547995557033,29564.38591971712,80684.28027297244,2.7291038782971095,4.433442330103846,0.10833333333333328,1.1620455869578394,1.4420262485708788
ramp_N15,ramp,15,36,0.7583333333333333,0.0001473797582853945,42632.62051911139,93758.81182807709,2.199227039915287,3.0744532802350943,0.1166666666666667,1.1755479062836087,1.4587817864799537
ramp_N15,ramp,15,37,0.875,0.00010102933807599999,62191.69032319126,110217.97494013487,1.7722299292295427,2.107548441260541,0.125,1.189207115002721,1.4757320143614894
ramp_N15,ramp,15,38,1.0,6.846049085660905e-05,91778.26843718896,131072.0,1.428137643386711,1.428137643386711,0.0,1.0,1.2409377607517196
ramp_N15,ramp,15,39,1.0,5.516835172711471e-05,113891.1189201156,131072.0,1.150853562971273,1.150853562971273,0.0,1.0,1.2409377607517196
ramp_N15,ramp,15,40,1.0,4.445698525097308e-05,141331.79008223594,131072.0,0.9274063529778678,0.9274063529778678,0.0,1.0,1.2409377607517196
ramp_N15,ramp,15,41,1.0,3.582531425592411e-05,175383.95510768177,131072.0,0.7473431644275826,0.7473431644275826,0.0,1.0,1.2409377607517196
ramp_N15,ramp,15,42,1.0,2.8869549617236462e-05,217640.57252310694,131072.0,0.6022406506309115,0.6022406506309115,0.0,1.0,1.2409377607517196
ramp_N15,ramp,15,43,1.0,2.326430102324246e-05,270078.40471554676,131072.0,0.48531092346331156,0.48531092346331156,0.0,1.0,1.2409377607517196
ramp_N15,ramp,15,44,1.0,1.8747355233311403e-05,335150.49077510694,131072.0,0.39108401630822043,0.39108401630822043,0.0,1.0,1.2409377607517196
ramp_N15,ramp,15,45,1.0,1.510740975595334e-05,415900.8995373007,131072.0,0.31515199930036364,0.31515199930036364,0.0,1.0,1.2409377607517196
ramp_N15,ramp,15,46,1.0,1.2174188129146581e-05,516107.1309664443,131072.0,0.2539627765936098,0.2539627765936098,0.0,1.0,1.2409377607517196
ramp_N15,ramp,15,47,1.0,9.810474396211334e-06,640456.8274094944,131072.0,0.20465391950017478,0.20465391950017478,0.0,1.0,1.2409377607517196
ramp_N15,ramp,15,48,1.0,7.90569415042095e-06,794767.0612636878,131072.0,0.16491876222398316,0.16491876222398316,0.0,1.0,1.2409377607517196
ramp_N15,ramp,15,49,1.0,6.3707418699483745e-06,986256.4573237845,131072.0,0.13289849615349036,0.13289849615349036,0.0,1.0,1.2409377607517196
ramp_N15,ramp,15,50,1.0,5.133812566142867e-06,1223882.8796783022,131072.0,0.10709521489053944,0.10709521489053944,0.0,1.0,1.2409377607517196
ramp_N15,ramp,15,51,1.0,4.1370427498579515e-06,1518762.4801303598,131072.0,0.08630184226617825,0.08630184226617825,0.0,1.0,1.2409377607517196
ramp_N15,ramp,15,52,1.0,3.3338035804083114e-06,1884689.711206695,131072.0,0.06954566537962346,0.06954566537962346,0.0,1.0,1.2409377607517196
ramp_N15,ramp,15,53,1.0,2.6865195708032973e-06,2338782.6299366388,131072.0,0.05604283113884377,0.05604283113884377,0.0,1.0,1.2409377607517196
ramp_N15,ramp,15,54,1.0,2.1649108084001642e-06,2902283.679678593,131072.0,0.04516167765327312,0.04516167765327312,0.0,1.0,1.2409377607517196
ramp_N15,ramp,15,55,1.0,1.744576462149665e-06,3601553.4105266174,131072.0,0.036393185123092406,0.036393185123092406,0.0,1.0,1.2409377607517196
ramp_N15,ramp,15,56,1.0,1.4058533129758732e-06,4469303.624486615,131072.0,0.02932716391920142,0.02932716391920142,0.0,1.0,1.2409377607517196
ramp_N15,ramp,15,57,1.0,1.132895909400206e-06,5546127.631889959,131072.0,0.02363306593348889,0.02363306593348889,0.0,1.0,1.2409377607517196
ramp_N15,ramp,15,58,1.0,9.129353181370947e-07,6882399.204360769,131072.0,0.019044521555354015,0.019044521555354015,0.0,1.0,1.2409377607517196
ramp_N15,ramp,15,59,1.0,7.356817940523201e-07,8540629.057258878,131072.0,0.015346878915037164,0.015346878915037164,0.0,1.0,1.2409377607517196
ramp_N15,ramp,15,60,1.0,5.928434264154141e-07,10598389.09772589,131072.0,0.012367162480204117,0.012367162480204117,0.0,1.0,1.2409377607517196
ramp_N15,ramp,15,61,1.0,4.777382437426107e-07,13151941.234507393,131072.0,0.009965981269449408,0.009965981269449408,0.0,1.0,1.2409377607517196
ramp_N15,ramp,15,62,1.0,3.849816315148732e-07,16320740.505087825,131072.0,0.008031008149363054,0.008031008149363054,0.0,1.0,1.2409377607517196
ramp_N15,ramp,15,63,1.0,3.102344401879298e-07,20253023.17619359,131072.0,0.006471725177013007,0.006471725177013007,,,
ramp_N14,ramp,14,0,0.0,1.0,6.283185307179586,32768.0,5215.189175235227,20860.756700940907,0.0,1.0,1.2409377607517196
ramp_N14,ramp,14,1,0.0,0.8058421877614819,7.79704190547954,32768.0,4202.6194545615535,16810.477818246214,0.0,1.0,1.2409377607517196
ramp_N14,ramp,14,2,0.0,0.6493816315762113,9.675643722673103,32768.0,3386.6480555928474,13546.59222237139,0.0,1.0,1.2409377607517196
ramp_N14,ramp,14,3,0.0,0.5232991146814947,12.00687165504539,32768.0,2729.1038782971086,10916.415513188434,0.0,1.0,1.2409377607517196
ramp_N14,ramp,14,4,0.0,0.4216965034285823,14.89978042524532,32768.0,2199.2270399152867,8796.908159661147,0.0,1.0,1.2409377607517196
ramp_N14,ramp,14,5,0.0,0.33982083289425596,18.489700156596232,32768.0,1772.2299292295424,7088.91971691817,0.0,1.0,1.2409377607517196
ramp_N14,ramp,14,6,0.0,0.27384196342643613,22.944567109297246,32768.0,1428.1376433867106,5712.550573546842,0.0,1.0,1.2409377607517196
ramp_N14,ramp,14,7,0.0,0.220673406908459,28.47277973002888,32768.0,1150.8535629712737,4603.414251885095,0.0,1.0,1.2409377607517196
ramp_N14,ramp,14,8,0.0,0.1778279410038923,35.33294752055899,32768.0,927.4063529778675,3709.62541191147,0.0,1.0,1.2409377607517196
ramp_N14,ramp,14,9,0.0,0.14330125702369628,43.84598877692049,32768.0,747.3431644275819,2989.3726577103275,0.0,1.0,1.2409377607517196
ramp_N14,ramp,14,10,0.0,0.11547819846894583,54.41014313077674,32768.0,602.2406506309114,2408.9626025236457,0.0,1.0,1.2409377607517196
ramp_N14,ramp,14,11,0.0,0.0930572040929699,67.51960117888665,32768.0,485.31092346331184,1941.2436938532474,0.0,1.0,1.2409377607517196
ramp_N14,ramp,14,12,0.0,0.07498942093324559,83.78762269377675,32768.0,391.0840163082203,1564.3360652328813,0.0,1.0,1.2409377607517196
ramp_N14,ramp,14,13,0.0,0.060429639023813285,103.9752248843253,32768.0,315.1519993003633,1260.6079972014531,0.0,1.0,1.2409377607517196
ramp_N14,ramp,14,14,0.0,0.04869675251658632,129.0267827416111,32768.0,253.96277659360973,1015.8511063744389,0.0,1.0,1.2409377607517196
ramp_N14,ramp,14,15,0.0,0.039241897584845364,160.11420685237348,32768.0,204.65391950017494,818.6156780006997,0.0,1.0,1.2409377607517196
ramp_N14,ramp,14,16,0.0,0.0316227766016838,198.691765315922,32768.0,164.91876222398315,659.6750488959326,0.0,1.0,1.2409377607517196
ramp_N14,ramp,14,17,0.0,0.025482967479793468,246.56411433094644,32768.0,132.89849615349019,531.5939846139607,0.0,1.0,1.2409377607517196
ramp_N14,ramp,14,18,0.0,0.020535250264571463,305.97071991957563,32768.0,107.09521489053942,428.3808595621577,0.0,1.0,1.2409377607517196
ramp_N14,ramp,14,19,0.0,0.016548170999431816,379.6906200325897,32768.0,86.30184226617831,345.20736906471325,0.0,1.0,1.2409377607517196
ramp_N14,ramp,14,20,0.0,0.013335214321633242,471.17242780167385,32768.0,69.54566537962346,278.18266151849383,0.0,1.0,1.2409377607517196
ramp_N14,ramp,14,21,0.0,0.010746078283213176,584.6956574841605,32768.0,56.0428311388437,224.1713245553748,0.0,1.0,1.2409377607517196
ramp_N14,ramp,14,22,0.0,0.008659643233600654,725.5709199196485,32768.0,45.16167765327311,180.64671061309244,0.0,1.0,1.2409377607517196
ramp_N14,ramp,14,23,0.0,0.006978305848598664,900.3883526316538,32768.0,36.39318512309242,145.5727404923697,0.009523809523809525,1.01329034529026,1.257430252075832
ramp_N14,ramp,14,24,0.009523809523809525,0.005549656402077579,1132.1755532157636,33203.49803447124,29.327163919201414,115.77003197755946,0.019047619047619046,1.0267573238584542,1.2741419343043383
ramp_N14,ramp,14,25,0.02857142857142857,0.004355602976922351,1442.5523493464173,34091.934784613135,23.63306593348886,90.8611739874711,0.02857142857142857,1.0404032832218364,1.2910757205600427
ramp_N14,ramp,14,26,0.05714285714285714,0.003373623179152481,1862.4443138780077,35469.360881296234,19.044521555354013,70.37633234095469,0.03809523809523809,1.0542306020969747,1.308234562682157
ramp_N14,ramp,14,27,0.09523809523809523,0.0025787601668586413,2436.5140224860656,37392.885677883816,15.346878915037175,53.79488843091589,0.047619047619047616,1.0682416908144021,1.3256214517408549
ramp_N14,ramp,14,28,0.14285714285714285,0.0019453216930611062,3229.8952556749286,39944.63942097225,12.367162480204113,40.58088254401018,0.05714285714285716,1.082438991738777,1.343239418558667
ramp_N14,ramp,14,29,0.2,0.0014482315409925137,4338.522625238187,43237.6352202062,9.965981269449397,30.211205823273556,0.06666666666666665,1.096824979694626,1.3610915342387992
ramp_N14,ramp,14,30,0.26666666666666666,0.0010640221502828226,5905.126416315189,47424.11837244631,8.031008149363052,22.196307201461945,0.0761904761904762,1.11140216239775,1.3791809107004829
ramp_N14,ramp,14,31,0.34285714285714286,0.0007714884552327573,8144.23762865506,52707.26770894369,6.471725177013011,16.09383296219529,0.08571428571428569,1.1261730808923576,1.3975107012214274
ramp_N14,ramp,14,32,0.42857142857142855,0.0005520447568369064,11381.659239335664,59357.50606119938,5.215189175235228,11.516071360404789,0.09523809523809529,1.141140309994013,1.4160841009874936
ramp_N14,ramp,14,33,0.5238095238095238,0.00038983896256722524,16117.386691680647,67735.24286714857,4.202619454561554,8.132335750662095,0.10476190476190472,1.1563064587384675,1.4349043476496646
ramp_N14,ramp,14,34,0.6285714285714286,0.0002716828917591414,23126.90823664341,78322.6988115026,3.3866480555928478,5.667510704795512,0.11428571428571432,1.1716741708364597,1.453974721888424
ramp_N14,ramp,14,35,0.7428571428571429,0.00018685530612683513,33625.93997151269,91768.68318764109,2.7291038782971095,3.8979430793917405,0.12380952380952381,1.1872461251345552,1.4732985479856309
ramp_N14,ramp,14,36,0.8666666666666667,0.00012682786281321818,49541.048534681635,108952.01352322748,2.199227039915287,2.645725189046855,0.1333333333333333,1.2030250360821166,1.4928791944039985
ramp_N14,ramp,14,37,1.0,8.4955208223564e-05,73958.80062638491,131072.0,1.7722299292295427,1.7722299292295427,0.0,1.0,1.2409377607517196
ramp_N14,ramp,14,38,1.0,6.846049085660905e-05,91778.26843718896,131072.0,1.428137643386711,1.428137643386711,0.0,1.0,1.2409377607517196
ramp_N14,ramp,14,39,1.0,5.516835172711471e-05,113891.1189201156,131072.0,1.150853562971273,1.150853562971273,0.0,1.0,1.2409377607517196
ramp_N14,ramp,14,40,1.0,4.445698525097308e-05,141331.79008223594,131072.0,0.9274063529778678,0.9274063529778678,0.0,1.0,1.2409377607517196
ramp_N14,ramp,14,41,1.0,3.582531425592411e-05,175383.95510768177,131072.0,0.7473431644275826,0.7473431644275826,0.0,1.0,1.2409377607517196
ramp_N14,ramp,14,42,1.0,2.8869549617236462e-05,217640.57252310694,131072.0,0.6022406506309115,0.6022406506309115,0.0,1.0,1.2409377607517196
ramp_N14,ramp,14,43,1.0,2.326430102324246e-05,270078.40471554676,131072.0,0.48531092346331156,0.48531092346331156,0.0,1.0,1.2409377607517196
ramp_N14,ramp,14,44,1.0,1.8747355233311403e-05,335150.49077510694,131072.0,0.39108401630822043,0.39108401630822043,0.0,1.0,1.2409377607517196
ramp_N14,ramp,14,45,1.0,1.510740975595334e-05,415900.8995373007,131072.0,0.31515199930036364,0.31515199930036364,0.0,1.0,1.2409377607517196
ramp_N14,ramp,14,46,1.0,1.2174188129146581e-05,516107.1309664443,131072.0,0.2539627765936098,0.2539627765936098,0.0,1.0,1.2409377607517196
ramp_N14,ramp,14,47,1.0,9.810474396211334e-06,640456.8274094944,131072.0,0.20465391950017478,0.20465391950017478,0.0,1.0,1.2409377607517196
ramp_N14,ramp,14,48,1.0,7.90569415042095e-06,794767.0612636878,131072.0,0.16491876222398316,0.16491876222398316,0.0,1.0,1.2409377607517196
ramp_N14,ramp,14,49,1.0,6.3707418699483745e-06,986256.4573237845,131072.0,0.13289849615349036,0.13289849615349036,0.0,1.0,1.2409377607517196
ramp_N14,ramp,14,50,1.0,5.133812566142867e-06,1223882.8796783022,131072.0,0.10709521489053944,0.10709521489053944,0.0,1.0,1.2409377607517196
ramp_N14,ramp,14,51,1.0,4.1370427498579515e-06,1518762.4801303598,131072.0,0.08630184226617825,0.08630184226617825,0.0,1.0,1.2409377607517196
ramp_N14,ramp,14,52,1.0,3.3338035804083114e-06,1884689.711206695,131072.0,0.06954566537962346,0.06954566537962346,0.0,1.0,1.2409377607517196
ramp_N14,ramp,14,53,1.0,2.6865195708032973e-06,2338782.6299366388,131072.0,0.05604283113884377,0.05604283113884377,0.0,1.0,1.2409377607517196
ramp_N14,ramp,14,54,1.0,2.1649108084001642e-06,2902283.679678593,131072.0,0.04516167765327312,0.04516167765327312,0.0,1.0,1.2409377607517196
ramp_N14,ramp,14,55,1.0,1.744576462149665e-06,3601553.4105266174,131072.0,0.036393185123092406,0.036393185123092406,0.0,1.0,1.2409377607517196
ramp_N14,ramp,14,56,1.0,1.4058533129758732e-06,4469303.624486615,131072.0,0.02932716391920142,0.02932716391920142,0.0,1.0,1.2409377607517196
ramp_N14,ramp,14,57,1.0,1.132895909400206e-06,5546127.631889959,131072.0,0.02363306593348889,0.02363306593348889,0.0,1.0,1.2409377607517196
ramp_N14,ramp,14,58,1.0,9.129353181370947e-07,6882399.204360769,131072.0,0.019044521555354015,0.019044521555354015,0.0,1.0,1.2409377607517196
ramp_N14,ramp,14,59,1.0,7.356817940523201e-07,8540629.057258878,131072.0,0.015346878915037164,0.015346878915037164,0.0,1.0,1.2409377607517196
ramp_N14,ramp,14,60,1.0,5.928434264154141e-07,10598389.09772589,131072.0,0.012367162480204117,0.012367162480204117,0.0,1.0,1.2409377607517196
ramp_N14,ramp,14,61,1.0,4.777382437426107e-07,13151941.234507393,131072.0,0.009965981269449408,0.009965981269449408,0.0,1.0,1.2409377607517196
ramp_N14,ramp,14,62,1.0,3.849816315148732e-07,16320740.505087825,131072.0,0.008031008149363054,0.008031008149363054,0.0,1.0,1.2409377607517196
ramp_N14,ramp,14,63,1.0,3.102344401879298e-07,20253023.17619359,131072.0,0.006471725177013007,0.006471725177013007,,,
ramp_N13,ramp,13,0,0.0,1.0,6.283185307179586,32768.0,5215.189175235227,20860.756700940907,0.0,1.0,1.2409377607517196
ramp_N13,ramp,13,1,0.0,0.8058421877614819,7.79704190547954,32768.0,4202.6194545615535,16810.477818246214,0.0,1.0,1.2409377607517196
ramp_N13,ramp,13,2,0.0,0.6493816315762113,9.675643722673103,32768.0,3386.6480555928474,13546.59222237139,0.0,1.0,1.2409377607517196
ramp_N13,ramp,13,3,0.0,0.5232991146814947,12.00687165504539,32768.0,2729.1038782971086,10916.415513188434,0.0,1.0,1.2409377607517196
ramp_N13,ramp,13,4,0.0,0.4216965034285823,14.89978042524532,32768.0,2199.2270399152867,8796.908159661147,0.0,1.0,1.2409377607517196
ramp_N13,ramp,13,5,0.0,0.33982083289425596,18.489700156596232,32768.0,1772.2299292295424,7088.91971691817,0.0,1.0,1.2409377607517196
ramp_N13,ramp,13,6,0.0,0.27384196342643613,22.944567109297246,32768.0,1428.1376433867106,5712.550573546842,0.0,1.0,1.2409377607517196
ramp_N13,ramp,13,7,0.0,0.220673406908459,28.47277973002888,32768.0,1150.8535629712737,4603.414251885095,0.0,1.0,1.2409377607517196
ramp_N13,ramp,13,8,0.0,0.1778279410038923,35.33294752055899,32768.0,927.4063529778675,3709.62541191147,0.0,1.0,1.2409377607517196
ramp_N13,ramp,13,9,0.0,0.14330125702369628,43.84598877692049,32768.0,747.3431644275819,2989.3726577103275,0.0,1.0,1.2409377607517196
ramp_N13,ramp,13,10,0.0,0.11547819846894583,54.41014313077674,32768.0,602.2406506309114,2408.9626025236457,0.0,1.0,1.2409377607517196
ramp_N13,ramp,13,11,0.0,0.0930572040929699,67.51960117888665,32768.0,485.31092346331184,1941.2436938532474,0.0,1.0,1.2409377607517196
ramp_N13,ramp,13,12,0.0,0.07498942093324559,83.78762269377675,32768.0,391.0840163082203,1564.3360652328813,0.0,1.0,1.2409377607517196
ramp_N13,ramp,13,13,0.0,0.060429639023813285,103.9752248843253,32768.0,315.1519993003633,1260.6079972014531,0.0,1.0,1.2409377607517196
ramp_N13,ramp,13,14,0.0,0.04869675251658632,129.0267827416111,32768.0,253.96277659360973,1015.8511063744389,0.0,1.0,1.2409377607517196
ramp_N13,ramp,13,15,0.0,0.039241897584845364,160.11420685237348,32768.0,204.65391950017494,818.6156780006997,0.0,1.0,1.2409377607517196
ramp_N13,ramp,13,16,0.0,0.0316227766016838,198.691765315922,32768.0,164.91876222398315,659.6750488959326,0.0,1.0,1.2409377607517196
ramp_N13,ramp,13,17,0.0,0.025482967479793468,246.56411433094644,32768.0,132.89849615349019,531.5939846139607,0.0,1.0,1.2409377607517196
ramp_N13,ramp,13,18,0.0,0.020535250264571463,305.97071991957563,32768.0,107.09521489053942,428.3808595621577,0.0,1.0,1.2409377607517196
ramp_N13,ramp,13,19,0.0,0.016548170999431816,379.6906200325897,32768.0,86.30184226617831,345.20736906471325,0.0,1.0,1.2409377607517196
ramp_N13,ramp,13,20,0.0,0.013335214321633242,471.17242780167385,32768.0,69.54566537962346,278.18266151849383,0.0,1.0,1.2409377607517196
ramp_N13,ramp,13,21,0.0,0.010746078283213176,584.6956574841605,32768.0,56.0428311388437,224.1713245553748,0.0,1.0,1.2409377607517196
ramp_N13,ramp,13,22,0.0,0.008659643233600654,725.5709199196485,32768.0,45.16167765327311,180.64671061309244,0.0,1.0,1.2409377607517196
ramp_N13,ramp,13,23,0.0,0.006978305848598664,900.3883526316538,32768.0,36.39318512309242,145.5727404923697,0.01098901098901099,1.0153506328960396,1.2599869407638526
ramp_N13,ramp,13,24,0.01098901098901099,0.005538395377628396,1134.4775659317622,33271.009538737424,29.327163919201414,115.53511848632171,0.021978021978021976,1.030936907722388,1.2793285377453223
ramp_N13,ramp,13,25,0.03296703296703297,0.004329142369785025,1451.3695255283542,34300.31169066804,23.63306593348886,90.30918569982015,0.03296703296703297,1.0467624417318127,1.298967040481678
ramp_N13,ramp,13,26,0.06593406593406594,0.003332757671957334,1885.2811772208634,35904.278017485914,19.044521555354013,69.52384693789617,0.04395604395604395,1.0628309077041997,1.3189070066641673
ramp_N13,ramp,13,27,0.10989010989010989,0.002526908762420392,2486.5105541686657,38160.1763957885,15.346878915037175,52.713228898327486,0.054945054945054944,1.0791460347989315,1.3391530639474833
ramp_N13,ramp,13,28,0.16483516483516483,0.001886945436223479,3329.818227152723,41180.40304474293,12.367162480204113,39.3631096530088,0.06593406593406595,1.0957116094203465,1.3597099110237476
ramp_N13,ramp,13,29,0.23076923076923078,0.0013877558889033672,4527.586845367081,45121.84569673382,9.965981269449397,28.949637958711122,0.07692307692307693,1.1125314760964868,1.3805823187129795
ramp_N13,ramp,13,30,0.3076923076923077,0.0010051960466921485,6250.706345151271,50199.47359718519,8.031008149363052,20.969150166792545,0.08791208791208788,1.129609538371333,1.4017751310703055
ramp_N13,ramp,13,31,0.3956043956043956,0.0007170879440018637,8762.084706256415,56705.804196600286,6.471725177013011,14.958997133000816,0.09890109890109894,1.146949759710736,1.4232932665101636
ramp_N13,ramp,13,32,0.4945054945054945,0.0005038230425695216,12471.016163006441,65038.70849749476,5.215189175235228,10.510129911370583,0.10989010989010983,1.1645561644222564,1.4451417189477662
ramp_N13,ramp,13,33,0.6043956043956044,0.0003486322731976517,18022.385734832504,75741.2289068197,4.202619454561554,7.272733029272174,0.1208791208791209,1.1824328385891223,1.467325558958085
ramp_N13,ramp,13,34,0.7252747252747253,0.00023759708339382275,26444.70722212132,89558.91629451931,3.3866480555928478,4.956454949531703,0.13186813186813184,1.200583931018526,1.4898499349526266
ramp_N13,ramp,13,35,0.8571428571428571,0.00015947719150746399,39398.6453347187,107522.99578263311,2.7291038782971095,3.3268148913865656,0.1428571428571429,1.2190136542044756,1.512720074374273
ramp_N13,ramp,13,36,1.0,0.00010542412585714559,59599.12170098127,131072.0,2.199227039915287,2.199227039915287,0.0,1.0,1.2409377607517196
ramp_N13,ramp,13,37,1.0,8.4955208223564e-05,73958.80062638491,131072.0,1.7722299292295427,1.7722299292295427,0.0,1.0,1.2409377607517196
ramp_N13,ramp,13,38,1.0,6.846049085660905e-05,91778.26843718896,131072.0,1.428137643386711,1.428137643386711,0.0,1.0,1.2409377607517196
ramp_N13,ramp,13,39,1.0,5.516835172711471e-05,113891.1189201156,131072.0,1.150853562971273,1.150853562971273,0.0,1.0,1.2409377607517196
ramp_N13,ramp,13,40,1.0,4.445698525097308e-05,141331.79008223594,131072.0,0.9274063529778678,0.9274063529778678,0.0,1.0,1.2409377607517196
ramp_N13,ramp,13,41,1.0,3.582531425592411e-05,175383.95510768177,131072.0,0.7473431644275826,0.7473431644275826,0.0,1.0,1.2409377607517196
ramp_N13,ramp,13,42,1.0,2.8869549617236462e-05,217640.57252310694,131072.0,0.6022406506309115,0.6022406506309115,0.0,1.0,1.2409377607517196
ramp_N13,ramp,13,43,1.0,2.326430102324246e-05,270078.40471554676,131072.0,0.48531092346331156,0.48531092346331156,0.0,1.0,1.2409377607517196
ramp_N13,ramp,13,44,1.0,1.8747355233311403e-05,335150.49077510694,131072.0,0.39108401630822043,0.39108401630822043,0.0,1.0,1.2409377607517196
ramp_N13,ramp,13,45,1.0,1.510740975595334e-05,415900.8995373007,131072.0,0.31515199930036364,0.31515199930036364,0.0,1.0,1.2409377607517196
ramp_N13,ramp,13,46,1.0,1.2174188129146581e-05,516107.1309664443,131072.0,0.2539627765936098,0.2539627765936098,0.0,1.0,1.2409377607517196
ramp_N13,ramp,13,47,1.0,9.810474396211334e-06,640456.8274094944,131072.0,0.20465391950017478,0.20465391950017478,0.0,1.0,1.2409377607517196
ramp_N13,ramp,13,48,1.0,7.90569415042095e-06,794767.0612636878,131072.0,0.16491876222398316,0.16491876222398316,0.0,1.0,1.2409377607517196
ramp_N13,ramp,13,49,1.0,6.3707418699483745e-06,986256.4573237845,131072.0,0.13289849615349036,0.13289849615349036,0.0,1.0,1.2409377607517196
ramp_N13,ramp,13,50,1.0,5.133812566142867e-06,1223882.8796783022,131072.0,0.10709521489053944,0.10709521489053944,0.0,1.0,1.2409377607517196
ramp_N13,ramp,13,51,1.0,4.1370427498579515e-06,1518762.4801303598,131072.0,0.08630184226617825,0.08630184226617825,0.0,1.0,1.2409377607517196
ramp_N13,ramp,13,52,1.0,3.3338035804083114e-06,1884689.711206695,131072.0,0.06954566537962346,0.06954566537962346,0.0,1.0,1.2409377607517196
ramp_N13,ramp,13,53,1.0,2.6865195708032973e-06,2338782.6299366388,131072.0,0.05604283113884377,0.05604283113884377,0.0,1.0,1.2409377607517196
ramp_N13,ramp,13,54,1.0,2.1649108084001642e-06,2902283.679678593,131072.0,0.04516167765327312,0.04516167765327312,0.0,1.0,1.2409377607517196
ramp_N13,ramp,13,55,1.0,1.744576462149665e-06,3601553.4105266174,131072.0,0.036393185123092406,0.036393185123092406,0.0,1.0,1.2409377607517196
ramp_N13,ramp,13,56,1.0,1.4058533129758732e-06,4469303.624486615,131072.0,0.02932716391920142,0.02932716391920142,0.0,1.0,1.2409377607517196
ramp_N13,ramp,13,57,1.0,1.132895909400206e-06,5546127.631889959,131072.0,0.02363306593348889,0.02363306593348889,0.0,1.0,1.2409377607517196
ramp_N13,ramp,13,58,1.0,9.129353181370947e-07,6882399.204360769,131072.0,0.019044521555354015,0.019044521555354015,0.0,1.0,1.2409377607517196
ramp_N13,ramp,13,59,1.0,7.356817940523201e-07,8540629.057258878,131072.0,0.015346878915037164,0.015346878915037164,0.0,1.0,1.2409377607517196
ramp_N13,ramp,13,60,1.0,5.928434264154141e-07,10598389.09772589,131072.0,0.012367162480204117,0.012367162480204117,0.0,1.0,1.2409377607517196
ramp_N13,ramp,13,61,1.0,4.777382437426107e-07,13151941.234507393,131072.0,0.009965981269449408,0.009965981269449408,0.0,1.0,1.2409377607517196
ramp_N13,ramp,13,62,1.0,3.849816315148732e-07,16320740.505087825,131072.0,0.008031008149363054,0.008031008149363054,0.0,1.0,1.2409377607517196
ramp_N13,ramp,13,63,1.0,3.102344401879298e-07,20253023.17619359,131072.0,0.006471725177013007,0.006471725177013007,,,
stack_0446,composite,,0,0.0,1.0,6.283185307179586,32768.0,5215.189175235227,20860.756700940907,0.0,1.0,1.2409377607517196
stack_0446,composite,,1,0.0,0.8058421877614819,7.79704190547954,32768.0,4202.6194545615535,16810.477818246214,0.0,1.0,1.2409377607517196
stack_0446,composite,,2,0.0,0.6493816315762113,9.675643722673103,32768.0,3386.6480555928474,13546.59222237139,0.0,1.0,1.2409377607517196
stack_0446,composite,,3,0.0,0.5232991146814947,12.00687165504539,32768.0,2729.1038782971086,10916.415513188434,0.0,1.0,1.2409377607517196
stack_0446,composite,,4,0.0,0.4216965034285823,14.89978042524532,32768.0,2199.2270399152867,8796.908159661147,0.0,1.0,1.2409377607517196
stack_0446,composite,,5,0.0,0.33982083289425596,18.489700156596232,32768.0,1772.2299292295424,7088.91971691817,0.0,1.0,1.2409377607517196
stack_0446,composite,,6,0.0,0.27384196342643613,22.944567109297246,32768.0,1428.1376433867106,5712.550573546842,0.0,1.0,1.2409377607517196
stack_0446,composite,,7,0.0,0.220673406908459,28.47277973002888,32768.0,1150.8535629712737,4603.414251885095,0.0,1.0,1.2409377607517196
stack_0446,composite,,8,0.0,0.1778279410038923,35.33294752055899,32768.0,927.4063529778675,3709.62541191147,0.0,1.0,1.2409377607517196
stack_0446,composite,,9,0.0,0.14330125702369628,43.84598877692049,32768.0,747.3431644275819,2989.3726577103275,0.0,1.0,1.2409377607517196
stack_0446,composite,,10,0.0,0.11547819846894583,54.41014313077674,32768.0,602.2406506309114,2408.9626025236457,0.0,1.0,1.2409377607517196
stack_0446,composite,,11,0.0,0.0930572040929699,67.51960117888665,32768.0,485.31092346331184,1941.2436938532474,0.0,1.0,1.2409377607517196
stack_0446,composite,,12,0.0,0.07498942093324559,83.78762269377675,32768.0,391.0840163082203,1564.3360652328813,0.0,1.0,1.2409377607517196
stack_0446,composite,,13,0.0,0.060429639023813285,103.9752248843253,32768.0,315.1519993003633,1260.6079972014531,0.0,1.0,1.2409377607517196
stack_0446,composite,,14,0.0,0.04869675251658632,129.0267827416111,32768.0,253.96277659360973,1015.8511063744389,0.0,1.0,1.2409377607517196
stack_0446,composite,,15,0.0,0.039241897584845364,160.11420685237348,32768.0,204.65391950017494,818.6156780006997,0.0,1.0,1.2409377607517196
stack_0446,composite,,16,0.0,0.0316227766016838,198.691765315922,32768.0,164.91876222398315,659.6750488959326,0.0,1.0,1.2409377607517196
stack_0446,composite,,17,0.0,0.025482967479793468,246.56411433094644,32768.0,132.89849615349019,531.5939846139607,0.0,1.0,1.2409377607517196
stack_0446,composite,,18,0.0,0.020535250264571463,305.97071991957563,32768.0,107.09521489053942,428.3808595621577,0.0,1.0,1.2409377607517196
stack_0446,composite,,19,0.0,0.016548170999431816,379.6906200325897,32768.0,86.30184226617831,345.20736906471325,0.0,1.0,1.2409377607517196
stack_0446,composite,,20,0.0,0.013335214321633242,471.17242780167385,32768.0,69.54566537962346,278.18266151849383,0.0,1.0,1.2409377607517196
stack_0446,composite,,21,0.0,0.010746078283213176,584.6956574841605,32768.0,56.0428311388437,224.1713245553748,0.0,1.0,1.2409377607517196
stack_0446,composite,,22,0.0,0.008659643233600654,725.5709199196485,32768.0,45.16167765327311,180.64671061309244,0.0,1.0,1.2409377607517196
stack_0446,composite,,23,0.0,0.006978305848598664,900.3883526316538,32768.0,36.39318512309242,145.5727404923697,0.006535943298074508,1.0091019141135278,1.2522326696703152
stack_0446,composite,,24,0.006535943298074508,0.005572691096164977,1127.495710555993,33066.25152167208,29.327163919201414,116.25055312659727,0.013071882891528167,1.0182866678379758,1.2636303773901878
stack_0446,composite,,25,0.019607826189602676,0.004410064205384502,1424.7378302356874,33670.92307989586,23.63306593348886,91.99727642405438,0.019607872445599736,1.0275550915229679,1.27513191432354
stack_0446,composite,,26,0.03921569863520241,0.0034585160608453995,1816.7286768775984,34598.7284470252,19.044521555354013,72.14726209159241,0.0261437488299993,1.0369077135272382,1.2867379361306766
stack_0446,composite,,27,0.06535944746520171,0.0026878169701325763,2337.653708194896,35875.68840495471,15.346878915037175,56.06989587059582,0.0,1.0,1.2409377607517196
stack_0446,composite,,28,0.06535944746520171,0.002165956307514073,2900.8827580603274,35875.68840495471,12.367162480204113,45.18348755591942,0.07189546390531164,1.1048043673814554,1.3709934577270633
stack_0446,composite,,29,0.13725491137051335,0.001579844378765278,3977.0912829339486,39635.6172326102,9.965981269449397,32.9567492107716,0.04575161889793383,1.0654797969623777,1.3221941133686899
stack_0446,composite,,30,0.18300653026844718,0.0011948656878679833,5258.486682625197,42230.94940148004,8.031008149363052,24.925802404916396,0.05228759353905105,1.0751777492812353,1.33422866860313
stack_0446,composite,,31,0.23529412380749823,0.0008955479041826821,7016.023685426307,45405.777127493035,6.471725177013011,18.68180694319247,0.0588235301722255,1.0849639147874306,1.3463726909127336
stack_0446,composite,,32,0.2941176539797237,0.000665156022717285,9446.18268885489,49263.62970621041,5.215189175235228,13.875657958070803,0.06535945186797132,1.0948391303687506,1.3586272188231574
stack_0446,composite,,33,0.35947710584769504,0.0004895794913438014,12833.84091505437,53935.749506355554,4.202619454561554,10.212998654693447,0.07189541634723423,1.1048042945422643,1.3709933673381607
stack_0446,composite,,34,0.4313725221949293,0.00035709836605142726,17595.110772012657,59588.447683977436,3.3866480555928478,7.44934213250236,0.07843136251467675,1.1148601327781227,1.3834720367210482
stack_0446,composite,,35,0.509803884709606,0.00025811751634516745,24342.343736088802,66432.7846970013,2.7291038782971095,5.384526708727676,0.11536507663712592,1.1734286755505992,1.4561519530396165
stack_0446,composite,,36,0.6251689613467319,0.000177260014524147,35446.15137286739,77954.13456014034,2.199227039915287,3.6977780357934815,0.10430751511794956,1.1555783100774837,1.434000760480809
stack_0446,composite,,37,0.7294764764646815,0.00012361221793544456,50829.8080248097,90082.10707855974,1.7722299292295427,2.5786444036149927,0.11705786889671355,1.1761856040264342,1.459573129688972
stack_0446,composite,,38,0.846534345361395,8.469066429154239e-05,74189.82198026111,105953.27752616971,1.428137643386711,1.7667113426269296,0.1333798741642508,1.20310265690905,1.4929755170191608
stack_0446,composite,,39,0.9799142195256458,5.672609049921572e-05,110763.58782853995,127472.66969995672,1.150853562971273,1.1833491724996945,0.020085780474354165,1.0282360941252373,1.2759769961678664
stack_0446,composite,,40,1.0,4.445698525097308e-05,141331.79008223594,131072.0,0.9274063529778678,0.9274063529778678,0.0,1.0,1.2409377607517196
stack_0446,composite,,41,1.0,3.582531425592411e-05,175383.95510768177,131072.0,0.7473431644275826,0.7473431644275826,0.0,1.0,1.2409377607517196
stack_0446,composite,,42,1.0,2.8869549617236462e-05,217640.57252310694,131072.0,0.6022406506309115,0.6022406506309115,0.0,1.0,1.2409377607517196
stack_0446,composite,,43,1.0,2.326430102324246e-05,270078.40471554676,131072.0,0.48531092346331156,0.48531092346331156,0.0,1.0,1.2409377607517196
stack_0446,composite,,44,1.0,1.8747355233311403e-05,335150.49077510694,131072.0,0.39108401630822043,0.39108401630822043,0.0,1.0,1.2409377607517196
stack_0446,composite,,45,1.0,1.510740975595334e-05,415900.8995373007,131072.0,0.31515199930036364,0.31515199930036364,0.0,1.0,1.2409377607517196
stack_0446,composite,,46,1.0,1.2174188129146581e-05,516107.1309664443,131072.0,0.2539627765936098,0.2539627765936098,0.0,1.0,1.2409377607517196
stack_0446,composite,,47,1.0,9.810474396211334e-06,640456.8274094944,131072.0,0.20465391950017478,0.20465391950017478,0.0,1.0,1.2409377607517196
stack_0446,composite,,48,1.0,7.90569415042095e-06,794767.0612636878,131072.0,0.16491876222398316,0.16491876222398316,0.0,1.0,1.2409377607517196
stack_0446,composite,,49,1.0,6.3707418699483745e-06,986256.4573237845,131072.0,0.13289849615349036,0.13289849615349036,0.0,1.0,1.2409377607517196
stack_0446,composite,,50,1.0,5.133812566142867e-06,1223882.8796783022,131072.0,0.10709521489053944,0.10709521489053944,0.0,1.0,1.2409377607517196
stack_0446,composite,,51,1.0,4.1370427498579515e-06,1518762.4801303598,131072.0,0.08630184226617825,0.08630184226617825,0.0,1.0,1.2409377607517196
stack_0446,composite,,52,1.0,3.3338035804083114e-06,1884689.711206695,131072.0,0.06954566537962346,0.06954566537962346,0.0,1.0,1.2409377607517196
stack_0446,composite,,53,1.0,2.6865195708032973e-06,2338782.6299366388,131072.0,0.05604283113884377,0.05604283113884377,0.0,1.0,1.2409377607517196
stack_0446,composite,,54,1.0,2.1649108084001642e-06,2902283.679678593,131072.0,0.04516167765327312,0.04516167765327312,0.0,1.0,1.2409377607517196
stack_0446,composite,,55,1.0,1.744576462149665e-06,3601553.4105266174,131072.0,0.036393185123092406,0.036393185123092406,0.0,1.0,1.2409377607517196
stack_0446,composite,,56,1.0,1.4058533129758732e-06,4469303.624486615,131072.0,0.02932716391920142,0.02932716391920142,0.0,1.0,1.2409377607517196
stack_0446,composite,,57,1.0,1.132895909400206e-06,5546127.631889959,131072.0,0.02363306593348889,0.02363306593348889,0.0,1.0,1.2409377607517196
stack_0446,composite,,58,1.0,9.129353181370947e-07,6882399.204360769,131072.0,0.019044521555354015,0.019044521555354015,0.0,1.0,1.2409377607517196
stack_0446,composite,,59,1.0,7.356817940523201e-07,8540629.057258878,131072.0,0.015346878915037164,0.015346878915037164,0.0,1.0,1.2409377607517196
stack_0446,composite,,60,1.0,5.928434264154141e-07,10598389.09772589,131072.0,0.012367162480204117,0.012367162480204117,0.0,1.0,1.2409377607517196
stack_0446,composite,,61,1.0,4.777382437426107e-07,13151941.234507393,131072.0,0.009965981269449408,0.009965981269449408,0.0,1.0,1.2409377607517196
stack_0446,composite,,62,1.0,3.849816315148732e-07,16320740.505087825,131072.0,0.008031008149363054,0.008031008149363054,0.0,1.0,1.2409377607517196
stack_0446,composite,,63,1.0,3.102344401879298e-07,20253023.17619359,131072.0,0.006471725177013007,0.006471725177013007,,,
ramp16_notch,ramp+notch,16,0,0.0,1.0,6.283185307179586,32768.0,5215.189175235227,20860.756700940907,0.0,1.0,1.2409377607517196
ramp16_notch,ramp+notch,16,1,0.0,0.8058421877614819,7.79704190547954,32768.0,4202.6194545615535,16810.477818246214,0.0,1.0,1.2409377607517196
ramp16_notch,ramp+notch,16,2,0.0,0.6493816315762113,9.675643722673103,32768.0,3386.6480555928474,13546.59222237139,0.0,1.0,1.2409377607517196
ramp16_notch,ramp+notch,16,3,0.0,0.5232991146814947,12.00687165504539,32768.0,2729.1038782971086,10916.415513188434,0.0,1.0,1.2409377607517196
ramp16_notch,ramp+notch,16,4,0.0,0.4216965034285823,14.89978042524532,32768.0,2199.2270399152867,8796.908159661147,0.0,1.0,1.2409377607517196
ramp16_notch,ramp+notch,16,5,0.0,0.33982083289425596,18.489700156596232,32768.0,1772.2299292295424,7088.91971691817,0.0,1.0,1.2409377607517196
ramp16_notch,ramp+notch,16,6,0.0,0.27384196342643613,22.944567109297246,32768.0,1428.1376433867106,5712.550573546842,0.0,1.0,1.2409377607517196
ramp16_notch,ramp+notch,16,7,0.0,0.220673406908459,28.47277973002888,32768.0,1150.8535629712737,4603.414251885095,0.0,1.0,1.2409377607517196
ramp16_notch,ramp+notch,16,8,0.0,0.1778279410038923,35.33294752055899,32768.0,927.4063529778675,3709.62541191147,0.0,1.0,1.2409377607517196
ramp16_notch,ramp+notch,16,9,0.0,0.14330125702369628,43.84598877692049,32768.0,747.3431644275819,2989.3726577103275,0.0,1.0,1.2409377607517196
ramp16_notch,ramp+notch,16,10,0.0,0.11547819846894583,54.41014313077674,32768.0,602.2406506309114,2408.9626025236457,0.0,1.0,1.2409377607517196
ramp16_notch,ramp+notch,16,11,0.0,0.0930572040929699,67.51960117888665,32768.0,485.31092346331184,1941.2436938532474,0.0,1.0,1.2409377607517196
ramp16_notch,ramp+notch,16,12,0.0,0.07498942093324559,83.78762269377675,32768.0,391.0840163082203,1564.3360652328813,0.0,1.0,1.2409377607517196
ramp16_notch,ramp+notch,16,13,0.0,0.060429639023813285,103.9752248843253,32768.0,315.1519993003633,1260.6079972014531,0.0,1.0,1.2409377607517196
ramp16_notch,ramp+notch,16,14,0.0,0.04869675251658632,129.0267827416111,32768.0,253.96277659360973,1015.8511063744389,0.0,1.0,1.2409377607517196
ramp16_notch,ramp+notch,16,15,0.0,0.039241897584845364,160.11420685237348,32768.0,204.65391950017494,818.6156780006997,0.0,1.0,1.2409377607517196
ramp16_notch,ramp+notch,16,16,0.0,0.0316227766016838,198.691765315922,32768.0,164.91876222398315,659.6750488959326,0.0,1.0,1.2409377607517196
ramp16_notch,ramp+notch,16,17,0.0,0.025482967479793468,246.56411433094644,32768.0,132.89849615349019,531.5939846139607,0.0,1.0,1.2409377607517196
ramp16_notch,ramp+notch,16,18,0.0,0.020535250264571463,305.97071991957563,32768.0,107.09521489053942,428.3808595621577,0.0,1.0,1.2409377607517196
ramp16_notch,ramp+notch,16,19,0.0,0.016548170999431816,379.6906200325897,32768.0,86.30184226617831,345.20736906471325,0.0,1.0,1.2409377607517196
ramp16_notch,ramp+notch,16,20,0.0,0.013335214321633242,471.17242780167385,32768.0,69.54566537962346,278.18266151849383,0.0,1.0,1.2409377607517196
ramp16_notch,ramp+notch,16,21,0.0,0.010746078283213176,584.6956574841605,32768.0,56.0428311388437,224.1713245553748,0.0,1.0,1.2409377607517196
ramp16_notch,ramp+notch,16,22,0.0,0.008659643233600654,725.5709199196485,32768.0,45.16167765327311,180.64671061309244,0.0,1.0,1.2409377607517196
ramp16_notch,ramp+notch,16,23,0.0,0.006978305848598664,900.3883526316538,32768.0,36.39318512309242,145.5727404923697,0.007352941176470588,1.010245469962418,1.2536517513047314
ramp16_notch,ramp+notch,16,24,0.007352941176470588,0.005566383041650944,1128.7734351310548,33103.72355972851,29.327163919201414,116.11896233612376,0.014705882352941178,1.0205959095795867,1.2664960026660568
ramp16_notch,ramp+notch,16,25,0.022058823529411766,0.004395105100950454,1429.5870435091142,33785.524856912314,23.63306593348886,91.68521818599173,0.022058823529411766,1.031052394314951,1.2794718494188944
ramp16_notch,ramp+notch,16,26,0.04411764705882353,0.003435093240188603,1829.1163784638954,34834.64629690673,19.044521555354013,71.65864432862121,0.029411764705882353,1.0416160106505838,1.2925806398198747
ramp16_notch,ramp+notch,16,27,0.07352941176470588,0.0026575465656574386,2364.2804187798747,36284.32530820812,15.346878915037175,55.43843232760091,0.004084967320261437,1.0056790320706748,1.24798508609274
ramp16_notch,ramp+notch,16,28,0.07761437908496732,0.002129469811196086,2950.5867019783814,36490.38515529623,12.367162480204113,44.42235163336012,0.07679738562091504,1.1123376397778744,1.3803417799058082
ramp16_notch,ramp+notch,16,29,0.15441176470588236,0.0015427119878537597,4072.818099975247,40589.62889822779,9.965981269449397,32.18213943824218,0.0514705882352941,1.0739606817380718,1.332718363531433
ramp16_notch,ramp+notch,16,30,0.20588235294117646,0.00115756789286364,5427.919473160213,43591.66552303606,8.031008149363052,24.147742177849224,0.05882352941176472,1.084963913643637,1.346372689493357
ramp16_notch,ramp+notch,16,31,0.2647058823529412,0.0008597678056729116,7308.002539432081,47295.384028117616,6.471725177013011,17.93540701344445,0.06617647058823528,1.0960798788311803,1.360166910441781
ramp16_notch,ramp+notch,16,32,0.33088235294117646,0.0006321046329480695,9940.103235560024,51839.518794813295,5.215189175235228,13.186180957467233,0.0735294117647059,1.107309732306156,1.3741024596665874
ramp16_notch,ramp+notch,16,33,0.40441176470588236,0.0004600127366786343,13658.72030532283,57402.40367956465,4.202619454561554,9.596213779186986,0.08088235294117646,1.1186546409075917,1.3881807851423857
ramp16_notch,ramp+notch,16,34,0.4852941176470588,0.0003313781184713998,18960.773077483293,64213.46527539602,3.3866480555928478,6.912798305447443,0.08823529411764702,1.1301157834293298,1.4024033496789678
ramp16_notch,ramp+notch,16,35,0.5735294117647058,0.0002362930169464138,26590.65167636536,72568.65061641623,2.7291038782971095,4.929251136650445,0.09558823529411764,1.1416943507425095,1.416771631073298
ramp16_notch,ramp+notch,16,36,0.6691176470588235,0.00016678271343378484,37672.88094682607,82851.21844976934,2.199227039915287,3.479213606864934,0.10294117647058831,1.1533915459193043,1.4312871222630656
ramp16_notch,ramp+notch,16,37,0.7720588235294118,0.00011652638442668162,53920.70935774177,95559.89492907743,1.7722299292295427,2.4308285547653146,0.11029411764705876,1.165208584357927,1.445951331481807
ramp16_notch,ramp+notch,16,38,0.8823529411764706,8.058804047523904e-05,77966.72149027023,111347.20989170256,1.428137643386711,1.6811275053595398,0.11764705882352944,1.1771466939089177,1.4607657824156222
ramp16_notch,ramp+notch,16,39,1.0,5.516835172711471e-05,113891.1189201156,131072.0,1.150853562971273,1.150853562971273,0.0,1.0,1.2409377607517196
ramp16_notch,ramp+notch,16,40,1.0,4.445698525097308e-05,141331.79008223594,131072.0,0.9274063529778678,0.9274063529778678,0.0,1.0,1.2409377607517196
ramp16_notch,ramp+notch,16,41,1.0,3.582531425592411e-05,175383.95510768177,131072.0,0.7473431644275826,0.7473431644275826,0.0,1.0,1.2409377607517196
ramp16_notch,ramp+notch,16,42,1.0,2.8869549617236462e-05,217640.57252310694,131072.0,0.6022406506309115,0.6022406506309115,0.0,1.0,1.2409377607517196
ramp16_notch,ramp+notch,16,43,1.0,2.326430102324246e-05,270078.40471554676,131072.0,0.48531092346331156,0.48531092346331156,0.0,1.0,1.2409377607517196
ramp16_notch,ramp+notch,16,44,1.0,1.8747355233311403e-05,335150.49077510694,131072.0,0.39108401630822043,0.39108401630822043,0.0,1.0,1.2409377607517196
ramp16_notch,ramp+notch,16,45,1.0,1.510740975595334e-05,415900.8995373007,131072.0,0.31515199930036364,0.31515199930036364,0.0,1.0,1.2409377607517196
ramp16_notch,ramp+notch,16,46,1.0,1.2174188129146581e-05,516107.1309664443,131072.0,0.2539627765936098,0.2539627765936098,0.0,1.0,1.2409377607517196
ramp16_notch,ramp+notch,16,47,1.0,9.810474396211334e-06,640456.8274094944,131072.0,0.20465391950017478,0.20465391950017478,0.0,1.0,1.2409377607517196
ramp16_notch,ramp+notch,16,48,1.0,7.90569415042095e-06,794767.0612636878,131072.0,0.16491876222398316,0.16491876222398316,0.0,1.0,1.2409377607517196
ramp16_notch,ramp+notch,16,49,1.0,6.3707418699483745e-06,986256.4573237845,131072.0,0.13289849615349036,0.13289849615349036,0.0,1.0,1.2409377607517196
ramp16_notch,ramp+notch,16,50,1.0,5.133812566142867e-06,1223882.8796783022,131072.0,0.10709521489053944,0.10709521489053944,0.0,1.0,1.2409377607517196
ramp16_notch,ramp+notch,16,51,1.0,4.1370427498579515e-06,1518762.4801303598,131072.0,0.08630184226617825,0.08630184226617825,0.0,1.0,1.2409377607517196
ramp16_notch,ramp+notch,16,52,1.0,3.3338035804083114e-06,1884689.711206695,131072.0,0.06954566537962346,0.06954566537962346,0.0,1.0,1.2409377607517196
ramp16_notch,ramp+notch,16,53,1.0,2.6865195708032973e-06,2338782.6299366388,131072.0,0.05604283113884377,0.05604283113884377,0.0,1.0,1.2409377607517196
ramp16_notch,ramp+notch,16,54,1.0,2.1649108084001642e-06,2902283.679678593,131072.0,0.04516167765327312,0.04516167765327312,0.0,1.0,1.2409377607517196
ramp16_notch,ramp+notch,16,55,1.0,1.744576462149665e-06,3601553.4105266174,131072.0,0.036393185123092406,0.036393185123092406,0.0,1.0,1.2409377607517196
ramp16_notch,ramp+notch,16,56,1.0,1.4058533129758732e-06,4469303.624486615,131072.0,0.02932716391920142,0.02932716391920142,0.0,1.0,1.2409377607517196
ramp16_notch,ramp+notch,16,57,1.0,1.132895909400206e-06,5546127.631889959,131072.0,0.02363306593348889,0.02363306593348889,0.0,1.0,1.2409377607517196
ramp16_notch,ramp+notch,16,58,1.0,9.129353181370947e-07,6882399.204360769,131072.0,0.019044521555354015,0.019044521555354015,0.0,1.0,1.2409377607517196
ramp16_notch,ramp+notch,16,59,1.0,7.356817940523201e-07,8540629.057258878,131072.0,0.015346878915037164,0.015346878915037164,0.0,1.0,1.2409377607517196
ramp16_notch,ramp+notch,16,60,1.0,5.928434264154141e-07,10598389.09772589,131072.0,0.012367162480204117,0.012367162480204117,0.0,1.0,1.2409377607517196
ramp16_notch,ramp+notch,16,61,1.0,4.777382437426107e-07,13151941.234507393,131072.0,0.009965981269449408,0.009965981269449408,0.0,1.0,1.2409377607517196
ramp16_notch,ramp+notch,16,62,1.0,3.849816315148732e-07,16320740.505087825,131072.0,0.008031008149363054,0.008031008149363054,0.0,1.0,1.2409377607517196
ramp16_notch,ramp+notch,16,63,1.0,3.102344401879298e-07,20253023.17619359,131072.0,0.006471725177013007,0.006471725177013007,,,
ramp15_notch,ramp+notch,15,0,0.0,1.0,6.283185307179586,32768.0,5215.189175235227,20860.756700940907,0.0,1.0,1.2409377607517196
ramp15_notch,ramp+notch,15,1,0.0,0.8058421877614819,7.79704190547954,32768.0,4202.6194545615535,16810.477818246214,0.0,1.0,1.2409377607517196
ramp15_notch,ramp+notch,15,2,0.0,0.6493816315762113,9.675643722673103,32768.0,3386.6480555928474,13546.59222237139,0.0,1.0,1.2409377607517196
ramp15_notch,ramp+notch,15,3,0.0,0.5232991146814947,12.00687165504539,32768.0,2729.1038782971086,10916.415513188434,0.0,1.0,1.2409377607517196
ramp15_notch,ramp+notch,15,4,0.0,0.4216965034285823,14.89978042524532,32768.0,2199.2270399152867,8796.908159661147,0.0,1.0,1.2409377607517196
ramp15_notch,ramp+notch,15,5,0.0,0.33982083289425596,18.489700156596232,32768.0,1772.2299292295424,7088.91971691817,0.0,1.0,1.2409377607517196
ramp15_notch,ramp+notch,15,6,0.0,0.27384196342643613,22.944567109297246,32768.0,1428.1376433867106,5712.550573546842,0.0,1.0,1.2409377607517196
ramp15_notch,ramp+notch,15,7,0.0,0.220673406908459,28.47277973002888,32768.0,1150.8535629712737,4603.414251885095,0.0,1.0,1.2409377607517196
ramp15_notch,ramp+notch,15,8,0.0,0.1778279410038923,35.33294752055899,32768.0,927.4063529778675,3709.62541191147,0.0,1.0,1.2409377607517196
ramp15_notch,ramp+notch,15,9,0.0,0.14330125702369628,43.84598877692049,32768.0,747.3431644275819,2989.3726577103275,0.0,1.0,1.2409377607517196
ramp15_notch,ramp+notch,15,10,0.0,0.11547819846894583,54.41014313077674,32768.0,602.2406506309114,2408.9626025236457,0.0,1.0,1.2409377607517196
ramp15_notch,ramp+notch,15,11,0.0,0.0930572040929699,67.51960117888665,32768.0,485.31092346331184,1941.2436938532474,0.0,1.0,1.2409377607517196
ramp15_notch,ramp+notch,15,12,0.0,0.07498942093324559,83.78762269377675,32768.0,391.0840163082203,1564.3360652328813,0.0,1.0,1.2409377607517196
ramp15_notch,ramp+notch,15,13,0.0,0.060429639023813285,103.9752248843253,32768.0,315.1519993003633,1260.6079972014531,0.0,1.0,1.2409377607517196
ramp15_notch,ramp+notch,15,14,0.0,0.04869675251658632,129.0267827416111,32768.0,253.96277659360973,1015.8511063744389,0.0,1.0,1.2409377607517196
ramp15_notch,ramp+notch,15,15,0.0,0.039241897584845364,160.11420685237348,32768.0,204.65391950017494,818.6156780006997,0.0,1.0,1.2409377607517196
ramp15_notch,ramp+notch,15,16,0.0,0.0316227766016838,198.691765315922,32768.0,164.91876222398315,659.6750488959326,0.0,1.0,1.2409377607517196
ramp15_notch,ramp+notch,15,17,0.0,0.025482967479793468,246.56411433094644,32768.0,132.89849615349019,531.5939846139607,0.0,1.0,1.2409377607517196
ramp15_notch,ramp+notch,15,18,0.0,0.020535250264571463,305.97071991957563,32768.0,107.09521489053942,428.3808595621577,0.0,1.0,1.2409377607517196
ramp15_notch,ramp+notch,15,19,0.0,0.016548170999431816,379.6906200325897,32768.0,86.30184226617831,345.20736906471325,0.0,1.0,1.2409377607517196
ramp15_notch,ramp+notch,15,20,0.0,0.013335214321633242,471.17242780167385,32768.0,69.54566537962346,278.18266151849383,0.0,1.0,1.2409377607517196
ramp15_notch,ramp+notch,15,21,0.0,0.010746078283213176,584.6956574841605,32768.0,56.0428311388437,224.1713245553748,0.0,1.0,1.2409377607517196
ramp15_notch,ramp+notch,15,22,0.0,0.008659643233600654,725.5709199196485,32768.0,45.16167765327311,180.64671061309244,0.0,1.0,1.2409377607517196
ramp15_notch,ramp+notch,15,23,0.0,0.006978305848598664,900.3883526316538,32768.0,36.39318512309242,145.5727404923697,0.008333333333333333,1.0116194403019225,1.2553567629811755
ramp15_notch,ramp+notch,15,24,0.008333333333333333,0.005558822841744874,1130.308607785626,33148.7458198134,29.327163919201414,115.96125084527276,0.01666666666666667,1.023373891996775,1.2699433059462502
ramp15_notch,ramp+notch,15,25,0.025,0.004377221263120033,1435.4278501107808,33923.56102443426,23.63306593348886,91.31214779613225,0.025,1.0352649238413776,1.2846993363765187
ramp15_notch,ramp+notch,15,26,0.05,0.003407195083844241,1844.093206453693,35119.87282038925,19.044521555354013,71.07666767671667,0.033333333333333326,1.0472941228206267,1.299626823621465
ramp15_notch,ramp+notch,15,27,0.08333333333333333,0.00262167186912159,2396.6329963653357,36780.836399001535,15.346878915037175,54.69005901144648,0.008986928104575173,1.0125364585099534,1.256494725502818
ramp15_notch,ramp+notch,15,28,0.0923202614379085,0.0020864965175818482,3011.3567188990587,37241.937828479,12.367162480204113,43.52589621063541,0.08267973856209149,1.1214454744097642,1.3916440358192026
ramp15_notch,ramp+notch,15,29,0.175,0.0014993033159902956,4190.736617579958,41764.802635997585,9.965981269449397,31.27660169578748,0.05833333333333335,1.0842268703014184,1.3454580645786873
ramp15_notch,ramp+notch,15,30,0.23333333333333334,0.001114344144542166,5638.460378648165,45282.521250784084,8.031008149363052,23.24606208041225,0.06666666666666665,1.096824979694626,1.3610915342387992
ramp15_notch,ramp+notch,15,31,0.3,0.0008187135960443477,7674.460687518913,49667.00045141272,6.471725177013011,17.07898513483355,0.07500000000000001,1.109569472067845,1.3769066560663392
ramp15_notch,ramp+notch,15,32,0.375,0.0005946035575013607,10567.016002364244,55108.98747006743,5.215189175235228,12.403880146549811,0.08333333333333331,1.122462048309373,1.392905540757822
ramp15_notch,ramp+notch,15,33,0.4583333333333333,0.000426880028905522,14718.855138969722,61857.74695590746,4.202619454561554,8.905040423488716,0.09166666666666673,1.1355044290708776,1.4090903235348746
ramp15_notch,ramp+notch,15,34,0.55,0.00030294724317930273,20740.196349833797,70239.7456407785,3.3866480555928478,6.319708733184213,0.09999999999999998,1.1486983549970349,1.4254631644292044
ramp15_notch,ramp+notch,15,35,0.65,0.00021252547995557033,29564.38591971712,80684.28027297244,2.7291038782971095,4.433442330103846,0.10833333333333328,1.1620455869578394,1.4420262485708788
ramp15_notch,ramp+notch,15,36,0.7583333333333333,0.0001473797582853945,42632.62051911139,93758.81182807709,2.199227039915287,3.0744532802350943,0.1166666666666667,1.1755479062836087,1.4587817864799537
ramp15_notch,ramp+notch,15,37,0.875,0.00010102933807599999,62191.69032319126,110217.97494013487,1.7722299292295427,2.107548441260541,0.125,1.189207115002721,1.4757320143614894
ramp15_notch,ramp+notch,15,38,1.0,6.846049085660905e-05,91778.26843718896,131072.0,1.428137643386711,1.428137643386711,0.0,1.0,1.2409377607517196
ramp15_notch,ramp+notch,15,39,1.0,5.516835172711471e-05,113891.1189201156,131072.0,1.150853562971273,1.150853562971273,0.0,1.0,1.2409377607517196
ramp15_notch,ramp+notch,15,40,1.0,4.445698525097308e-05,141331.79008223594,131072.0,0.9274063529778678,0.9274063529778678,0.0,1.0,1.2409377607517196
ramp15_notch,ramp+notch,15,41,1.0,3.582531425592411e-05,175383.95510768177,131072.0,0.7473431644275826,0.7473431644275826,0.0,1.0,1.2409377607517196
ramp15_notch,ramp+notch,15,42,1.0,2.8869549617236462e-05,217640.57252310694,131072.0,0.6022406506309115,0.6022406506309115,0.0,1.0,1.2409377607517196
ramp15_notch,ramp+notch,15,43,1.0,2.326430102324246e-05,270078.40471554676,131072.0,0.48531092346331156,0.48531092346331156,0.0,1.0,1.2409377607517196
ramp15_notch,ramp+notch,15,44,1.0,1.8747355233311403e-05,335150.49077510694,131072.0,0.39108401630822043,0.39108401630822043,0.0,1.0,1.2409377607517196
ramp15_notch,ramp+notch,15,45,1.0,1.510740975595334e-05,415900.8995373007,131072.0,0.31515199930036364,0.31515199930036364,0.0,1.0,1.2409377607517196
ramp15_notch,ramp+notch,15,46,1.0,1.2174188129146581e-05,516107.1309664443,131072.0,0.2539627765936098,0.2539627765936098,0.0,1.0,1.2409377607517196
ramp15_notch,ramp+notch,15,47,1.0,9.810474396211334e-06,640456.8274094944,131072.0,0.20465391950017478,0.20465391950017478,0.0,1.0,1.2409377607517196
ramp15_notch,ramp+notch,15,48,1.0,7.90569415042095e-06,794767.0612636878,131072.0,0.16491876222398316,0.16491876222398316,0.0,1.0,1.2409377607517196
ramp15_notch,ramp+notch,15,49,1.0,6.3707418699483745e-06,986256.4573237845,131072.0,0.13289849615349036,0.13289849615349036,0.0,1.0,1.2409377607517196
ramp15_notch,ramp+notch,15,50,1.0,5.133812566142867e-06,1223882.8796783022,131072.0,0.10709521489053944,0.10709521489053944,0.0,1.0,1.2409377607517196
ramp15_notch,ramp+notch,15,51,1.0,4.1370427498579515e-06,1518762.4801303598,131072.0,0.08630184226617825,0.08630184226617825,0.0,1.0,1.2409377607517196
ramp15_notch,ramp+notch,15,52,1.0,3.3338035804083114e-06,1884689.711206695,131072.0,0.06954566537962346,0.06954566537962346,0.0,1.0,1.2409377607517196
ramp15_notch,ramp+notch,15,53,1.0,2.6865195708032973e-06,2338782.6299366388,131072.0,0.05604283113884377,0.05604283113884377,0.0,1.0,1.2409377607517196
ramp15_notch,ramp+notch,15,54,1.0,2.1649108084001642e-06,2902283.679678593,131072.0,0.04516167765327312,0.04516167765327312,0.0,1.0,1.2409377607517196
ramp15_notch,ramp+notch,15,55,1.0,1.744576462149665e-06,3601553.4105266174,131072.0,0.036393185123092406,0.036393185123092406,0.0,1.0,1.2409377607517196
ramp15_notch,ramp+notch,15,56,1.0,1.4058533129758732e-06,4469303.624486615,131072.0,0.02932716391920142,0.02932716391920142,0.0,1.0,1.2409377607517196
ramp15_notch,ramp+notch,15,57,1.0,1.132895909400206e-06,5546127.631889959,131072.0,0.02363306593348889,0.02363306593348889,0.0,1.0,1.2409377607517196
ramp15_notch,ramp+notch,15,58,1.0,9.129353181370947e-07,6882399.204360769,131072.0,0.019044521555354015,0.019044521555354015,0.0,1.0,1.2409377607517196
ramp15_notch,ramp+notch,15,59,1.0,7.356817940523201e-07,8540629.057258878,131072.0,0.015346878915037164,0.015346878915037164,0.0,1.0,1.2409377607517196
ramp15_notch,ramp+notch,15,60,1.0,5.928434264154141e-07,10598389.09772589,131072.0,0.012367162480204117,0.012367162480204117,0.0,1.0,1.2409377607517196
ramp15_notch,ramp+notch,15,61,1.0,4.777382437426107e-07,13151941.234507393,131072.0,0.009965981269449408,0.009965981269449408,0.0,1.0,1.2409377607517196
ramp15_notch,ramp+notch,15,62,1.0,3.849816315148732e-07,16320740.505087825,131072.0,0.008031008149363054,0.008031008149363054,0.0,1.0,1.2409377607517196
ramp15_notch,ramp+notch,15,63,1.0,3.102344401879298e-07,20253023.17619359,131072.0,0.006471725177013007,0.006471725177013007,,,
uniform_N17,uniform,17,0,0.0,1.0,6.283185307179586,32768.0,5215.189175235227,20860.756700940907,0.0,1.0,1.2409377607517196
uniform_N17,uniform,17,1,0.0,0.8058421877614819,7.79704190547954,32768.0,4202.6194545615535,16810.477818246214,0.0,1.0,1.2409377607517196
uniform_N17,uniform,17,2,0.0,0.6493816315762113,9.675643722673103,32768.0,3386.6480555928474,13546.59222237139,0.0,1.0,1.2409377607517196
uniform_N17,uniform,17,3,0.0,0.5232991146814947,12.00687165504539,32768.0,2729.1038782971086,10916.415513188434,0.0,1.0,1.2409377607517196
uniform_N17,uniform,17,4,0.0,0.4216965034285823,14.89978042524532,32768.0,2199.2270399152867,8796.908159661147,0.0,1.0,1.2409377607517196
uniform_N17,uniform,17,5,0.0,0.33982083289425596,18.489700156596232,32768.0,1772.2299292295424,7088.91971691817,0.0,1.0,1.2409377607517196
uniform_N17,uniform,17,6,0.0,0.27384196342643613,22.944567109297246,32768.0,1428.1376433867106,5712.550573546842,0.0,1.0,1.2409377607517196
uniform_N17,uniform,17,7,0.0,0.220673406908459,28.47277973002888,32768.0,1150.8535629712737,4603.414251885095,0.0,1.0,1.2409377607517196
uniform_N17,uniform,17,8,0.0,0.1778279410038923,35.33294752055899,32768.0,927.4063529778675,3709.62541191147,0.0,1.0,1.2409377607517196
uniform_N17,uniform,17,9,0.0,0.14330125702369628,43.84598877692049,32768.0,747.3431644275819,2989.3726577103275,0.0,1.0,1.2409377607517196
uniform_N17,uniform,17,10,0.0,0.11547819846894583,54.41014313077674,32768.0,602.2406506309114,2408.9626025236457,0.0,1.0,1.2409377607517196
uniform_N17,uniform,17,11,0.0,0.0930572040929699,67.51960117888665,32768.0,485.31092346331184,1941.2436938532474,0.0,1.0,1.2409377607517196
uniform_N17,uniform,17,12,0.0,0.07498942093324559,83.78762269377675,32768.0,391.0840163082203,1564.3360652328813,0.0,1.0,1.2409377607517196
uniform_N17,uniform,17,13,0.0,0.060429639023813285,103.9752248843253,32768.0,315.1519993003633,1260.6079972014531,0.0,1.0,1.2409377607517196
uniform_N17,uniform,17,14,0.0,0.04869675251658632,129.0267827416111,32768.0,253.96277659360973,1015.8511063744389,0.0,1.0,1.2409377607517196
uniform_N17,uniform,17,15,0.0,0.039241897584845364,160.11420685237348,32768.0,204.65391950017494,818.6156780006997,0.0,1.0,1.2409377607517196
uniform_N17,uniform,17,16,0.0,0.0316227766016838,198.691765315922,32768.0,164.91876222398315,659.6750488959326,0.0,1.0,1.2409377607517196
uniform_N17,uniform,17,17,0.0,0.025482967479793468,246.56411433094644,32768.0,132.89849615349019,531.5939846139607,0.0,1.0,1.2409377607517196
uniform_N17,uniform,17,18,0.0,0.020535250264571463,305.97071991957563,32768.0,107.09521489053942,428.3808595621577,0.0,1.0,1.2409377607517196
uniform_N17,uniform,17,19,0.0,0.016548170999431816,379.6906200325897,32768.0,86.30184226617831,345.20736906471325,0.0,1.0,1.2409377607517196
uniform_N17,uniform,17,20,0.0,0.013335214321633242,471.17242780167385,32768.0,69.54566537962346,278.18266151849383,0.0,1.0,1.2409377607517196
uniform_N17,uniform,17,21,0.0,0.010746078283213176,584.6956574841605,32768.0,56.0428311388437,224.1713245553748,0.0,1.0,1.2409377607517196
uniform_N17,uniform,17,22,0.0,0.008659643233600654,725.5709199196485,32768.0,45.16167765327311,180.64671061309244,0.0,1.0,1.2409377607517196
uniform_N17,uniform,17,23,0.0,0.006978305848598664,900.3883526316538,32768.0,36.39318512309242,145.5727404923697,0.058823529411764705,1.084963913643637,1.346372689493357
uniform_N17,uniform,17,24,0.058823529411764705,0.005183041741009034,1212.2582879211727,35552.0975222747,29.327163919201414,108.12217273001062,0.058823529411764705,1.084963913643637,1.346372689493357
uniform_N17,uniform,17,25,0.11764705882352941,0.0038496337466258496,1632.1514514690418,38572.742866007415,23.63306593348886,80.30627297609344,0.05882352941176472,1.084963913643637,1.346372689493357
uniform_N17,uniform,17,26,0.17647058823529413,0.0028592630975562013,2197.48413937486,41850.03405987309,19.044521555354013,59.64639182209858,0.05882352941176469,1.084963913643637,1.346372689493357
uniform_N17,uniform,17,27,0.23529411764705882,0.00212367877027582,2958.632630849126,45405.77673971942,15.346878915037175,44.301546137677256,0.05882352941176472,1.084963913643637,1.346372689493357
uniform_N17,uniform,17,28,0.29411764705882354,0.0015773335175678325,3983.4221724191443,49263.629233555206,12.367162480204113,32.90437074622185,0.05882352941176472,1.084963913643637,1.346372689493357
uniform_N17,uniform,17,29,0.35294117647058826,0.0011715430132212398,5363.170823667436,53449.25997352715,9.965981269449397,24.43927376349548,0.05882352941176466,1.084963913643637,1.346372689493357
uniform_N17,uniform,17,30,0.4117647058823529,0.0008701476362106647,7220.826726073428,57990.51828223422,8.031008149363052,18.151938132889512,0.05882352941176472,1.084963913643637,1.346372689493357
uniform_N17,uniform,17,31,0.47058823529411764,0.0006462903199099375,9721.923899548994,62917.61966971573,6.471725177013011,13.48210512181447,0.05882352941176472,1.084963913643637,1.346372689493357
uniform_N17,uniform,17,32,0.5294117647058824,0.0004800233434273967,13089.332827685525,68263.34687399666,5.215189175235228,10.013650178011124,0.05882352941176472,1.084963913643637,1.346372689493357
uniform_N17,uniform,17,33,0.5882352941176471,0.00035653080842573426,17623.120242884648,74063.26798282456,4.202619454561554,7.437502450959014,0.05882352941176472,1.084963913643637,1.346372689493357
uniform_N17,uniform,17,34,0.6470588235294118,0.00026480840796012993,23727.28779867743,80355.97308788283,3.3866480555928478,5.5241037708197736,0.05882352941176472,1.084963913643637,1.346372689493357
uniform_N17,uniform,17,35,0.7058823529411765,0.00019668284274228551,31945.772287888245,87183.33104607213,2.7291038782971095,4.102952929696239,0.05882352941176461,1.084963913643637,1.346372689493357
uniform_N17,uniform,17,36,0.7647058823529411,0.00014608350590971782,43010.91535318645,94590.76805623522,2.199227039915287,3.0474124748030866,0.05882352941176472,1.084963913643637,1.346372689493357
uniform_N17,uniform,17,37,0.8235294117647058,0.0001085015367956471,57908.721781640765,102627.5699048505,1.7722299292295427,2.2634241607721814,0.05882352941176472,1.084963913643637,1.346372689493357
uniform_N17,uniform,17,38,0.8823529411764706,8.058804047523904e-05,77966.72149027023,111347.20989170256,1.428137643386711,1.6811275053595398,0.05882352941176472,1.084963913643637,1.346372689493357
uniform_N17,uniform,17,39,0.9411764705882353,5.985567079911908e-05,104972.26450383475,120807.7046174011,1.150853562971273,1.2486345857120362,0.05882352941176472,1.084963913643637,1.346372689493357
uniform_N17,uniform,17,40,1.0,4.445698525097308e-05,141331.79008223594,131072.0,0.9274063529778678,0.9274063529778678,0.0,1.0,1.2409377607517196
uniform_N17,uniform,17,41,1.0,3.582531425592411e-05,175383.95510768177,131072.0,0.7473431644275826,0.7473431644275826,0.0,1.0,1.2409377607517196
uniform_N17,uniform,17,42,1.0,2.8869549617236462e-05,217640.57252310694,131072.0,0.6022406506309115,0.6022406506309115,0.0,1.0,1.2409377607517196
uniform_N17,uniform,17,43,1.0,2.326430102324246e-05,270078.40471554676,131072.0,0.48531092346331156,0.48531092346331156,0.0,1.0,1.2409377607517196
uniform_N17,uniform,17,44,1.0,1.8747355233311403e-05,335150.49077510694,131072.0,0.39108401630822043,0.39108401630822043,0.0,1.0,1.2409377607517196
uniform_N17,uniform,17,45,1.0,1.510740975595334e-05,415900.8995373007,131072.0,0.31515199930036364,0.31515199930036364,0.0,1.0,1.2409377607517196
uniform_N17,uniform,17,46,1.0,1.2174188129146581e-05,516107.1309664443,131072.0,0.2539627765936098,0.2539627765936098,0.0,1.0,1.2409377607517196
uniform_N17,uniform,17,47,1.0,9.810474396211334e-06,640456.8274094944,131072.0,0.20465391950017478,0.20465391950017478,0.0,1.0,1.2409377607517196
uniform_N17,uniform,17,48,1.0,7.90569415042095e-06,794767.0612636878,131072.0,0.16491876222398316,0.16491876222398316,0.0,1.0,1.2409377607517196
uniform_N17,uniform,17,49,1.0,6.3707418699483745e-06,986256.4573237845,131072.0,0.13289849615349036,0.13289849615349036,0.0,1.0,1.2409377607517196
uniform_N17,uniform,17,50,1.0,5.133812566142867e-06,1223882.8796783022,131072.0,0.10709521489053944,0.10709521489053944,0.0,1.0,1.2409377607517196
uniform_N17,uniform,17,51,1.0,4.1370427498579515e-06,1518762.4801303598,131072.0,0.08630184226617825,0.08630184226617825,0.0,1.0,1.2409377607517196
uniform_N17,uniform,17,52,1.0,3.3338035804083114e-06,1884689.711206695,131072.0,0.06954566537962346,0.06954566537962346,0.0,1.0,1.2409377607517196
uniform_N17,uniform,17,53,1.0,2.6865195708032973e-06,2338782.6299366388,131072.0,0.05604283113884377,0.05604283113884377,0.0,1.0,1.2409377607517196
uniform_N17,uniform,17,54,1.0,2.1649108084001642e-06,2902283.679678593,131072.0,0.04516167765327312,0.04516167765327312,0.0,1.0,1.2409377607517196
uniform_N17,uniform,17,55,1.0,1.744576462149665e-06,3601553.4105266174,131072.0,0.036393185123092406,0.036393185123092406,0.0,1.0,1.2409377607517196
uniform_N17,uniform,17,56,1.0,1.4058533129758732e-06,4469303.624486615,131072.0,0.02932716391920142,0.02932716391920142,0.0,1.0,1.2409377607517196
uniform_N17,uniform,17,57,1.0,1.132895909400206e-06,5546127.631889959,131072.0,0.02363306593348889,0.02363306593348889,0.0,1.0,1.2409377607517196
uniform_N17,uniform,17,58,1.0,9.129353181370947e-07,6882399.204360769,131072.0,0.019044521555354015,0.019044521555354015,0.0,1.0,1.2409377607517196
uniform_N17,uniform,17,59,1.0,7.356817940523201e-07,8540629.057258878,131072.0,0.015346878915037164,0.015346878915037164,0.0,1.0,1.2409377607517196
uniform_N17,uniform,17,60,1.0,5.928434264154141e-07,10598389.09772589,131072.0,0.012367162480204117,0.012367162480204117,0.0,1.0,1.2409377607517196
uniform_N17,uniform,17,61,1.0,4.777382437426107e-07,13151941.234507393,131072.0,0.009965981269449408,0.009965981269449408,0.0,1.0,1.2409377607517196
uniform_N17,uniform,17,62,1.0,3.849816315148732e-07,16320740.505087825,131072.0,0.008031008149363054,0.008031008149363054,0.0,1.0,1.2409377607517196
uniform_N17,uniform,17,63,1.0,3.102344401879298e-07,20253023.17619359,131072.0,0.006471725177013007,0.006471725177013007,,,
uniform_N16,uniform,16,0,0.0,1.0,6.283185307179586,32768.0,5215.189175235227,20860.756700940907,0.0,1.0,1.2409377607517196
uniform_N16,uniform,16,1,0.0,0.8058421877614819,7.79704190547954,32768.0,4202.6194545615535,16810.477818246214,0.0,1.0,1.2409377607517196
uniform_N16,uniform,16,2,0.0,0.6493816315762113,9.675643722673103,32768.0,3386.6480555928474,13546.59222237139,0.0,1.0,1.2409377607517196
uniform_N16,uniform,16,3,0.0,0.5232991146814947,12.00687165504539,32768.0,2729.1038782971086,10916.415513188434,0.0,1.0,1.2409377607517196
uniform_N16,uniform,16,4,0.0,0.4216965034285823,14.89978042524532,32768.0,2199.2270399152867,8796.908159661147,0.0,1.0,1.2409377607517196
uniform_N16,uniform,16,5,0.0,0.33982083289425596,18.489700156596232,32768.0,1772.2299292295424,7088.91971691817,0.0,1.0,1.2409377607517196
uniform_N16,uniform,16,6,0.0,0.27384196342643613,22.944567109297246,32768.0,1428.1376433867106,5712.550573546842,0.0,1.0,1.2409377607517196
uniform_N16,uniform,16,7,0.0,0.220673406908459,28.47277973002888,32768.0,1150.8535629712737,4603.414251885095,0.0,1.0,1.2409377607517196
uniform_N16,uniform,16,8,0.0,0.1778279410038923,35.33294752055899,32768.0,927.4063529778675,3709.62541191147,0.0,1.0,1.2409377607517196
uniform_N16,uniform,16,9,0.0,0.14330125702369628,43.84598877692049,32768.0,747.3431644275819,2989.3726577103275,0.0,1.0,1.2409377607517196
uniform_N16,uniform,16,10,0.0,0.11547819846894583,54.41014313077674,32768.0,602.2406506309114,2408.9626025236457,0.0,1.0,1.2409377607517196
uniform_N16,uniform,16,11,0.0,0.0930572040929699,67.51960117888665,32768.0,485.31092346331184,1941.2436938532474,0.0,1.0,1.2409377607517196
uniform_N16,uniform,16,12,0.0,0.07498942093324559,83.78762269377675,32768.0,391.0840163082203,1564.3360652328813,0.0,1.0,1.2409377607517196
uniform_N16,uniform,16,13,0.0,0.060429639023813285,103.9752248843253,32768.0,315.1519993003633,1260.6079972014531,0.0,1.0,1.2409377607517196
uniform_N16,uniform,16,14,0.0,0.04869675251658632,129.0267827416111,32768.0,253.96277659360973,1015.8511063744389,0.0,1.0,1.2409377607517196
uniform_N16,uniform,16,15,0.0,0.039241897584845364,160.11420685237348,32768.0,204.65391950017494,818.6156780006997,0.0,1.0,1.2409377607517196
uniform_N16,uniform,16,16,0.0,0.0316227766016838,198.691765315922,32768.0,164.91876222398315,659.6750488959326,0.0,1.0,1.2409377607517196
uniform_N16,uniform,16,17,0.0,0.025482967479793468,246.56411433094644,32768.0,132.89849615349019,531.5939846139607,0.0,1.0,1.2409377607517196
uniform_N16,uniform,16,18,0.0,0.020535250264571463,305.97071991957563,32768.0,107.09521489053942,428.3808595621577,0.0,1.0,1.2409377607517196
uniform_N16,uniform,16,19,0.0,0.016548170999431816,379.6906200325897,32768.0,86.30184226617831,345.20736906471325,0.0,1.0,1.2409377607517196
uniform_N16,uniform,16,20,0.0,0.013335214321633242,471.17242780167385,32768.0,69.54566537962346,278.18266151849383,0.0,1.0,1.2409377607517196
uniform_N16,uniform,16,21,0.0,0.010746078283213176,584.6956574841605,32768.0,56.0428311388437,224.1713245553748,0.0,1.0,1.2409377607517196
uniform_N16,uniform,16,22,0.0,0.008659643233600654,725.5709199196485,32768.0,45.16167765327311,180.64671061309244,0.0,1.0,1.2409377607517196
uniform_N16,uniform,16,23,0.0,0.006978305848598664,900.3883526316538,32768.0,36.39318512309242,145.5727404923697,0.0625,1.0905077326652577,1.3532522238560598
uniform_N16,uniform,16,24,0.0625,0.00515669268860623,1218.4525405328795,35733.757383975164,29.327163919201414,107.5725115585354,0.0625,1.0905077326652577,1.3532522238560598
uniform_N16,uniform,16,25,0.125,0.0038105924362809166,1648.8736101391848,38967.93874440916,23.63306593348886,79.49184169970187,0.0625,1.0905077326652577,1.3532522238560598
uniform_N16,uniform,16,26,0.1875,0.002815877461056539,2231.3418797784216,42494.838526804284,19.044521555354013,58.74133461476366,0.0625,1.0905077326652577,1.3532522238560598
uniform_N16,uniform,16,27,0.25,0.002080822341479524,3019.5683609933094,46340.95001184158,15.346878915037175,43.407528603486526,0.0625,1.0905077326652577,1.3532522238560598
uniform_N16,uniform,16,28,0.3125,0.0015376456101806881,4086.2375995995926,50535.1643269674,12.367162480204113,32.076450966249155,0.0625,1.0905077326652577,1.3532522238560598
uniform_N16,uniform,16,29,0.375,0.0011362594371352327,5529.710118862396,55108.98747006743,9.965981269449397,23.70323166722615,0.0625,1.0905077326652577,1.3532522238560598
uniform_N16,uniform,16,30,0.4375,0.0008396508922021118,7483.0925156298945,60096.77697546133,8.031008149363052,17.515752975956214,0.0625,1.0905077326652577,1.3532522238560598
uniform_N16,uniform,16,31,0.5,0.0006204688803758599,10126.51158809679,65536.0,6.471725177013011,12.943450354026021,0.0625,1.0905077326652577,1.3532522238560598
uniform_N16,uniform,16,32,0.5625,0.0004585020216023357,13703.72432649614,71467.51476795033,5.215189175235228,9.564699119535877,0.0625,1.0905077326652577,1.3532522238560598
uniform_N16,uniform,16,33,0.625,0.0003388149034744205,18544.595419941284,77935.87748881833,4.202619454561554,7.067935268032664,0.0625,1.0905077326652577,1.3532522238560598
uniform_N16,uniform,16,34,0.6875,0.0002503708455094761,25095.51499254644,84989.67705360857,3.3866480555928478,5.222925293182044,0.0625,1.0905077326652577,1.3532522238560598
uniform_N16,uniform,16,35,0.75,0.00018501417629010093,33960.561472476555,92681.90002368316,2.7291038782971095,3.859535717812785,0.0625,1.0905077326652577,1.3532522238560598
uniform_N16,uniform,16,36,0.8125,0.00013671817642605267,45957.20533602932,101070.3286539348,2.199227039915287,2.8520446150201995,0.0625,1.0905077326652577,1.3532522238560598
uniform_N16,uniform,16,37,0.875,0.00010102933807599999,62191.69032319126,110217.97494013487,1.7722299292295427,2.107548441260541,0.0625,1.0905077326652577,1.3532522238560598
uniform_N16,uniform,16,38,0.9375,7.465669466119135e-05,84161.04323522594,120193.55395092267,1.428137643386711,1.5573951434235467,0.0625,1.0905077326652577,1.3532522238560598
uniform_N16,uniform,16,39,1.0,5.516835172711471e-05,113891.1189201156,131072.0,1.150853562971273,1.150853562971273,0.0,1.0,1.2409377607517196
uniform_N16,uniform,16,40,1.0,4.445698525097308e-05,141331.79008223594,131072.0,0.9274063529778678,0.9274063529778678,0.0,1.0,1.2409377607517196
uniform_N16,uniform,16,41,1.0,3.582531425592411e-05,175383.95510768177,131072.0,0.7473431644275826,0.7473431644275826,0.0,1.0,1.2409377607517196
uniform_N16,uniform,16,42,1.0,2.8869549617236462e-05,217640.57252310694,131072.0,0.6022406506309115,0.6022406506309115,0.0,1.0,1.2409377607517196
uniform_N16,uniform,16,43,1.0,2.326430102324246e-05,270078.40471554676,131072.0,0.48531092346331156,0.48531092346331156,0.0,1.0,1.2409377607517196
uniform_N16,uniform,16,44,1.0,1.8747355233311403e-05,335150.49077510694,131072.0,0.39108401630822043,0.39108401630822043,0.0,1.0,1.2409377607517196
uniform_N16,uniform,16,45,1.0,1.510740975595334e-05,415900.8995373007,131072.0,0.31515199930036364,0.31515199930036364,0.0,1.0,1.2409377607517196
uniform_N16,uniform,16,46,1.0,1.2174188129146581e-05,516107.1309664443,131072.0,0.2539627765936098,0.2539627765936098,0.0,1.0,1.2409377607517196
uniform_N16,uniform,16,47,1.0,9.810474396211334e-06,640456.8274094944,131072.0,0.20465391950017478,0.20465391950017478,0.0,1.0,1.2409377607517196
uniform_N16,uniform,16,48,1.0,7.90569415042095e-06,794767.0612636878,131072.0,0.16491876222398316,0.16491876222398316,0.0,1.0,1.2409377607517196
uniform_N16,uniform,16,49,1.0,6.3707418699483745e-06,986256.4573237845,131072.0,0.13289849615349036,0.13289849615349036,0.0,1.0,1.2409377607517196
uniform_N16,uniform,16,50,1.0,5.133812566142867e-06,1223882.8796783022,131072.0,0.10709521489053944,0.10709521489053944,0.0,1.0,1.2409377607517196
uniform_N16,uniform,16,51,1.0,4.1370427498579515e-06,1518762.4801303598,131072.0,0.08630184226617825,0.08630184226617825,0.0,1.0,1.2409377607517196
uniform_N16,uniform,16,52,1.0,3.3338035804083114e-06,1884689.711206695,131072.0,0.06954566537962346,0.06954566537962346,0.0,1.0,1.2409377607517196
uniform_N16,uniform,16,53,1.0,2.6865195708032973e-06,2338782.6299366388,131072.0,0.05604283113884377,0.05604283113884377,0.0,1.0,1.2409377607517196
uniform_N16,uniform,16,54,1.0,2.1649108084001642e-06,2902283.679678593,131072.0,0.04516167765327312,0.04516167765327312,0.0,1.0,1.2409377607517196
uniform_N16,uniform,16,55,1.0,1.744576462149665e-06,3601553.4105266174,131072.0,0.036393185123092406,0.036393185123092406,0.0,1.0,1.2409377607517196
uniform_N16,uniform,16,56,1.0,1.4058533129758732e-06,4469303.624486615,131072.0,0.02932716391920142,0.02932716391920142,0.0,1.0,1.2409377607517196
uniform_N16,uniform,16,57,1.0,1.132895909400206e-06,5546127.631889959,131072.0,0.02363306593348889,0.02363306593348889,0.0,1.0,1.2409377607517196
uniform_N16,uniform,16,58,1.0,9.129353181370947e-07,6882399.204360769,131072.0,0.019044521555354015,0.019044521555354015,0.0,1.0,1.2409377607517196
uniform_N16,uniform,16,59,1.0,7.356817940523201e-07,8540629.057258878,131072.0,0.015346878915037164,0.015346878915037164,0.0,1.0,1.2409377607517196
uniform_N16,uniform,16,60,1.0,5.928434264154141e-07,10598389.09772589,131072.0,0.012367162480204117,0.012367162480204117,0.0,1.0,1.2409377607517196
uniform_N16,uniform,16,61,1.0,4.777382437426107e-07,13151941.234507393,131072.0,0.009965981269449408,0.009965981269449408,0.0,1.0,1.2409377607517196
uniform_N16,uniform,16,62,1.0,3.849816315148732e-07,16320740.505087825,131072.0,0.008031008149363054,0.008031008149363054,0.0,1.0,1.2409377607517196
uniform_N16,uniform,16,63,1.0,3.102344401879298e-07,20253023.17619359,131072.0,0.006471725177013007,0.006471725177013007,,,
uniform_N15,uniform,15,0,0.0,1.0,6.283185307179586,32768.0,5215.189175235227,20860.756700940907,0.0,1.0,1.2409377607517196
uniform_N15,uniform,15,1,0.0,0.8058421877614819,7.79704190547954,32768.0,4202.6194545615535,16810.477818246214,0.0,1.0,1.2409377607517196
uniform_N15,uniform,15,2,0.0,0.6493816315762113,9.675643722673103,32768.0,3386.6480555928474,13546.59222237139,0.0,1.0,1.2409377607517196
uniform_N15,uniform,15,3,0.0,0.5232991146814947,12.00687165504539,32768.0,2729.1038782971086,10916.415513188434,0.0,1.0,1.2409377607517196
uniform_N15,uniform,15,4,0.0,0.4216965034285823,14.89978042524532,32768.0,2199.2270399152867,8796.908159661147,0.0,1.0,1.2409377607517196
uniform_N15,uniform,15,5,0.0,0.33982083289425596,18.489700156596232,32768.0,1772.2299292295424,7088.91971691817,0.0,1.0,1.2409377607517196
uniform_N15,uniform,15,6,0.0,0.27384196342643613,22.944567109297246,32768.0,1428.1376433867106,5712.550573546842,0.0,1.0,1.2409377607517196
uniform_N15,uniform,15,7,0.0,0.220673406908459,28.47277973002888,32768.0,1150.8535629712737,4603.414251885095,0.0,1.0,1.2409377607517196
uniform_N15,uniform,15,8,0.0,0.1778279410038923,35.33294752055899,32768.0,927.4063529778675,3709.62541191147,0.0,1.0,1.2409377607517196
uniform_N15,uniform,15,9,0.0,0.14330125702369628,43.84598877692049,32768.0,747.3431644275819,2989.3726577103275,0.0,1.0,1.2409377607517196
uniform_N15,uniform,15,10,0.0,0.11547819846894583,54.41014313077674,32768.0,602.2406506309114,2408.9626025236457,0.0,1.0,1.2409377607517196
uniform_N15,uniform,15,11,0.0,0.0930572040929699,67.51960117888665,32768.0,485.31092346331184,1941.2436938532474,0.0,1.0,1.2409377607517196
uniform_N15,uniform,15,12,0.0,0.07498942093324559,83.78762269377675,32768.0,391.0840163082203,1564.3360652328813,0.0,1.0,1.2409377607517196
uniform_N15,uniform,15,13,0.0,0.060429639023813285,103.9752248843253,32768.0,315.1519993003633,1260.6079972014531,0.0,1.0,1.2409377607517196
uniform_N15,uniform,15,14,0.0,0.04869675251658632,129.0267827416111,32768.0,253.96277659360973,1015.8511063744389,0.0,1.0,1.2409377607517196
uniform_N15,uniform,15,15,0.0,0.039241897584845364,160.11420685237348,32768.0,204.65391950017494,818.6156780006997,0.0,1.0,1.2409377607517196
uniform_N15,uniform,15,16,0.0,0.0316227766016838,198.691765315922,32768.0,164.91876222398315,659.6750488959326,0.0,1.0,1.2409377607517196
uniform_N15,uniform,15,17,0.0,0.025482967479793468,246.56411433094644,32768.0,132.89849615349019,531.5939846139607,0.0,1.0,1.2409377607517196
uniform_N15,uniform,15,18,0.0,0.020535250264571463,305.97071991957563,32768.0,107.09521489053942,428.3808595621577,0.0,1.0,1.2409377607517196
uniform_N15,uniform,15,19,0.0,0.016548170999431816,379.6906200325897,32768.0,86.30184226617831,345.20736906471325,0.0,1.0,1.2409377607517196
uniform_N15,uniform,15,20,0.0,0.013335214321633242,471.17242780167385,32768.0,69.54566537962346,278.18266151849383,0.0,1.0,1.2409377607517196
uniform_N15,uniform,15,21,0.0,0.010746078283213176,584.6956574841605,32768.0,56.0428311388437,224.1713245553748,0.0,1.0,1.2409377607517196
uniform_N15,uniform,15,22,0.0,0.008659643233600654,725.5709199196485,32768.0,45.16167765327311,180.64671061309244,0.0,1.0,1.2409377607517196
uniform_N15,uniform,15,23,0.0,0.006978305848598664,900.3883526316538,32768.0,36.39318512309242,145.5727404923697,0.06666666666666667,1.096824979694626,1.3610915342387992
uniform_N15,uniform,15,24,0.06666666666666667,0.005126992324216706,1225.5109642941627,35940.7609346335,29.327163919201414,106.95293948307624,0.06666666666666667,1.096824979694626,1.3610915342387992
uniform_N15,uniform,15,25,0.13333333333333333,0.003766824049114386,1668.0325986176124,39420.7243823388,23.63306593348886,78.57880002382828,0.06666666666666668,1.096824979694626,1.3610915342387992
uniform_N15,uniform,15,26,0.2,0.0027675023717056695,2270.345048812778,43237.6352202062,19.044521555354013,57.73219364542889,0.06666666666666665,1.096824979694626,1.3610915342387992
uniform_N15,uniform,15,27,0.26666666666666666,0.0020332962935174052,3090.147425740046,47424.11837244631,15.346878915037175,42.41609927999152,0.06666666666666665,1.096824979694626,1.3610915342387992
uniform_N15,uniform,15,28,0.3333333333333333,0.0014938718244651647,4205.9735007245945,52015.95767089396,12.367162480204113,31.163296672558502,0.06666666666666671,1.0968249796946261,1.3610915342387997
uniform_N15,uniform,15,29,0.4,0.0010975542694126178,5724.714925068974,57052.40171617479,9.965981269449397,22.89581258029557,0.06666666666666665,1.096824979694626,1.3610915342387992
uniform_N15,uniform,15,30,0.4666666666666667,0.0008063780001588454,7791.861020441883,62576.49935387306,8.031008149363052,16.821655270304962,0.06666666666666665,1.096824979694626,1.3610915342387992
uniform_N15,uniform,15,31,0.5333333333333333,0.0005924495009145865,10605.436070888738,68635.4676331726,6.471725177013011,12.358944896173055,0.06666666666666665,1.096824979694626,1.3610915342387992
uniform_N15,uniform,15,32,0.6,0.0004352752816480622,14434.969252997458,75281.09539308568,5.215189175235228,9.080171748393754,0.06666666666666665,1.096824979694626,1.3610915342387992
uniform_N15,uniform,15,33,0.6666666666666666,0.000319798684143233,19647.314447252204,82570.18592591041,4.202619454561554,6.671242543193032,0.06666666666666665,1.096824979694626,1.3610915342387992
uniform_N15,uniform,15,34,0.7333333333333333,0.00023495751468477304,26741.793364682635,90565.04250156817,3.3866480555928478,4.9013915488968,0.06666666666666676,1.0968249796946261,1.3610915342387997
uniform_N15,uniform,15,35,0.8,0.0001726243303806711,36398.028559032835,99334.00090282546,2.7291038782971095,3.601074156734022,0.06666666666666665,1.096824979694626,1.3610915342387992
uniform_N15,uniform,15,36,0.8666666666666667,0.00012682786281321818,49541.048534681635,108952.01352322748,2.199227039915287,2.645725189046855,0.06666666666666665,1.096824979694626,1.3610915342387992
uniform_N15,uniform,15,37,0.9333333333333333,9.31809945347633e-05,67429.90175786866,119501.2900203026,1.7722299292295427,1.9438260561414014,0.06666666666666665,1.096824979694626,1.3610915342387992
uniform_N15,uniform,15,38,1.0,6.846049085660905e-05,91778.26843718896,131072.0,1.428137643386711,1.428137643386711,0.0,1.0,1.2409377607517196
uniform_N15,uniform,15,39,1.0,5.516835172711471e-05,113891.1189201156,131072.0,1.150853562971273,1.150853562971273,0.0,1.0,1.2409377607517196
uniform_N15,uniform,15,40,1.0,4.445698525097308e-05,141331.79008223594,131072.0,0.9274063529778678,0.9274063529778678,0.0,1.0,1.2409377607517196
uniform_N15,uniform,15,41,1.0,3.582531425592411e-05,175383.95510768177,131072.0,0.7473431644275826,0.7473431644275826,0.0,1.0,1.2409377607517196
uniform_N15,uniform,15,42,1.0,2.8869549617236462e-05,217640.57252310694,131072.0,0.6022406506309115,0.6022406506309115,0.0,1.0,1.2409377607517196
uniform_N15,uniform,15,43,1.0,2.326430102324246e-05,270078.40471554676,131072.0,0.48531092346331156,0.48531092346331156,0.0,1.0,1.2409377607517196
uniform_N15,uniform,15,44,1.0,1.8747355233311403e-05,335150.49077510694,131072.0,0.39108401630822043,0.39108401630822043,0.0,1.0,1.2409377607517196
uniform_N15,uniform,15,45,1.0,1.510740975595334e-05,415900.8995373007,131072.0,0.31515199930036364,0.31515199930036364,0.0,1.0,1.2409377607517196
uniform_N15,uniform,15,46,1.0,1.2174188129146581e-05,516107.1309664443,131072.0,0.2539627765936098,0.2539627765936098,0.0,1.0,1.2409377607517196
uniform_N15,uniform,15,47,1.0,9.810474396211334e-06,640456.8274094944,131072.0,0.20465391950017478,0.20465391950017478,0.0,1.0,1.2409377607517196
uniform_N15,uniform,15,48,1.0,7.90569415042095e-06,794767.0612636878,131072.0,0.16491876222398316,0.16491876222398316,0.0,1.0,1.2409377607517196
uniform_N15,uniform,15,49,1.0,6.3707418699483745e-06,986256.4573237845,131072.0,0.13289849615349036,0.13289849615349036,0.0,1.0,1.2409377607517196
uniform_N15,uniform,15,50,1.0,5.133812566142867e-06,1223882.8796783022,131072.0,0.10709521489053944,0.10709521489053944,0.0,1.0,1.2409377607517196
uniform_N15,uniform,15,51,1.0,4.1370427498579515e-06,1518762.4801303598,131072.0,0.08630184226617825,0.08630184226617825,0.0,1.0,1.2409377607517196
uniform_N15,uniform,15,52,1.0,3.3338035804083114e-06,1884689.711206695,131072.0,0.06954566537962346,0.06954566537962346,0.0,1.0,1.2409377607517196
uniform_N15,uniform,15,53,1.0,2.6865195708032973e-06,2338782.6299366388,131072.0,0.05604283113884377,0.05604283113884377,0.0,1.0,1.2409377607517196
uniform_N15,uniform,15,54,1.0,2.1649108084001642e-06,2902283.679678593,131072.0,0.04516167765327312,0.04516167765327312,0.0,1.0,1.2409377607517196
uniform_N15,uniform,15,55,1.0,1.744576462149665e-06,3601553.4105266174,131072.0,0.036393185123092406,0.036393185123092406,0.0,1.0,1.2409377607517196
uniform_N15,uniform,15,56,1.0,1.4058533129758732e-06,4469303.624486615,131072.0,0.02932716391920142,0.02932716391920142,0.0,1.0,1.2409377607517196
uniform_N15,uniform,15,57,1.0,1.132895909400206e-06,5546127.631889959,131072.0,0.02363306593348889,0.02363306593348889,0.0,1.0,1.2409377607517196
uniform_N15,uniform,15,58,1.0,9.129353181370947e-07,6882399.204360769,131072.0,0.019044521555354015,0.019044521555354015,0.0,1.0,1.2409377607517196
uniform_N15,uniform,15,59,1.0,7.356817940523201e-07,8540629.057258878,131072.0,0.015346878915037164,0.015346878915037164,0.0,1.0,1.2409377607517196
uniform_N15,uniform,15,60,1.0,5.928434264154141e-07,10598389.09772589,131072.0,0.012367162480204117,0.012367162480204117,0.0,1.0,1.2409377607517196
uniform_N15,uniform,15,61,1.0,4.777382437426107e-07,13151941.234507393,131072.0,0.009965981269449408,0.009965981269449408,0.0,1.0,1.2409377607517196
uniform_N15,uniform,15,62,1.0,3.849816315148732e-07,16320740.505087825,131072.0,0.008031008149363054,0.008031008149363054,0.0,1.0,1.2409377607517196
uniform_N15,uniform,15,63,1.0,3.102344401879298e-07,20253023.17619359,131072.0,0.006471725177013007,0.006471725177013007,,,
uniform_N14,uniform,14,0,0.0,1.0,6.283185307179586,32768.0,5215.189175235227,20860.756700940907,0.0,1.0,1.2409377607517196
uniform_N14,uniform,14,1,0.0,0.8058421877614819,7.79704190547954,32768.0,4202.6194545615535,16810.477818246214,0.0,1.0,1.2409377607517196
uniform_N14,uniform,14,2,0.0,0.6493816315762113,9.675643722673103,32768.0,3386.6480555928474,13546.59222237139,0.0,1.0,1.2409377607517196
uniform_N14,uniform,14,3,0.0,0.5232991146814947,12.00687165504539,32768.0,2729.1038782971086,10916.415513188434,0.0,1.0,1.2409377607517196
uniform_N14,uniform,14,4,0.0,0.4216965034285823,14.89978042524532,32768.0,2199.2270399152867,8796.908159661147,0.0,1.0,1.2409377607517196
uniform_N14,uniform,14,5,0.0,0.33982083289425596,18.489700156596232,32768.0,1772.2299292295424,7088.91971691817,0.0,1.0,1.2409377607517196
uniform_N14,uniform,14,6,0.0,0.27384196342643613,22.944567109297246,32768.0,1428.1376433867106,5712.550573546842,0.0,1.0,1.2409377607517196
uniform_N14,uniform,14,7,0.0,0.220673406908459,28.47277973002888,32768.0,1150.8535629712737,4603.414251885095,0.0,1.0,1.2409377607517196
uniform_N14,uniform,14,8,0.0,0.1778279410038923,35.33294752055899,32768.0,927.4063529778675,3709.62541191147,0.0,1.0,1.2409377607517196
uniform_N14,uniform,14,9,0.0,0.14330125702369628,43.84598877692049,32768.0,747.3431644275819,2989.3726577103275,0.0,1.0,1.2409377607517196
uniform_N14,uniform,14,10,0.0,0.11547819846894583,54.41014313077674,32768.0,602.2406506309114,2408.9626025236457,0.0,1.0,1.2409377607517196
uniform_N14,uniform,14,11,0.0,0.0930572040929699,67.51960117888665,32768.0,485.31092346331184,1941.2436938532474,0.0,1.0,1.2409377607517196
uniform_N14,uniform,14,12,0.0,0.07498942093324559,83.78762269377675,32768.0,391.0840163082203,1564.3360652328813,0.0,1.0,1.2409377607517196
uniform_N14,uniform,14,13,0.0,0.060429639023813285,103.9752248843253,32768.0,315.1519993003633,1260.6079972014531,0.0,1.0,1.2409377607517196
uniform_N14,uniform,14,14,0.0,0.04869675251658632,129.0267827416111,32768.0,253.96277659360973,1015.8511063744389,0.0,1.0,1.2409377607517196
uniform_N14,uniform,14,15,0.0,0.039241897584845364,160.11420685237348,32768.0,204.65391950017494,818.6156780006997,0.0,1.0,1.2409377607517196
uniform_N14,uniform,14,16,0.0,0.0316227766016838,198.691765315922,32768.0,164.91876222398315,659.6750488959326,0.0,1.0,1.2409377607517196
uniform_N14,uniform,14,17,0.0,0.025482967479793468,246.56411433094644,32768.0,132.89849615349019,531.5939846139607,0.0,1.0,1.2409377607517196
uniform_N14,uniform,14,18,0.0,0.020535250264571463,305.97071991957563,32768.0,107.09521489053942,428.3808595621577,0.0,1.0,1.2409377607517196
uniform_N14,uniform,14,19,0.0,0.016548170999431816,379.6906200325897,32768.0,86.30184226617831,345.20736906471325,0.0,1.0,1.2409377607517196
uniform_N14,uniform,14,20,0.0,0.013335214321633242,471.17242780167385,32768.0,69.54566537962346,278.18266151849383,0.0,1.0,1.2409377607517196
uniform_N14,uniform,14,21,0.0,0.010746078283213176,584.6956574841605,32768.0,56.0428311388437,224.1713245553748,0.0,1.0,1.2409377607517196
uniform_N14,uniform,14,22,0.0,0.008659643233600654,725.5709199196485,32768.0,45.16167765327311,180.64671061309244,0.0,1.0,1.2409377607517196
uniform_N14,uniform,14,23,0.0,0.006978305848598664,900.3883526316538,32768.0,36.39318512309242,145.5727404923697,0.07142857142857142,1.1040895136738123,1.3701063687678356
uniform_N14,uniform,14,24,0.07142857142857142,0.005093258456184242,1233.6278163050088,36178.80518406348,29.327163919201414,106.24922546946937,0.07142857142857142,1.1040895136738123,1.3701063687678356
uniform_N14,uniform,14,25,0.14285714285714285,0.003717418276629655,1690.20132780865,39944.63942097225,23.63306593348886,77.54815822440227,0.07142857142857142,1.1040895136738123,1.3701063687678356
uniform_N14,uniform,14,26,0.21428571428571427,0.0027132333382062913,2315.755603730484,44102.45751217705,19.044521555354013,56.600100541203155,0.07142857142857142,1.1040895136738123,1.3701063687678356
uniform_N14,uniform,14,27,0.2857142857142857,0.0019803085366622715,3172.8315011809404,48693.060866439526,15.346878915037175,41.31073457610796,0.07142857142857145,1.1040895136738125,1.3701063687678359
uniform_N14,uniform,14,28,0.35714285714285715,0.0014453684632115115,4347.11664679522,53761.49789131656,12.367162480204113,30.1514798542682,0.0714285714285714,1.1040895136738123,1.3701063687678356
uniform_N14,uniform,14,29,0.42857142857142855,0.0010549315703943197,5956.0122035508075,59357.50606119938,9.965981269449397,22.00667082613742,0.07142857142857145,1.1040895136738125,1.3701063687678359
uniform_N14,uniform,14,30,0.5,0.0007699632630297461,8160.370252543915,65536.0,8.031008149363052,16.062016298726103,0.0714285714285714,1.1040895136738123,1.3701063687678356
uniform_N14,uniform,14,31,0.5714285714285714,0.0005619733478957474,11180.575254514011,72357.61036812696,6.471725177013011,11.723189282866407,0.07142857142857151,1.1040895136738125,1.3701063687678359
uniform_N14,uniform,14,32,0.6428571428571429,0.000410167678003819,15318.577362697712,79889.27884194451,5.215189175235228,8.556408137427539,0.0714285714285714,1.1040895136738123,1.3701063687678356
uniform_N14,uniform,14,33,0.7142857142857143,0.0002993692222397967,20988.08040509493,88204.9150243541,4.202619454561554,6.245068508894306,0.0714285714285714,1.1040895136738123,1.3701063687678356
uniform_N14,uniform,14,34,0.7857142857142857,0.0002185007157575842,28755.90263123198,97386.12173287905,3.3866480555928478,4.558090270400409,0.0714285714285714,1.1040895136738123,1.3701063687678356
uniform_N14,uniform,14,35,0.8571428571428571,0.00015947719150746399,39398.6453347187,107522.99578263311,2.7291038782971095,3.3268148913865656,0.07142857142857151,1.1040895136738125,1.3701063687678359
uniform_N14,uniform,14,36,0.9285714285714286,0.00011639767184710264,53980.33489392328,118715.01212239878,2.199227039915287,2.4281435129583673,0.0714285714285714,1.1040895136738123,1.3701063687678356
uniform_N14,uniform,14,37,1.0,8.4955208223564e-05,73958.80062638491,131072.0,1.7722299292295427,1.7722299292295427,0.0,1.0,1.2409377607517196
uniform_N14,uniform,14,38,1.0,6.846049085660905e-05,91778.26843718896,131072.0,1.428137643386711,1.428137643386711,0.0,1.0,1.2409377607517196
uniform_N14,uniform,14,39,1.0,5.516835172711471e-05,113891.1189201156,131072.0,1.150853562971273,1.150853562971273,0.0,1.0,1.2409377607517196
uniform_N14,uniform,14,40,1.0,4.445698525097308e-05,141331.79008223594,131072.0,0.9274063529778678,0.9274063529778678,0.0,1.0,1.2409377607517196
uniform_N14,uniform,14,41,1.0,3.582531425592411e-05,175383.95510768177,131072.0,0.7473431644275826,0.7473431644275826,0.0,1.0,1.2409377607517196
uniform_N14,uniform,14,42,1.0,2.8869549617236462e-05,217640.57252310694,131072.0,0.6022406506309115,0.6022406506309115,0.0,1.0,1.2409377607517196
uniform_N14,uniform,14,43,1.0,2.326430102324246e-05,270078.40471554676,131072.0,0.48531092346331156,0.48531092346331156,0.0,1.0,1.2409377607517196
uniform_N14,uniform,14,44,1.0,1.8747355233311403e-05,335150.49077510694,131072.0,0.39108401630822043,0.39108401630822043,0.0,1.0,1.2409377607517196
uniform_N14,uniform,14,45,1.0,1.510740975595334e-05,415900.8995373007,131072.0,0.31515199930036364,0.31515199930036364,0.0,1.0,1.2409377607517196
uniform_N14,uniform,14,46,1.0,1.2174188129146581e-05,516107.1309664443,131072.0,0.2539627765936098,0.2539627765936098,0.0,1.0,1.2409377607517196
uniform_N14,uniform,14,47,1.0,9.810474396211334e-06,640456.8274094944,131072.0,0.20465391950017478,0.20465391950017478,0.0,1.0,1.2409377607517196
uniform_N14,uniform,14,48,1.0,7.90569415042095e-06,794767.0612636878,131072.0,0.16491876222398316,0.16491876222398316,0.0,1.0,1.2409377607517196
uniform_N14,uniform,14,49,1.0,6.3707418699483745e-06,986256.4573237845,131072.0,0.13289849615349036,0.13289849615349036,0.0,1.0,1.2409377607517196
uniform_N14,uniform,14,50,1.0,5.133812566142867e-06,1223882.8796783022,131072.0,0.10709521489053944,0.10709521489053944,0.0,1.0,1.2409377607517196
uniform_N14,uniform,14,51,1.0,4.1370427498579515e-06,1518762.4801303598,131072.0,0.08630184226617825,0.08630184226617825,0.0,1.0,1.2409377607517196
uniform_N14,uniform,14,52,1.0,3.3338035804083114e-06,1884689.711206695,131072.0,0.06954566537962346,0.06954566537962346,0.0,1.0,1.2409377607517196
uniform_N14,uniform,14,53,1.0,2.6865195708032973e-06,2338782.6299366388,131072.0,0.05604283113884377,0.05604283113884377,0.0,1.0,1.2409377607517196
uniform_N14,uniform,14,54,1.0,2.1649108084001642e-06,2902283.679678593,131072.0,0.04516167765327312,0.04516167765327312,0.0,1.0,1.2409377607517196
uniform_N14,uniform,14,55,1.0,1.744576462149665e-06,3601553.4105266174,131072.0,0.036393185123092406,0.036393185123092406,0.0,1.0,1.2409377607517196
uniform_N14,uniform,14,56,1.0,1.4058533129758732e-06,4469303.624486615,131072.0,0.02932716391920142,0.02932716391920142,0.0,1.0,1.2409377607517196
uniform_N14,uniform,14,57,1.0,1.132895909400206e-06,5546127.631889959,131072.0,0.02363306593348889,0.02363306593348889,0.0,1.0,1.2409377607517196
uniform_N14,uniform,14,58,1.0,9.129353181370947e-07,6882399.204360769,131072.0,0.019044521555354015,0.019044521555354015,0.0,1.0,1.2409377607517196
uniform_N14,uniform,14,59,1.0,7.356817940523201e-07,8540629.057258878,131072.0,0.015346878915037164,0.015346878915037164,0.0,1.0,1.2409377607517196
uniform_N14,uniform,14,60,1.0,5.928434264154141e-07,10598389.09772589,131072.0,0.012367162480204117,0.012367162480204117,0.0,1.0,1.2409377607517196
uniform_N14,uniform,14,61,1.0,4.777382437426107e-07,13151941.234507393,131072.0,0.009965981269449408,0.009965981269449408,0.0,1.0,1.2409377607517196
uniform_N14,uniform,14,62,1.0,3.849816315148732e-07,16320740.505087825,131072.0,0.008031008149363054,0.008031008149363054,0.0,1.0,1.2409377607517196
uniform_N14,uniform,14,63,1.0,3.102344401879298e-07,20253023.17619359,131072.0,0.006471725177013007,0.006471725177013007,,,
uniform_N13,uniform,13,0,0.0,1.0,6.283185307179586,32768.0,5215.189175235227,20860.756700940907,0.0,1.0,1.2409377607517196
uniform_N13,uniform,13,1,0.0,0.8058421877614819,7.79704190547954,32768.0,4202.6194545615535,16810.477818246214,0.0,1.0,1.2409377607517196
uniform_N13,uniform,13,2,0.0,0.6493816315762113,9.675643722673103,32768.0,3386.6480555928474,13546.59222237139,0.0,1.0,1.2409377607517196
uniform_N13,uniform,13,3,0.0,0.5232991146814947,12.00687165504539,32768.0,2729.1038782971086,10916.415513188434,0.0,1.0,1.2409377607517196
uniform_N13,uniform,13,4,0.0,0.4216965034285823,14.89978042524532,32768.0,2199.2270399152867,8796.908159661147,0.0,1.0,1.2409377607517196
uniform_N13,uniform,13,5,0.0,0.33982083289425596,18.489700156596232,32768.0,1772.2299292295424,7088.91971691817,0.0,1.0,1.2409377607517196
uniform_N13,uniform,13,6,0.0,0.27384196342643613,22.944567109297246,32768.0,1428.1376433867106,5712.550573546842,0.0,1.0,1.2409377607517196
uniform_N13,uniform,13,7,0.0,0.220673406908459,28.47277973002888,32768.0,1150.8535629712737,4603.414251885095,0.0,1.0,1.2409377607517196
uniform_N13,uniform,13,8,0.0,0.1778279410038923,35.33294752055899,32768.0,927.4063529778675,3709.62541191147,0.0,1.0,1.2409377607517196
uniform_N13,uniform,13,9,0.0,0.14330125702369628,43.84598877692049,32768.0,747.3431644275819,2989.3726577103275,0.0,1.0,1.2409377607517196
uniform_N13,uniform,13,10,0.0,0.11547819846894583,54.41014313077674,32768.0,602.2406506309114,2408.9626025236457,0.0,1.0,1.2409377607517196
uniform_N13,uniform,13,11,0.0,0.0930572040929699,67.51960117888665,32768.0,485.31092346331184,1941.2436938532474,0.0,1.0,1.2409377607517196
uniform_N13,uniform,13,12,0.0,0.07498942093324559,83.78762269377675,32768.0,391.0840163082203,1564.3360652328813,0.0,1.0,1.2409377607517196
uniform_N13,uniform,13,13,0.0,0.060429639023813285,103.9752248843253,32768.0,315.1519993003633,1260.6079972014531,0.0,1.0,1.2409377607517196
uniform_N13,uniform,13,14,0.0,0.04869675251658632,129.0267827416111,32768.0,253.96277659360973,1015.8511063744389,0.0,1.0,1.2409377607517196
uniform_N13,uniform,13,15,0.0,0.039241897584845364,160.11420685237348,32768.0,204.65391950017494,818.6156780006997,0.0,1.0,1.2409377607517196
uniform_N13,uniform,13,16,0.0,0.0316227766016838,198.691765315922,32768.0,164.91876222398315,659.6750488959326,0.0,1.0,1.2409377607517196
uniform_N13,uniform,13,17,0.0,0.025482967479793468,246.56411433094644,32768.0,132.89849615349019,531.5939846139607,0.0,1.0,1.2409377607517196
uniform_N13,uniform,13,18,0.0,0.020535250264571463,305.97071991957563,32768.0,107.09521489053942,428.3808595621577,0.0,1.0,1.2409377607517196
uniform_N13,uniform,13,19,0.0,0.016548170999431816,379.6906200325897,32768.0,86.30184226617831,345.20736906471325,0.0,1.0,1.2409377607517196
uniform_N13,uniform,13,20,0.0,0.013335214321633242,471.17242780167385,32768.0,69.54566537962346,278.18266151849383,0.0,1.0,1.2409377607517196
uniform_N13,uniform,13,21,0.0,0.010746078283213176,584.6956574841605,32768.0,56.0428311388437,224.1713245553748,0.0,1.0,1.2409377607517196
uniform_N13,uniform,13,22,0.0,0.008659643233600654,725.5709199196485,32768.0,45.16167765327311,180.64671061309244,0.0,1.0,1.2409377607517196
uniform_N13,uniform,13,23,0.0,0.006978305848598664,900.3883526316538,32768.0,36.39318512309242,145.5727404923697,0.07692307692307693,1.1125314760964868,1.3805823187129795
uniform_N13,uniform,13,24,0.07692307692307693,0.0050546104741541606,1243.0602396183685,36455.43140872968,29.327163919201414,105.4429993193575,0.07692307692307693,1.1125314760964868,1.3805823187129795
uniform_N13,uniform,13,25,0.15384615384615385,0.003661216289417802,1716.1469879122394,40557.81491688827,23.63306593348886,76.37574224306641,0.07692307692307693,1.1125314760964868,1.3805823187129795
uniform_N13,uniform,13,26,0.23076923076923078,0.0026519362444326375,2369.2821878241753,45121.84569673382,19.044521555354013,55.321396781516206,0.07692307692307693,1.1125314760964868,1.3805823187129795
uniform_N13,uniform,13,27,0.3076923076923077,0.0019208823758548872,3270.9890965516615,50199.47359718519,15.346878915037175,40.071059893834125,0.07692307692307693,1.1125314760964868,1.3805823187129795
uniform_N13,uniform,13,28,0.38461538461538464,0.001391356639744301,4515.869711402168,55848.49446034306,12.367162480204113,29.02475234594455,0.07692307692307693,1.1125314760964868,1.3805823187129795
uniform_N13,uniform,13,29,0.46153846153846156,0.0010078041858752511,6234.529877173319,62133.207979731946,9.965981269449397,21.02355792373344,0.07692307692307687,1.1125314760964868,1.3805823187129795
uniform_N13,uniform,13,30,0.5384615384615384,0.0007299848565457195,8607.281713913288,69125.1495883012,8.031008149363052,15.228036487771504,0.07692307692307698,1.112531476096487,1.38058231871298
uniform_N13,uniform,13,31,0.6153846153846154,0.0005287514164502941,11883.060946410238,76903.90470686319,6.471725177013011,11.030154653847468,0.07692307692307687,1.1125314760964868,1.3805823187129795
uniform_N13,uniform,13,32,0.6923076923076923,0.00038299158933399356,16405.543834802702,85558.01462111008,5.215189175235228,7.9894943636031135,0.07692307692307698,1.112531476096487,1.38058231871298
uniform_N13,uniform,13,33,0.7692307692307693,0.0002774130771796569,22649.203747199346,95185.98429830841,4.202619454561554,5.787046708704164,0.07692307692307687,1.1125314760964868,1.3805823187129795
uniform_N13,uniform,13,34,0.8461538461538461,0.00020093917864910055,31269.09022631118,105897.40361509408,3.3866480555928478,4.191743317485786,0.07692307692307698,1.112531476096487,1.38058231871298
uniform_N13,uniform,13,35,0.9230769230769231,0.00014554668412414704,43169.55308868606,117814.19475868608,2.7291038782971095,3.0362139661425296,0.07692307692307687,1.1125314760964868,1.3805823187129795
uniform_N13,uniform,13,36,1.0,0.00010542412585714559,59599.12170098127,131072.0,2.199227039915287,2.199227039915287,0.0,1.0,1.2409377607517196
uniform_N13,uniform,13,37,1.0,8.4955208223564e-05,73958.80062638491,131072.0,1.7722299292295427,1.7722299292295427,0.0,1.0,1.2409377607517196
uniform_N13,uniform,13,38,1.0,6.846049085660905e-05,91778.26843718896,131072.0,1.428137643386711,1.428137643386711,0.0,1.0,1.2409377607517196
uniform_N13,uniform,13,39,1.0,5.516835172711471e-05,113891.1189201156,131072.0,1.150853562971273,1.150853562971273,0.0,1.0,1.2409377607517196
uniform_N13,uniform,13,40,1.0,4.445698525097308e-05,141331.79008223594,131072.0,0.9274063529778678,0.9274063529778678,0.0,1.0,1.2409377607517196
uniform_N13,uniform,13,41,1.0,3.582531425592411e-05,175383.95510768177,131072.0,0.7473431644275826,0.7473431644275826,0.0,1.0,1.2409377607517196
uniform_N13,uniform,13,42,1.0,2.8869549617236462e-05,217640.57252310694,131072.0,0.6022406506309115,0.6022406506309115,0.0,1.0,1.2409377607517196
uniform_N13,uniform,13,43,1.0,2.326430102324246e-05,270078.40471554676,131072.0,0.48531092346331156,0.48531092346331156,0.0,1.0,1.2409377607517196
uniform_N13,uniform,13,44,1.0,1.8747355233311403e-05,335150.49077510694,131072.0,0.39108401630822043,0.39108401630822043,0.0,1.0,1.2409377607517196
uniform_N13,uniform,13,45,1.0,1.510740975595334e-05,415900.8995373007,131072.0,0.31515199930036364,0.31515199930036364,0.0,1.0,1.2409377607517196
uniform_N13,uniform,13,46,1.0,1.2174188129146581e-05,516107.1309664443,131072.0,0.2539627765936098,0.2539627765936098,0.0,1.0,1.2409377607517196
uniform_N13,uniform,13,47,1.0,9.810474396211334e-06,640456.8274094944,131072.0,0.20465391950017478,0.20465391950017478,0.0,1.0,1.2409377607517196
uniform_N13,uniform,13,48,1.0,7.90569415042095e-06,794767.0612636878,131072.0,0.16491876222398316,0.16491876222398316,0.0,1.0,1.2409377607517196
uniform_N13,uniform,13,49,1.0,6.3707418699483745e-06,986256.4573237845,131072.0,0.13289849615349036,0.13289849615349036,0.0,1.0,1.2409377607517196
uniform_N13,uniform,13,50,1.0,5.133812566142867e-06,1223882.8796783022,131072.0,0.10709521489053944,0.10709521489053944,0.0,1.0,1.2409377607517196
uniform_N13,uniform,13,51,1.0,4.1370427498579515e-06,1518762.4801303598,131072.0,0.08630184226617825,0.08630184226617825,0.0,1.0,1.2409377607517196
uniform_N13,uniform,13,52,1.0,3.3338035804083114e-06,1884689.711206695,131072.0,0.06954566537962346,0.06954566537962346,0.0,1.0,1.2409377607517196
uniform_N13,uniform,13,53,1.0,2.6865195708032973e-06,2338782.6299366388,131072.0,0.05604283113884377,0.05604283113884377,0.0,1.0,1.2409377607517196
uniform_N13,uniform,13,54,1.0,2.1649108084001642e-06,2902283.679678593,131072.0,0.04516167765327312,0.04516167765327312,0.0,1.0,1.2409377607517196
uniform_N13,uniform,13,55,1.0,1.744576462149665e-06,3601553.4105266174,131072.0,0.036393185123092406,0.036393185123092406,0.0,1.0,1.2409377607517196
uniform_N13,uniform,13,56,1.0,1.4058533129758732e-06,4469303.624486615,131072.0,0.02932716391920142,0.02932716391920142,0.0,1.0,1.2409377607517196
uniform_N13,uniform,13,57,1.0,1.132895909400206e-06,5546127.631889959,131072.0,0.02363306593348889,0.02363306593348889,0.0,1.0,1.2409377607517196
uniform_N13,uniform,13,58,1.0,9.129353181370947e-07,6882399.204360769,131072.0,0.019044521555354015,0.019044521555354015,0.0,1.0,1.2409377607517196
uniform_N13,uniform,13,59,1.0,7.356817940523201e-07,8540629.057258878,131072.0,0.015346878915037164,0.015346878915037164,0.0,1.0,1.2409377607517196
uniform_N13,uniform,13,60,1.0,5.928434264154141e-07,10598389.09772589,131072.0,0.012367162480204117,0.012367162480204117,0.0,1.0,1.2409377607517196
uniform_N13,uniform,13,61,1.0,4.777382437426107e-07,13151941.234507393,131072.0,0.009965981269449408,0.009965981269449408,0.0,1.0,1.2409377607517196
uniform_N13,uniform,13,62,1.0,3.849816315148732e-07,16320740.505087825,131072.0,0.008031008149363054,0.008031008149363054,0.0,1.0,1.2409377607517196
uniform_N13,uniform,13,63,1.0,3.102344401879298e-07,20253023.17619359,131072.0,0.006471725177013007,0.006471725177013007,,,
