{
  "model_path": "/root/autodl-tmp/evq_phase9/seed42/hybrid1.5_r16_750m_2k_1bdata_ckpt/checkpoints/step_15258.pt",
  "method": "hybrid_750m",
  "tier": "750m",
  "rope_type": "hybrid",
  "tau": 1.5,
  "max_context_len": 2048,
  "tasks": [
    "qasper",
    "hotpotqa",
    "2wikimqa",
    "narrativeqa"
  ],
  "timestamp": "2026-03-04 00:40:13",
  "results": {
    "qasper": {
      "mean_nll": 4.0752248179912565,
      "std_nll": 1.6757634187997006,
      "median_nll": 3.8928518295288086,
      "n_samples": 100,
      "skipped": 0,
      "mean_seq_len": 2046.48,
      "ppl_from_nll": 58.863712722532924
    },
    "hotpotqa": {
      "mean_nll": 5.095630568265915,
      "std_nll": 3.0699816410761587,
      "median_nll": 4.421349287033081,
      "n_samples": 100,
      "skipped": 0,
      "mean_seq_len": 2045.71,
      "ppl_from_nll": 163.30678824276148
    },
    "2wikimqa": {
      "mean_nll": 3.6087076112627985,
      "std_nll": 2.6123707566215115,
      "median_nll": 3.3920356035232544,
      "n_samples": 100,
      "skipped": 0,
      "mean_seq_len": 2022.66,
      "ppl_from_nll": 36.91830916283028
    },
    "narrativeqa": {
      "mean_nll": 4.654202790260315,
      "std_nll": 1.6790812144258396,
      "median_nll": 4.4476683139801025,
      "n_samples": 100,
      "skipped": 0,
      "mean_seq_len": 2048.0,
      "ppl_from_nll": 105.02545929684565
    },
    "_aggregate": {
      "mean_nll": 4.358441446945071,
      "n_tasks": 4
    }
  }
}