{
  "model_path": "/root/autodl-tmp/evq_phase9/seed42/geo_750m_2k_1bdata_ckpt/checkpoints/step_15258.pt",
  "method": "geo_750m",
  "tier": "750m",
  "rope_type": "geo",
  "tau": null,
  "max_context_len": 8192,
  "tasks": [
    "qasper",
    "hotpotqa",
    "2wikimqa",
    "narrativeqa"
  ],
  "timestamp": "2026-03-04 00:39:43",
  "results": {
    "qasper": {
      "mean_nll": 5.484278069734573,
      "std_nll": 1.7762524534371902,
      "median_nll": 5.7392578125,
      "n_samples": 100,
      "skipped": 0,
      "mean_seq_len": 4613.17,
      "ppl_from_nll": 240.87498627013574
    },
    "hotpotqa": {
      "mean_nll": 6.508589519262314,
      "std_nll": 1.9972292073466618,
      "median_nll": 6.399909019470215,
      "n_samples": 100,
      "skipped": 0,
      "mean_seq_len": 7724.01,
      "ppl_from_nll": 670.879487340442
    },
    "2wikimqa": {
      "mean_nll": 6.2707586251199245,
      "std_nll": 2.0987750870261848,
      "median_nll": 6.008010625839233,
      "n_samples": 100,
      "skipped": 0,
      "mean_seq_len": 6014.74,
      "ppl_from_nll": 528.8784462028755
    },
    "narrativeqa": {
      "mean_nll": 6.710630211830139,
      "std_nll": 1.3405159599271348,
      "median_nll": 6.708451271057129,
      "n_samples": 100,
      "skipped": 0,
      "mean_seq_len": 8192.0,
      "ppl_from_nll": 821.0879357610813
    },
    "_aggregate": {
      "mean_nll": 6.243564106486738,
      "n_tasks": 4
    }
  }
}