{
  "model_path": "/root/autodl-tmp/evq_phase9/seed42/hybrid1.5_r16_750m_2k_1bdata_ckpt/checkpoints/step_15258.pt",
  "method": "hybrid_750m",
  "tier": "750m",
  "rope_type": "hybrid",
  "tau": 1.5,
  "max_context_len": 4096,
  "tasks": [
    "qasper",
    "hotpotqa",
    "2wikimqa",
    "narrativeqa"
  ],
  "timestamp": "2026-03-04 00:40:48",
  "results": {
    "qasper": {
      "mean_nll": 5.4700398910045624,
      "std_nll": 1.6020059344960083,
      "median_nll": 5.636109352111816,
      "n_samples": 100,
      "skipped": 0,
      "mean_seq_len": 3669.35,
      "ppl_from_nll": 237.4696654757364
    },
    "hotpotqa": {
      "mean_nll": 6.1861289089918134,
      "std_nll": 2.335725903212346,
      "median_nll": 5.838298082351685,
      "n_samples": 100,
      "skipped": 0,
      "mean_seq_len": 4038.11,
      "ppl_from_nll": 485.96126009847575
    },
    "2wikimqa": {
      "mean_nll": 5.7807501092553135,
      "std_nll": 2.0391191868557272,
      "median_nll": 5.68357515335083,
      "n_samples": 100,
      "skipped": 0,
      "mean_seq_len": 3927.19,
      "ppl_from_nll": 324.00213628904964
    },
    "narrativeqa": {
      "mean_nll": 6.393653359413147,
      "std_nll": 1.405156922438213,
      "median_nll": 6.2236902713775635,
      "n_samples": 100,
      "skipped": 0,
      "mean_seq_len": 4096.0,
      "ppl_from_nll": 598.0374392385222
    },
    "_aggregate": {
      "mean_nll": 5.957643067166209,
      "n_tasks": 4
    }
  }
}