{
  "model_path": "/root/autodl-tmp/evq_phase9/seed42/geo_750m_2k_1bdata_ckpt/checkpoints/step_15258.pt",
  "method": "geo_750m",
  "tier": "750m",
  "rope_type": "geo",
  "tau": null,
  "max_context_len": 2048,
  "tasks": [
    "qasper",
    "hotpotqa",
    "2wikimqa",
    "narrativeqa"
  ],
  "timestamp": "2026-03-04 00:38:23",
  "results": {
    "qasper": {
      "mean_nll": 3.969598996043205,
      "std_nll": 1.7001321861849812,
      "median_nll": 3.9615590572357178,
      "n_samples": 100,
      "skipped": 0,
      "mean_seq_len": 2046.48,
      "ppl_from_nll": 52.963288092658
    },
    "hotpotqa": {
      "mean_nll": 5.105187633037567,
      "std_nll": 3.0470973571319453,
      "median_nll": 4.449756860733032,
      "n_samples": 100,
      "skipped": 0,
      "mean_seq_len": 2045.71,
      "ppl_from_nll": 164.87500362726462
    },
    "2wikimqa": {
      "mean_nll": 3.6553692556917667,
      "std_nll": 2.8162588991199615,
      "median_nll": 3.3661786317825317,
      "n_samples": 100,
      "skipped": 0,
      "mean_seq_len": 2022.66,
      "ppl_from_nll": 38.681801953897896
    },
    "narrativeqa": {
      "mean_nll": 4.68879791021347,
      "std_nll": 1.763267928033927,
      "median_nll": 4.427929878234863,
      "n_samples": 100,
      "skipped": 0,
      "mean_seq_len": 2048.0,
      "ppl_from_nll": 108.7224071277369
    },
    "_aggregate": {
      "mean_nll": 4.354738448746502,
      "n_tasks": 4
    }
  }
}