{
  "mode": "coarse",
  "updated_at_unix": 1771649314.0331957,
  "elapsed_sec": 0.9564187526702881,
  "rows": [
    {
      "d": 64,
      "L": 4096,
      "search_mode": "coarse",
      "num_samples": 1800,
      "k_optimal": 0.28,
      "x0_optimal": 29.0,
      "k_formula": 0.596238688988391,
      "x0_formula": 15.5,
      "score_optimal": 0.07366208732128143,
      "score_formula": 0.2309348791837692,
      "score_standard": 0.17017853409051895,
      "score_optimal_short": 0.19363397359848022,
      "score_optimal_mid": 0.1164509728550911,
      "score_optimal_long": 0.0,
      "score_formula_short": 0.5114369988441467,
      "score_formula_mid": 0.42882493138313293,
      "score_formula_long": 0.0,
      "score_standard_short": 0.5253117680549622,
      "score_standard_mid": 0.21705393493175507,
      "score_standard_long": 0.0
    },
    {
      "d": 64,
      "L": 8192,
      "search_mode": "coarse",
      "num_samples": 1800,
      "k_optimal": 0.28,
      "x0_optimal": 29.0,
      "k_formula": 0.6600177382615168,
      "x0_formula": 15.5,
      "score_optimal": 0.07267393171787262,
      "score_formula": 0.22392263412475588,
      "score_standard": 0.16492743492126466,
      "score_optimal_short": 0.19363397359848022,
      "score_optimal_mid": 0.11315710097551346,
      "score_optimal_long": 0.0,
      "score_formula_short": 0.5106176137924194,
      "score_formula_mid": 0.40599703788757324,
      "score_formula_long": 0.0,
      "score_standard_short": 0.5253117680549622,
      "score_standard_mid": 0.19955027103424072,
      "score_standard_long": 0.0
    },
    {
      "d": 64,
      "L": 16384,
      "search_mode": "coarse",
      "num_samples": 1800,
      "k_optimal": 0.28,
      "x0_optimal": 29.0,
      "k_formula": 0.7237967875346425,
      "x0_formula": 15.5,
      "score_optimal": 0.11975535750389099,
      "score_formula": 0.27021012231707575,
      "score_standard": 0.20955278277397155,
      "score_optimal_short": 0.19363397359848022,
      "score_optimal_mid": 0.10904212296009064,
      "score_optimal_long": 0.09663186222314835,
      "score_formula_short": 0.5060027837753296,
      "score_formula_mid": 0.40308883786201477,
      "score_formula_long": 0.09616582840681076,
      "score_standard_short": 0.5253117680549622,
      "score_standard_mid": 0.194530189037323,
      "score_standard_long": 0.09226274490356445
    },
    {
      "d": 64,
      "L": 32768,
      "search_mode": "coarse",
      "num_samples": 1800,
      "k_optimal": 0.26,
      "x0_optimal": 29.0,
      "k_formula": 0.7875758368077681,
      "x0_formula": 15.5,
      "score_optimal": 0.12065325677394867,
      "score_formula": 0.32282404154539107,
      "score_standard": 0.2113118961453438,
      "score_optimal_short": 0.19593150913715363,
      "score_optimal_mid": 0.10783498734235764,
      "score_optimal_long": 0.09823290258646011,
      "score_formula_short": 0.5038130283355713,
      "score_formula_mid": 0.4123177230358124,
      "score_formula_long": 0.19673223793506622,
      "score_standard_short": 0.5253117680549622,
      "score_standard_mid": 0.19468779861927032,
      "score_standard_long": 0.0956864058971405
    },
    {
      "d": 64,
      "L": 65536,
      "search_mode": "coarse",
      "num_samples": 1800,
      "k_optimal": 0.26,
      "x0_optimal": 29.0,
      "k_formula": 0.8513548860808938,
      "x0_formula": 15.5,
      "score_optimal": 0.12223944813013077,
      "score_formula": 0.3290065214037895,
      "score_standard": 0.21294234097003936,
      "score_optimal_short": 0.19593150913715363,
      "score_optimal_mid": 0.1121273934841156,
      "score_optimal_long": 0.09882985055446625,
      "score_formula_short": 0.5041761994361877,
      "score_formula_mid": 0.4162333905696869,
      "score_formula_long": 0.2066025286912918,
      "score_standard_short": 0.5253117680549622,
      "score_standard_mid": 0.19592729210853577,
      "score_standard_long": 0.09820359945297241
    },
    {
      "d": 64,
      "L": 131072,
      "search_mode": "coarse",
      "num_samples": 1800,
      "k_optimal": 0.26,
      "x0_optimal": 29.0,
      "k_formula": 0.9151339353540195,
      "x0_formula": 15.5,
      "score_optimal": 0.12402418255805969,
      "score_formula": 0.33296889066696167,
      "score_standard": 0.21152394339442254,
      "score_optimal_short": 0.19593150913715363,
      "score_optimal_mid": 0.1127592921257019,
      "score_optimal_long": 0.10202016681432724,
      "score_formula_short": 0.49918505549430847,
      "score_formula_mid": 0.4233928322792053,
      "score_formula_long": 0.21222805976867676,
      "score_standard_short": 0.5253117680549622,
      "score_standard_mid": 0.19686321914196014,
      "score_standard_long": 0.09480524808168411
    },
    {
      "d": 128,
      "L": 4096,
      "search_mode": "coarse",
      "num_samples": 1800,
      "k_optimal": 0.13999999999999999,
      "x0_optimal": 58.0,
      "k_formula": 0.2981193444941955,
      "x0_formula": 31.5,
      "score_optimal": 0.06590783596038818,
      "score_formula": 0.22932444512844086,
      "score_standard": 0.1727347955107689,
      "score_optimal_short": 0.1897600144147873,
      "score_optimal_mid": 0.09318610280752182,
      "score_optimal_long": 0.0,
      "score_formula_short": 0.5058018565177917,
      "score_formula_mid": 0.427213579416275,
      "score_formula_long": 0.0,
      "score_standard_short": 0.5344582796096802,
      "score_standard_mid": 0.21947713196277618,
      "score_standard_long": 0.0
    },
    {
      "d": 128,
      "L": 8192,
      "search_mode": "coarse",
      "num_samples": 1800,
      "k_optimal": 0.13999999999999999,
      "x0_optimal": 58.0,
      "k_formula": 0.3300088691307584,
      "x0_formula": 31.5,
      "score_optimal": 0.06435003876686096,
      "score_formula": 0.22336058914661405,
      "score_standard": 0.1650459349155426,
      "score_optimal_short": 0.1897600144147873,
      "score_optimal_mid": 0.08799344301223755,
      "score_optimal_long": 0.0,
      "score_formula_short": 0.5040287375450134,
      "score_formula_mid": 0.40851613879203796,
      "score_formula_long": 0.0,
      "score_standard_short": 0.5344582796096802,
      "score_standard_mid": 0.19384759664535522,
      "score_standard_long": 0.0
    },
    {
      "d": 128,
      "L": 16384,
      "search_mode": "coarse",
      "num_samples": 1800,
      "k_optimal": 0.13999999999999999,
      "x0_optimal": 58.0,
      "k_formula": 0.36189839376732125,
      "x0_formula": 31.5,
      "score_optimal": 0.09693928062915802,
      "score_formula": 0.2560176752507687,
      "score_standard": 0.1980744354426861,
      "score_optimal_short": 0.1897600144147873,
      "score_optimal_mid": 0.0910378247499466,
      "score_optimal_long": 0.06335185468196869,
      "score_formula_short": 0.5072457790374756,
      "score_formula_mid": 0.4033021628856659,
      "score_formula_long": 0.06715574115514755,
      "score_standard_short": 0.5344582796096802,
      "score_standard_mid": 0.1905898004770279,
      "score_standard_long": 0.06801167875528336
    },
    {
      "d": 128,
      "L": 32768,
      "search_mode": "coarse",
      "num_samples": 1800,
      "k_optimal": 0.13999999999999999,
      "x0_optimal": 58.0,
      "k_formula": 0.39378791840388405,
      "x0_formula": 31.5,
      "score_optimal": 0.09717531502246857,
      "score_formula": 0.3180330008268356,
      "score_standard": 0.19863193929195405,
      "score_optimal_short": 0.1897600144147873,
      "score_optimal_mid": 0.08895928412675858,
      "score_optimal_long": 0.06507105380296707,
      "score_formula_short": 0.5057414174079895,
      "score_formula_mid": 0.41113346815109253,
      "score_formula_long": 0.18708935379981995,
      "score_standard_short": 0.5344582796096802,
      "score_standard_mid": 0.19131480157375336,
      "score_standard_long": 0.068691685795784
    },
    {
      "d": 128,
      "L": 65536,
      "search_mode": "coarse",
      "num_samples": 1800,