length,tf_accuracy,margin_mean,margin_std,n,gen_accuracy
1024,1.0,5.32731349600686,0.8354928977044874,72,
2048,1.0,5.558367364936405,1.0021039224930735,72,
4096,1.0,5.482281270954344,0.8816202683389305,72,
8192,1.0,5.541519837247001,0.8581244171383431,72,
16384,1.0,5.413687719239129,0.8372725679217681,72,
