{
  "mode": "coarse",
  "updated_at_unix": 1771650437.6176524,
  "elapsed_sec": 1.6632187366485596,
  "rows": [
    {
      "d": 64,
      "L": 4096,
      "search_mode": "coarse",
      "num_samples": 1500,
      "k_optimal": 0.26999999999999996,
      "x0_optimal": 29.0,
      "k_formula": 0.1949476445324846,
      "x0_formula": 15.68,
      "score_optimal": 0.07320590317249298,
      "score_formula": 0.19865692853927613,
      "score_standard": 0.17143376022577286,
      "score_optimal_short": 0.19504813849925995,
      "score_optimal_mid": 0.11398757994174957,
      "score_optimal_long": 0.0,
      "score_formula_short": 0.5193971395492554,
      "score_formula_mid": 0.3159250020980835,
      "score_formula_long": 0.0,
      "score_standard_short": 0.5253117084503174,
      "score_standard_mid": 0.22123806178569794,
      "score_standard_long": 0.0
    },
    {
      "d": 64,
      "L": 8192,
      "search_mode": "coarse",
      "num_samples": 1500,
      "k_optimal": 0.26999999999999996,
      "x0_optimal": 29.0,
      "k_formula": 0.21119328157685832,
      "x0_formula": 15.68,
      "score_optimal": 0.07224830985069275,
      "score_formula": 0.19150091707706451,
      "score_standard": 0.16541069895029067,
      "score_optimal_short": 0.19504813849925995,
      "score_optimal_mid": 0.11079561710357666,
      "score_optimal_long": 0.0,
      "score_formula_short": 0.5201829671859741,
      "score_formula_mid": 0.2915477454662323,
      "score_formula_long": 0.0,
      "score_standard_short": 0.5253117084503174,
      "score_standard_mid": 0.201161190867424,
      "score_standard_long": 0.0
    },
    {
      "d": 64,
      "L": 16384,
      "search_mode": "coarse",
      "num_samples": 1500,
      "k_optimal": 0.27999999999999997,
      "x0_optimal": 29.0,
      "k_formula": 0.22743891862123206,
      "x0_formula": 15.68,
      "score_optimal": 0.1133696660399437,
      "score_formula": 0.24590678960084916,
      "score_standard": 0.21482762992382048,
      "score_optimal_short": 0.19363397359848022,
      "score_optimal_mid": 0.11694473773241043,
      "score_optimal_long": 0.07911889255046844,
      "score_formula_short": 0.5122449994087219,
      "score_formula_mid": 0.2899111211299896,
      "score_formula_long": 0.11296890676021576,
      "score_standard_short": 0.5253117084503174,
      "score_standard_mid": 0.1993999034166336,
      "score_standard_long": 0.09989063441753387
    },
    {
      "d": 64,
      "L": 32768,
      "search_mode": "coarse",
      "num_samples": 1500,
      "k_optimal": 0.29,
      "x0_optimal": 27.0,
      "k_formula": 0.24368455566560576,
      "x0_formula": 15.68,
      "score_optimal": 0.11872413009405136,
      "score_formula": 0.25339644476771356,
      "score_standard": 0.21096005737781526,
      "score_optimal_short": 0.21065907180309296,
      "score_optimal_mid": 0.12106917053461075,
      "score_optimal_long": 0.08054311573505402,
      "score_formula_short": 0.5142077803611755,
      "score_formula_mid": 0.29687681794166565,
      "score_formula_long": 0.12298368662595749,
      "score_standard_short": 0.5253117084503174,
      "score_standard_mid": 0.19905981421470642,
      "score_standard_long": 0.09235954284667969
    },
    {
      "d": 64,
      "L": 65536,
      "search_mode": "coarse",
      "num_samples": 1500,
      "k_optimal": 0.27999999999999997,
      "x0_optimal": 29.0,
      "k_formula": 0.25993019270997947,
      "x0_formula": 15.68,
      "score_optimal": 0.12186096608638763,
      "score_formula": 0.2533724993467331,
      "score_standard": 0.21389464437961578,
      "score_optimal_short": 0.19363397359848022,
      "score_optimal_mid": 0.11275539547204971,
      "score_optimal_long": 0.0986151173710823,
      "score_formula_short": 0.5182158350944519,
      "score_formula_mid": 0.30397069454193115,
      "score_formula_long": 0.11707624793052673,
      "score_standard_short": 0.5253117084503174,
      "score_standard_mid": 0.19970907270908356,
      "score_standard_long": 0.09783916175365448
    },
    {
      "d": 64,
      "L": 131072,
      "search_mode": "coarse",
      "num_samples": 1500,
      "k_optimal": 0.29,
      "x0_optimal": 29.0,
      "k_formula": 0.2761758297543532,
      "x0_formula": 15.68,
      "score_optimal": 0.12189455330371857,
      "score_formula": 0.2546827979385853,
      "score_standard": 0.21328289732336997,
      "score_optimal_short": 0.2031983733177185,
      "score_optimal_mid": 0.11337075382471085,
      "score_optimal_long": 0.09448730200529099,
      "score_formula_short": 0.5120066404342651,
      "score_formula_mid": 0.3113000690937042,
      "score_formula_long": 0.11778289824724197,
      "score_standard_short": 0.5253117084503174,
      "score_standard_mid": 0.20010875165462494,
      "score_standard_long": 0.09637586027383804
    },
    {
      "d": 128,
      "L": 4096,
      "search_mode": "coarse",
      "num_samples": 1500,
      "k_optimal": 0.13999999999999999,
      "x0_optimal": 58.0,
      "k_formula": 0.0974738222662423,
      "x0_formula": 31.36,
      "score_optimal": 0.06554068624973297,
      "score_formula": 0.2014333367347717,
      "score_standard": 0.1741341918706894,
      "score_optimal_short": 0.1897600293159485,
      "score_optimal_mid": 0.09196226298809052,
      "score_optimal_long": 0.0,
      "score_formula_short": 0.5258834362030029,
      "score_formula_mid": 0.3208554983139038,
      "score_formula_long": 0.0,
      "score_standard_short": 0.534458339214325,
      "score_standard_mid": 0.22414174675941467,
      "score_standard_long": 0.0
    },
    {
      "d": 128,
      "L": 8192,
      "search_mode": "coarse",
      "num_samples": 1500,
      "k_optimal": 0.13999999999999999,
      "x0_optimal": 58.0,
      "k_formula": 0.10559664078842916,
      "x0_formula": 31.36,
      "score_optimal": 0.06489855796098709,
      "score_formula": 0.1928364336490631,
      "score_standard": 0.1662201017141342,
      "score_optimal_short": 0.1897600293159485,
      "score_optimal_mid": 0.08982183784246445,
      "score_optimal_long": 0.0,
      "score_formula_short": 0.5244042277336121,
      "score_formula_mid": 0.293185293674469,
      "score_formula_long": 0.0,
      "score_standard_short": 0.534458339214325,
      "score_standard_mid": 0.1977614462375641,
      "score_standard_long": 0.0
    },
    {
      "d": 128,
      "L": 16384,
      "search_mode": "coarse",
      "num_samples": 1500,
      "k_optimal": 0.12999999999999998,
      "x0_optimal": 58.0,
      "k_formula": 0.11371945931061603,
      "x0_formula": 31.36,
      "score_optimal": 0.09939727932214737,
      "score_formula": 0.23197554126381875,
      "score_standard": 0.20388368517160416,
      "score_optimal_short": 0.18990178406238556,
      "score_optimal_mid": 0.09161070734262466,
      "score_optimal_long": 0.06786741316318512,
      "score_formula_short": 0.5230327844619751,
      "score_formula_mid": 0.29051142930984497,
      "score_formula_long": 0.08043111115694046,
      "score_standard_short": 0.534458339214325,
      "score_standard_mid": 0.19347700476646423,
      "score_standard_long": 0.07789783179759979
    },
    {
      "d": 128,
      "L": 32768,
      "search_mode": "coarse",
      "num_samples": 1500,
      "k_optimal": 0.12999999999999998,
      "x0_optimal": 58.0,
      "k_formula": 0.12184227783280288,
      "x0_formula": 31.36,
      "score_optimal": 0.10037866979837418,
      "score_formula": 0.24607145935297015,
      "score_standard": 0.1999296709895134,
      "score_optimal_short": 0.18990178406238556,
      "score_optimal_mid": 0.09360198676586151,
      "score_optimal_long": 0.06863541901111603,
      "score_formula_short": 0.5217615365982056,
      "score_formula_mid": 0.2957534193992615,
      "score_formula_long": 0.10598625242710114,
      "score_standard_short": 0.534458339214325,
      "score_standard_mid": 0.19466033577919006,
      "score_standard_long": 0.06927980482578278
    },
    {
      "d": 128,