{
  "method": "tau0.00",
  "seed": 42,
  "tau": 0.0,
  "final_loss": 0.08513072649389505,
  "elapsed_min": 68.36385799646378,
  "steps": 7500,
  "fvd_32f": {
    "videomae_fvd": -1.0,
    "i3d_fvd": -1.0
  },
  "fvd_128f_yarn": {
    "videomae_fvd": -1.0,
    "i3d_fvd": -1.0
  },
  "fvd_128f_noyarn": {
    "videomae_fvd": -1.0,
    "i3d_fvd": -1.0
  },
  "pixel_32f": {
    "mse": 0.396036,
    "psnr": 4.02,
    "temporal_consistency_real": 0.075,
    "temporal_consistency_gen": 0.0661
  },
  "pixel_128f_yarn": {
    "mse": 0.294335,
    "psnr": 5.31,
    "temporal_consistency_real": 0.0314,
    "temporal_consistency_gen": 0.0028
  },
  "denoise_128f_yarn": {
    "noise_level": 0.5,
    "n_videos": 256,
    "per_frame_mse": [
      0.05703657120466232,
      0.05322408303618431,
      0.05212368816137314,
      0.0515715554356575,
      0.051075153052806854,
      0.05104996636509895,
      0.050792060792446136,
      0.05050719529390335,
      0.05036182329058647,
      0.05039505288004875,
      0.05006211996078491,
      0.049829352647066116,
      0.04975666478276253,
      0.04976487159729004,
      0.049195297062397,
      0.0490226186811924,
      0.04952540621161461,
      0.048864394426345825,
      0.04872120916843414,
      0.04849380627274513,
      0.04831676930189133,
      0.04875801131129265,
      0.04861893132328987,
      0.04845490679144859,
      0.048160940408706665,
      0.047794125974178314,
      0.04741889610886574,
      0.04692430794239044,
      0.04658485949039459,
      0.04668541997671127,
      0.04701406508684158,
      0.04659225419163704,
      0.046397898346185684,
      0.046683069318532944,
      0.04666366055607796,
      0.04657664895057678,
      0.04596420004963875,
      0.04512418806552887,
      0.044671326875686646,
      0.04492625966668129,
      0.044638823717832565,
      0.04491473361849785,
      0.044622424989938736,
      0.04488805681467056,
      0.04459546506404877,
      0.044526007026433945,
      0.04455001652240753,
      0.04490576311945915,
      0.04476626589894295,
      0.04451639950275421,
      0.04468648508191109,
      0.04499875754117966,
      0.04577279090881348,
      0.045761920511722565,
      0.04586293548345566,
      0.0457317940890789,
      0.04572379216551781,
      0.045626599341630936,
      0.0457480289041996,
      0.04584440216422081,
      0.04567685350775719,
      0.04582632705569267,
      0.0458456426858902,
      0.045676134526729584,
      0.04587528109550476,
      0.04551898315548897,
      0.045279767364263535,
      0.04532454535365105,
      0.04514699429273605,
      0.044521164149045944,
      0.04463741555809975,
      0.0442749448120594,
      0.04434555023908615,
      0.04435743764042854,
      0.044408444315195084,
      0.04474135488271713,
      0.04439038783311844,
      0.044494252651929855,
      0.04398757591843605,
      0.043784305453300476,
      0.04340290278196335,
      0.043473877012729645,
      0.04331917688250542,
      0.04336337745189667,
      0.04333527758717537,
      0.043280281126499176,
      0.043391019105911255,
      0.0436125174164772,
      0.04373433440923691,
      0.04385750740766525,
      0.043915022164583206,
      0.0440971814095974,
      0.044587794691324234,
      0.044619232416152954,
      0.044437065720558167,
      0.04476264864206314,
      0.044647425413131714,
      0.04473470523953438,
      0.04494983330368996,
      0.045002128928899765,
      0.0449073351919651,
      0.04566030204296112,
      0.04583372920751572,
      0.04578853026032448,
      0.04602661356329918,
      0.046174220740795135,
      0.046357519924640656,
      0.046557988971471786,
      0.04649324715137482,
      0.04666523635387421,
      0.046675343066453934,
      0.046529337763786316,
      0.04688558354973793,
      0.047435689717531204,
      0.0472797229886055,
      0.047039344906806946,
      0.047307632863521576,
      0.04766034334897995,
      0.04762176424264908,
      0.04757362976670265,
      0.04772248864173889,
      0.04786667972803116,
      0.048349011689424515,
      0.04875810071825981,
      0.04888702183961868,
      0.05006541311740875,
      0.051246900111436844,
      0.055102020502090454
    ],
    "train_mse": 0.04945926368236542,
    "all_extrap_mse": 0.045612458139657974,
    "near_extrap_mse": 0.045397303998470306,
    "mid_extrap_mse": 0.04425867646932602,
    "far_extrap_mse": 0.047181401401758194
  },
  "denoise_128f_noyarn": {
    "noise_level": 0.5,
    "n_videos": 256,