{
  "method": "tau1.50",
  "seed": 42,
  "tau": 1.5,
  "final_loss": 0.08520053339004517,
  "elapsed_min": 68.75563346942266,
  "steps": 7500,
  "fvd_32f": {
    "videomae_fvd": -1.0,
    "i3d_fvd": -1.0
  },
  "fvd_128f_yarn": {
    "videomae_fvd": -1.0,
    "i3d_fvd": -1.0
  },
  "fvd_128f_noyarn": {
    "videomae_fvd": -1.0,
    "i3d_fvd": -1.0
  },
  "pixel_32f": {
    "mse": 0.389099,
    "psnr": 4.1,
    "temporal_consistency_real": 0.075,
    "temporal_consistency_gen": 0.067
  },
  "pixel_128f_yarn": {
    "mse": 0.298502,
    "psnr": 5.25,
    "temporal_consistency_real": 0.0314,
    "temporal_consistency_gen": 0.0025
  },
  "denoise_128f_yarn": {
    "noise_level": 0.5,
    "n_videos": 256,
    "per_frame_mse": [
      0.0564708411693573,
      0.05276457965373993,
      0.05178944766521454,
      0.05128921568393707,
      0.05065302923321724,
      0.05051644518971443,
      0.05008199065923691,
      0.049853235483169556,
      0.049653686583042145,
      0.04908757656812668,
      0.04893598333001137,
      0.048942845314741135,
      0.04835306853055954,
      0.048067834228277206,
      0.04756534472107887,
      0.047374971210956573,
      0.04749961569905281,
      0.04728056490421295,
      0.047132350504398346,
      0.0467834435403347,
      0.04654586687684059,
      0.04723745957016945,
      0.04691600799560547,
      0.0465410016477108,
      0.04694466292858124,
      0.04661747068166733,
      0.046290017664432526,
      0.04671036824584007,
      0.04643259197473526,
      0.046445026993751526,
      0.046606387943029404,
      0.046125974506139755,
      0.04627933353185654,
      0.0463896282017231,
      0.04627108573913574,
      0.04620523005723953,
      0.04650338366627693,
      0.04572189226746559,
      0.04570482298731804,
      0.04556839540600777,
      0.045553579926490784,
      0.04627915099263191,
      0.04573215916752815,
      0.04572870582342148,
      0.045541178435087204,
      0.04553625360131264,
      0.04551614820957184,
      0.04581790789961815,
      0.04571559652686119,
      0.045222923159599304,
      0.04518358036875725,
      0.04532407224178314,
      0.045472823083400726,
      0.04507282376289368,
      0.04460427165031433,
      0.04472319409251213,
      0.044579118490219116,
      0.04423817992210388,
      0.04392590373754501,
      0.04392662271857262,
      0.043703220784664154,
      0.04341645538806915,
      0.04353075847029686,
      0.04362852871417999,
      0.04350849241018295,
      0.043042998760938644,
      0.043137867003679276,
      0.043506719172000885,
      0.04371137544512749,
      0.04330906644463539,
      0.043370090425014496,
      0.043209511786699295,
      0.04325683042407036,
      0.04346244037151337,
      0.043909575790166855,
      0.04462864622473717,
      0.04473800212144852,
      0.045041341334581375,
      0.044655367732048035,
      0.04463399574160576,
      0.044646166265010834,
      0.044671572744846344,
      0.044437557458877563,
      0.04420726001262665,
      0.04420996457338333,
      0.04429837688803673,
      0.04426633566617966,
      0.04412641376256943,
      0.04451601952314377,
      0.04432082921266556,
      0.04449547827243805,
      0.04416298121213913,
      0.04400414973497391,
      0.04408988729119301,
      0.04404953494668007,
      0.044160451740026474,
      0.04439454525709152,
      0.044331204146146774,
      0.04422612860798836,
      0.04401914402842522,
      0.043797459453344345,
      0.043979279696941376,
      0.04404762014746666,
      0.0438513308763504,
      0.044001705944538116,
      0.04415324702858925,
      0.044128112494945526,
      0.044305477291345596,
      0.044217150658369064,
      0.04398230463266373,
      0.044362615793943405,
      0.044425178319215775,
      0.04489560425281525,
      0.04537053778767586,
      0.0454024039208889,
      0.04558912292122841,
      0.045687563717365265,
      0.04587703198194504,
      0.046132784336805344,
      0.046236302703619,
      0.04655774310231209,
      0.046894144266843796,
      0.04708795249462128,
      0.04781382158398628,
      0.04837765544652939,
      0.04920441657304764,
      0.05065934732556343,
      0.054050013422966
    ],
    "train_mse": 0.048422157764434814,
    "all_extrap_mse": 0.04498397186398506,
    "near_extrap_mse": 0.04520678147673607,
    "mid_extrap_mse": 0.044055789709091187,
    "far_extrap_mse": 0.04568934068083763
  },
  "denoise_128f_noyarn": {
    "noise_level": 0.5,
    "n_videos": 256,