{
  "algorithm": "Algorithm 1 (data-driven τ estimation)",
  "dataset": "fineweb-edu",
  "max_delta": 128,
  "base": 500000.0,
  "n_tokens": 2000000,
  "sample_size": 100000,
  "tau_star": 40.962676,
  "alpha": 0.0010583658758854895,
  "beta": 1.7758752733113468,
  "beta_over_alpha": 1677.9407894510466,
  "relative_residual": 0.356034,
  "D_hist_top10": {
    "17": 0.00927483,
    "16": 0.00919412,
    "18": 0.00916049,
    "22": 0.00907978,
    "13": 0.00905288,
    "9": 0.00894527,
    "24": 0.00893181,
    "19": 0.00892509,
    "20": 0.00890491,
    "14": 0.00883765
  },
  "comparison_base10000": {
    "tau_star": 22.995701,
    "alpha": 0.0029378401184573626,
    "beta": 1.553536509602895,
    "residual": 0.404219
  }
}