{
  "algorithm": "Algorithm 1 (data-driven τ estimation)",
  "dataset": "fineweb-edu",
  "max_delta": 4096,
  "base": 500000.0,
  "n_tokens": 2000000,
  "sample_size": 100000,
  "tau_star": 15.275641,
  "alpha": 0.004947048327043829,
  "beta": 1.1543700567522959,
  "beta_over_alpha": 233.3452152552761,
  "relative_residual": 0.541538,
  "D_hist_top10": {
    "16": 0.0003966,
    "29": 0.0003884,
    "15": 0.00038472,
    "30": 0.00038274,
    "13": 0.00038076,
    "24": 0.00037878,
    "22": 0.00037821,
    "17": 0.00037595,
    "18": 0.00037482,
    "26": 0.00037425
  },
  "comparison_base10000": {
    "tau_star": 6.477762,
    "alpha": 0.007267269952026257,
    "beta": 0.30494479543253705,
    "residual": 0.744424
  }
}