{
  "algorithm": "Algorithm 1 (data-driven τ estimation)",
  "dataset": "tinystories",
  "max_delta": 2048,
  "base": 500000.0,
  "n_tokens": 2000000,
  "sample_size": 100000,
  "tau_star": 17.784678,
  "alpha": 0.004208612135398065,
  "beta": 1.3311620628469862,
  "beta_over_alpha": 316.2947831782271,
  "relative_residual": 0.490214,
  "D_hist_top10": {
    "14": 0.0006717,
    "13": 0.00065963,
    "30": 0.00065158,
    "15": 0.00065091,
    "24": 0.00064655,
    "37": 0.00064588,
    "12": 0.00063884,
    "26": 0.00063649,
    "28": 0.00063649,
    "25": 0.00063649
  },
  "comparison_base10000": {
    "tau_star": 8.590591,
    "alpha": 0.006851888381825853,
    "beta": 0.5056574021701844,
    "residual": 0.722163
  }
}