{
  "algorithm": "Algorithm 1 (data-driven τ estimation)",
  "dataset": "fineweb-edu",
  "max_delta": 2048,
  "base": 500000.0,
  "n_tokens": 2000000,
  "sample_size": 100000,
  "tau_star": 18.013274,
  "alpha": 0.004140151002294309,
  "beta": 1.3433881076248426,
  "beta_over_alpha": 324.47804606169916,
  "relative_residual": 0.477147,
  "D_hist_top10": {
    "28": 0.00073783,
    "20": 0.00073078,
    "16": 0.00072915,
    "15": 0.0007259,
    "17": 0.00072319,
    "14": 0.00071885,
    "18": 0.00071885,
    "13": 0.00071505,
    "23": 0.00071233,
    "22": 0.00071233
  },
  "comparison_base10000": {
    "tau_star": 8.823121,
    "alpha": 0.006782206727425256,
    "beta": 0.5279776084426031,
    "residual": 0.705054
  }
}