{
  "geo_base": {
    "score": 0.20046922117471694,
    "breakdown": {
      "short": 0.5344582796096802,
      "mid": 0.1960456669330597,
      "long": 0.06952773034572601,
      "total": 0.20046922117471694,
      "uniform": 0.26667722562948865,
      "powerlaw_short": 0.42028270214796065,
      "powerlaw_long": 0.1413243725895882,
      "bimodal": 0.28080353736877445
    }
  },
  "ntk_4x": {
    "score": 0.2338851746171713,
    "breakdown": {
      "short": 0.5959132313728333,
      "mid": 0.2869716286659241,
      "long": 0.05722207948565483,
      "total": 0.2338851746171713,
      "uniform": 0.3133689798414707,
      "powerlaw_short": 0.4802557956427336,
      "powerlaw_long": 0.15704110451042652,
      "bimodal": 0.31864845007658005
    }
  },
  "yarn_4x": {
    "score": 0.2733693189918995,
    "breakdown": {
      "short": 0.6865779161453247,
      "mid": 0.3291071653366089,
      "long": 0.07464317232370377,
      "total": 0.2733693189918995,
      "uniform": 0.3634427512685458,
      "powerlaw_short": 0.5538902916014194,
      "powerlaw_long": 0.18672944530844687,
      "bimodal": 0.3703098684549332
    }
  },
  "longrope_4x": {
    "score": 0.23899893984198572,
    "breakdown": {
      "short": 0.5788015127182007,
      "mid": 0.28118884563446045,
      "long": 0.07776396721601486,
      "total": 0.23899893984198572,
      "uniform": 0.3125847751895587,
      "powerlaw_short": 0.469175224751234,
      "powerlaw_long": 0.16855269744992257,
      "bimodal": 0.31886396110057835
    }
  },
  "hybrid_50_100k": {
    "score": 0.27192049473524094,
    "breakdown": {
      "short": 0.5438545346260071,
      "mid": 0.3400327265262604,
      "long": 0.12227953970432281,
      "total": 0.27192049473524094,
      "uniform": 0.3353889336188634,
      "powerlaw_short": 0.46093267351388933,
      "powerlaw_long": 0.20798767656087874,
      "bimodal": 0.334460175037384
    }
  },
  "hybrid_50_500k": {
    "score": 0.34323529750108717,
    "breakdown": {
      "short": 0.5445696711540222,
      "mid": 0.40748655796051025,
      "long": 0.22415079176425934,
      "total": 0.34323529750108717,
      "uniform": 0.3920690069595973,
      "powerlaw_short": 0.4851111605763435,
      "powerlaw_long": 0.2928598329424858,
      "bimodal": 0.3889854967594147
    }
  },
  "sigmoid_v2": {
    "score": 0.22984203472733497,
    "breakdown": {
      "short": 0.512000560760498,
      "mid": 0.29532891511917114,
      "long": 0.07768649607896805,
      "total": 0.22984203472733497,
      "uniform": 0.29500532398621243,
      "powerlaw_short": 0.4252348251640797,
      "powerlaw_long": 0.16464638635516166,
      "bimodal": 0.29494060575962067
    }
  },
  "sigmoid_k016": {
    "score": 0.2331479199230671,
    "breakdown": {
      "short": 0.5070921778678894,
      "mid": 0.32362380623817444,
      "long": 0.06928468495607376,
      "total": 0.2331479199230671,
      "uniform": 0.30000022302071255,
      "powerlaw_short": 0.4266177542507648,
      "powerlaw_long": 0.16393325850367546,
      "bimodal": 0.29527550637722016
    }
  },
  "anchored_x10": {
    "score": 0.23466976657509803,
    "breakdown": {
      "short": 0.59710693359375,
      "mid": 0.2769477963447571,
      "long": 0.06432808190584183,
      "total": 0.23466976657509803,
      "uniform": 0.312794270614783,
      "powerlaw_short": 0.4797972209751606,
      "powerlaw_long": 0.16012990996241572,
      "bimodal": 0.3199635654687882
    }
  },
  "anchored_x20": {
    "score": 0.23347329236567022,
    "breakdown": {
      "short": 0.6004941463470459,
      "mid": 0.27951547503471375,
      "long": 0.0590396411716938,
      "total": 0.23347329236567022,
      "uniform": 0.31301642085115117,
      "powerlaw_short": 0.48215296156704424,
      "powerlaw_long": 0.157280258461833,
      "bimodal": 0.31971661001443863
    }
  },
  "anchored_x20_dim0": {
    "score": 0.2440855771303177,
    "breakdown": {
      "short": 0.6139858961105347,
      "mid": 0.29335159063339233,
      "long": 0.06656584143638611,
      "total": 0.2440855771303177,
      "uniform": 0.32463444272677106,
      "powerlaw_short": 0.4951170295476914,
      "powerlaw_long": 0.1666649967432022,
      "bimodal": 0.3308910131454468
    }
  }
}