{
  "k_model": {
    "name": "M0",
    "n_params": 1,
    "ok": true,
    "params": {
      "c": 16.22349206353444
    },
    "stderr": {
      "c": 0.16818072996869407
    },
    "r2": 0.9917088875190937,
    "aic": -124.69815768056594,
    "bic": -123.80778592266978,
    "mae": 0.00555555555555556,
    "max_rel_error_pct": 10.213940649011139,
    "message": "ok"
  },
  "x0_model": {
    "name": "X2",
    "n_params": 2,
    "ok": true,
    "params": {
      "c1": 0.4657979588627839,
      "c2": 0.17128807823228742
    },
    "stderr": {
      "c1": 0.003932483182744521,
      "c2": 0.06579770677749687
    },
    "r2": 0.9987999393359283,
    "aic": 64.11773087831297,
    "bic": 65.89847439410529,
    "mae": 1.011229690727954,
    "max_rel_error_pct": 4.910864153605168,
    "message": "ok"
  },
  "k_formula_latex": "k = 16.2235 \\cdot d^{-1}",
  "x0_formula_latex": "x_0 = 0.4658 \\cdot d + 0.1713\\ln L",
  "impr_formula_avg": 55.67126795920602,
  "impr_formula_min": 45.139122927006426,
  "impr_formula_max": 66.52555753172325,
  "impr_opt_avg": 57.556365615396345,
  "impr_opt_min": 46.66772117886096,
  "impr_opt_max": 66.74990448102437,
  "formula_vs_opt_gap_avg": 1.8850976561903277,
  "k_good_min": 0.0655,
  "k_good_max": 0.24996938775510208,
  "x0_good_min": 37.289795918367346,
  "x0_good_max": 60.8,
  "sensitivity": {
    "d": 128,
    "L": 131072,
    "k_opt": 0.131,
    "x0_opt": 62.5,
    "k_formula": 0.12674603174636281,
    "x0_formula": 61.64051215877044,
    "score_standard": 0.1999192140996456,
    "k_good_range": [
      0.0655,
      0.24996938775510208
    ],
    "x0_good_range": [
      37.289795918367346,
      60.8
    ]
  },
  "passkey": {
    "mode": "skipped",
    "reason": "force_skip_passkey=True"
  },
  "figure1": {
    "d": 128,
    "L": 131072,
    "k_formula": 0.12674603174636281,
    "x0_formula": 61.64051215877044
  },
  "elapsed_sec": 3.0020580291748047
}