{
  "meta": {
    "timestamp": "2026-02-25 13:51:07",
    "prior_json": "/private/tmp/hybrid_rope_smoke/prior.json",
    "b_grid": [
      10000.0,
      100000.0
    ],
    "L_grid": [
      4096,
      8192
    ],
    "phi_points": 128,
    "chunk_size": 2048,
    "mirror_steps": 20,
    "mirror_lr": 0.8,
    "entropy_reg": 0.0001,
    "gap_threshold": 0.002,
    "tv_threshold": 0.12
  },
  "rows": [
    {
      "b": 10000.0,
      "L": 4096,
      "diag_residual_fro": 0.9443778776294859,
      "objective_diag": 0.02927504707020054,
      "objective_full": 0.011411640706027995,
      "objective_gap": 0.017863406364172545,
      "tv_rho_diag_full": 0.18045536882430727
    },
    {
      "b": 100000.0,
      "L": 4096,
      "diag_residual_fro": 0.9814695339963041,
      "objective_diag": 0.059807767408753744,
      "objective_full": 0.012629406770408573,
      "objective_gap": 0.04717836063834517,
      "tv_rho_diag_full": 0.25103816371075993
    },
    {
      "b": 10000.0,
      "L": 8192,
      "diag_residual_fro": 0.8822680972199969,
      "objective_diag": 0.01896561862925985,
      "objective_full": 0.008876359706512649,
      "objective_gap": 0.0100892589227472,
      "tv_rho_diag_full": 0.14013015308653592
    },
    {
      "b": 100000.0,
      "L": 8192,
      "diag_residual_fro": 0.9745811865820517,
      "objective_diag": 0.0420004594967216,
      "objective_full": 0.010106503515841246,
      "objective_gap": 0.03189395598088035,
      "tv_rho_diag_full": 0.21204144326461716
    }
  ],
  "recommended_region": [],
  "artifacts": {
    "csv": "/tmp/hybrid_rope_smoke/functional/functional_residual_real_prior.csv",
    "gap_png": "/tmp/hybrid_rope_smoke/functional/functional_objective_gap.png",
    "tv_png": "/tmp/hybrid_rope_smoke/functional/functional_tv_gap.png",
    "gap_pdf": "/tmp/hybrid_rope_smoke/functional/functional_objective_gap.pdf",
    "tv_pdf": "/tmp/hybrid_rope_smoke/functional/functional_tv_gap.pdf",
    "recommended_md": "/tmp/hybrid_rope_smoke/functional/recommended_domain.md"
  }
}