{
  "meta": {
    "prior_json": "/private/tmp/hybrid_rope_smoke/prior.json",
    "L": 16384,
    "base": 500000.0,
    "head_dim": 128,
    "phi_points": 256,
    "n_bins": 64,
    "quantization_error_mean_abs_cdf": 4.336808689942018e-18
  },
  "phi_discrete": [
    0.0029514128177094787,
    0.016697988183976335,
    0.030444898864066372,
    0.0441927329740287,
    0.05794120275406564,
    0.07169103813669349,
    0.08544240858644529,
    0.09919519228402807,
    0.11295066116049969,
    0.12670812758899386,
    0.14046855436513292,
    0.15422916375832793,
    0.16799129497819132,
    0.18175311139327438,
    0.1955185005088149,
    0.20928388042082632,
    0.22304798454958003,
    0.23681015032734754,
    0.25056892041404094,
    0.2643267385215696,
    0.2780927989192555,
    0.29185306614510903,
    0.3056322430194056,
    0.3193882606283829,
    0.33314215276093617,
    0.34693396380066555,
    0.3606903290122137,
    0.3744883760093009,
    0.3882500589925663,
    0.40202865433041857,
    0.4158024773685982,
    0.4296513405993104,
    0.4434747317507341,
    0.4572271595052461,
    0.47096810982390036,
    0.48474682639310696,
    0.4984948181724806,
    0.5123103722814499,
    0.5260933334399077,
    0.5398003067097098,
    0.5534108068741961,
    0.5674953112266719,
    0.5807429511373224,
    0.5951956473552846,
    0.6083242512874648,
    0.6214384469269368,
    0.6365039149289693,
    0.6512190661419371,
    0.6636973877560114,
    0.6747683514727992,
    0.6856944779377518,
    0.6976408245116061,
    0.7116752987743132,
    0.7285782799374175,
    0.7486714593808838,
    0.7715748706770031,
    0.7964777045731005,
    0.8226089561848654,
    0.8494139731403004,
    0.876568580290587,
    0.9038988607600479,
    0.9313159016551563,
    0.9587754344520093,
    0.9862556939890402
  ],
  "inv_freq": [
    0.9620108868671831,
    0.8032276798918397,
    0.670649236634034,
    0.5599470234411736,
    0.4675142183828576,
    0.39033268956470346,
    0.32588642975003584,
    0.27207558685484506,
    0.22714206517819094,
    0.18962438338224902,
    0.15829745117162602,
    0.13214557406691874,
    0.11031197214601961,
    0.09208618263298061,
    0.07686806174271414,
    0.06416488837676346,
    0.05356193110322237,
    0.04471220178399174,
    0.037326325464141476,
    0.031160889466650243,
    0.026011025840679297,
    0.02171391484669081,
    0.01812220399018126,
    0.015129197174163233,
    0.01263085833567363,
    0.010539833415703132,
    0.00879906719210356,
    0.007341790339697977,
    0.0061287874443236,
    0.005115060302757536,
    0.004269275231091197,
    0.0035598352369919516,
    0.0029692776277523486,
    0.0024789977512575663,
    0.0020699834305989004,
    0.001727596743310956,
    0.0014424241463571377,
    0.0012032574393454367,
    0.0010041760827867328,
    0.0008388691896419854,
    0.0007016627343483559,
    0.0005832587244197603,
    0.0004901887515979677,
    0.0004055065363734219,
    0.00034133304809872843,
    0.00028736967143176267,
    0.00023582143685029833,
    0.0001944115558156665,
    0.0001650473270198397,
    0.00014273004577700725,
    0.00012366526660050704,
    0.00010572212098383668,
    8.793946506016918e-05,
    7.04456591031303e-05,
    5.411825814195921e-05,
    4.006987207347687e-05,
    2.8899974031534295e-05,
    2.051049932848683e-05,
    1.4428302724707941e-05,
    1.0103269882317574e-05,
    7.0584201427497695e-06,
    4.925594003950072e-06,
    3.4353228504928017e-06,
    2.3952915552105704e-06
  ]
}