{
  "ts": "2026-02-13_084909",
  "name": "hybrid_basegeo500k_alpha0.2",
  "group": "hybrid_high_theta",
  "rope": {
    "kind": "custom",
    "custom_omega": [
      1.0,
      0.7308767416396432,
      0.5522298674116468,
      0.4334741662378486,
      0.3541935949071907,
      0.3007020198880299,
      0.26376733949156855,
      0.23711252620612416,
      0.2164378449807023,
      0.19879439124099166,
      0.18219444964990472,
      0.16537866130368445,
      0.1476804915628347,
      0.1289405258188695,
      0.10943164345183462,
      0.08976560304389034,
      0.07076520868693548,
      0.053304523593901004,
      0.03813919118973943,
      0.025762946848483806,
      0.016327343585629924,
      0.00964618290828474,
      0.00527880015387212,
      0.0026594341152665745,
      0.0012269983799188542,
      0.0005169932076974395,
      0.00019961843599876727,
      7.196717206928643e-05,
      2.5525556955631893e-05,
      9.854749707881466e-06,
      4.59444927615483e-06,
      2.591918010839688e-06
    ],
    "recipe": {
      "geo_theta": 500000.0,
      "anchpoly_p": 3.9,
      "omega_min_factor": 0.3,
      "alpha_poly": 0.2
    }
  },
  "data": {
    "dataset": "roneneldan/TinyStories",
    "tokenizer": "EleutherAI/pythia-70m",
    "train_tokens": 50000000,
    "val_tokens": 2500000,
    "seq_len": 2048,
    "seed": 42
  },
  "train": {
    "total_steps": 382,
    "full_steps": 382,
    "micro_batch": 64,
    "grad_accum": 1,
    "effective_batch": 64,
    "loss_curve": [
      {
        "step": 100,
        "loss": 4.482560634613037
      },
      {
        "step": 200,
        "loss": 3.3862152099609375
      },
      {
        "step": 300,
        "loss": 3.028125762939453
      },
      {
        "step": 382,
        "loss": 3.018022060394287
      }
    ],
    "checkpoint": "/opt/dfrope/results/h800_parallel/variants/hybrid_basegeo500k_alpha0.2/hybrid_basegeo500k_alpha0.2_model.pt"
  },
  "ppl": {
    "2048": {
      "mean": 18.040603382063093,
      "std": 2.095011292504271,
      "n_chunks": 5
    },
    "16384": {
      "mean": 26.552043667391956,
      "std": 2.454577868640129,
      "n_chunks": 5
    }
  }
}