length,tf_accuracy,margin_mean,margin_std,n,gen_accuracy
1024,1.0,6.134128212928772,0.9712943103554472,72,
2048,1.0,6.72167972723643,1.0300927368659538,72,
4096,1.0,6.344004902574751,0.8929767523863543,72,
8192,1.0,6.648307929436366,0.8082398761677252,72,
16384,1.0,6.5850189824899035,0.8521732803020412,72,
