{
  "config": {
    "length": 131072,
    "d": 128,
    "base": 10000.0,
    "num_bins": 100,
    "sample_count_used": 1000,
    "seed": 20260221,
    "device": "cuda",
    "dtype": "torch.bfloat16"
  },
  "sigmoid_params": {
    "x0": 32.0,
    "k": 0.5523516595087063
  },
  "bin_edges": [
    1.0,
    1.1250584846888094,
    1.26575659397028,
    1.4240501955970717,
    1.6021397551792442,
    1.8025009252216604,
    2.027918959580058,
    2.2815274317368472,
    2.5668517951258085,
    2.887858391044992,
    3.249009585424942,
    3.6553258009176024,
    4.112455306624266,
    4.6267527356211495,
    5.205367421767735,
    5.856342783782503,
    6.588728138140586,
    7.412704495122967,
    8.339726086728971,
    9.382679593855032,
    10.556063286183152,
    11.876188565032397,
    13.361406710853913,
    15.03236398742419,
    16.912288648982088,
    19.027313840043536,
    21.406840876577792,
    24.083947958577074,
    27.09584999560088,
    30.484415937406006,
    34.29675080116139,
    38.58585048610434,
    43.411338478325504,
    48.8402946867379,
    54.948187932016246,
    61.81992505119011,
    69.55103120166771,
    78.24897777229242,
    88.03467636094362,
    99.04415958671298,
    111.43047210190386,
    125.36579809112672,
    141.04385483220625,
    158.68258559219035,
    178.52718929285197,
    200.85352906156828,
    225.97196705040773,
    254.23167883188125,
    286.0255073464884,
    321.7954238775881,
    362.03867196751236,
    407.3146796825184,
    458.2528363151219,
    515.56124162904,
    580.0365492714488,
    652.5750411874621,
    734.1850869841041,
    826.0011614434579,
    929.2996150447733,
    1045.5164167241664,
    1176.2671155169644,
    1323.3692985727928,
    1488.8678577359985,
    1675.0634159263363,
    1884.5443084797448,
    2120.2225640271417,
    2385.374385087398,
    2683.685691101928,
    3019.3033570121756,
    3396.892859655953,
    3821.703133334763,
    4299.639536120083,
    4837.345941215355,
    5442.297094539315,
    6122.902522408713,
    6888.623433758435,
    7750.104241976086,
    8719.320534657929,
    9809.745548238268,
    11036.537461683729,
    12416.750112853173,
    13969.57006672622,
    15716.583331025153,
    17682.075426888558,
    19893.36898592847,
    22381.20356666404,
    25180.16297022282,
    28329.155995496156,
    31871.9573168058,
    35857.816002911946,
    40342.14013648625,
    45387.267051058814,
    51063.32989263056,
    57449.23255216771,
    64633.746521676825,
    72716.74492143832,
    81810.59085281608,
    92041.69937636542,
    103552.29482855661,
    116502.38790586473,
    131072.00000000003
  ],
  "bin_centers": [
    1.060687741368217,
    1.193335743031722,
    1.3425725027802633,
    1.5104725855628256,
    1.6993699982773005,
    1.9118906351874843,
    2.1509887809147563,
    2.4199881784385853,
    2.7226282329989466,
    3.0631159941887653,
    3.446184638848069,
    3.87715926774026,
    4.362030930661031,
    4.907539909015216,
    5.521269413586517,
    6.211751000008318,
    6.988583167333554,
    7.8625647883620084,
    8.845845226562151,
    9.95209322638775,
    11.196686924761568,
    12.596927625107257,
    14.172280305637774,
    15.944644205245888,
    17.938657248456142,
    20.182038541299992,
    22.70597369920612,
    25.5455483634128,
    28.740235932285906,
    32.33444628757645,
    36.37814314355246,
    40.927538600877725,
    46.04587456034625,
    51.80430185903415,
    58.28286934988662,
    65.5716366740993,
    73.77192619512732,
    82.99773149766465,
    93.37730203137124,
    105.0549259277438,
    118.19293577336256,
    132.97396522210113,
    149.60348781583951,
    168.31267330624914,
    189.3616011838513,
    213.04287608615036,
    239.6856953432301,
    269.660425204438,
    303.3837493610451,
    341.3244613353469,
    384.00998125716944,
    432.03368761856916,
    486.0631659266658,
    546.8494889205,
    615.2376573577475,
    692.1783465104006,
    778.7411216593973,
    876.1293062989853,
    985.696709736194,
    1108.9664466185475,
    1247.6521100033965,
    1403.6815922992168,
    1579.223885217732,
    1776.7192312874358,
    1998.9130460697088,
    2248.8940826358785,
    2530.1373688359513,
    2846.5525142371066,
    3202.5380582547195,
    3603.0426149782966,
    4053.633664676687,
    4560.574948264698,
    5130.913540604429,
    5772.5778130617155,
    6494.487647111456,
    7306.6784310894045,
    8220.44056378985,
    9248.476404171832,
    10405.076848957764,
    11706.319992759027,
    13170.294632335797,
    14817.351721960888,
    16670.387275410438,
    18755.16064724887,
    21100.652617889005,
    23739.46826022716,
    26708.290188169256,
    30048.388487730695,
    33806.19441934696,
    38033.94586652577,
    42790.413503329684,
    48141.71777526366,
    54162.24805055446,
    60935.69671909622,
    68556.22261424323,
    77129.75993036917,
    86775.4908316728,
    97627.50222320945,
    109836.64971519739,
    123572.65469187552
  ],
  "variance_standard": [
    129.21454461013738,
    NaN,
    NaN,
    NaN,
    NaN,
    129.08211207159525,
    NaN,
    NaN,
    NaN,
    128.84946352170797,
    NaN,
    132.60288074879992,
    NaN,
    128.62329404200622,
    NaN,
    130.05683120477462,
    132.78508083876747,
    120.82853089942779,
    124.43426720286958,
    126.87804306984167,
    125.29001550863852,
    130.60332116562253,
    132.86963332905643,
    136.7551506729741,
    125.09208257738037,
    126.52883548608204,
    128.29182432174764,
    131.25896534296095,
    127.48722614190989,
    127.11843183349106,
    128.79025179761626,
    129.30896432185324,
    127.19302204176748,
    126.77753178474005,
    128.30253963068208,
    127.70752583895164,
    129.8431918219517,
    127.71530092542804,
    128.20213805247207,
    128.0872562501334,
    128.0077036949763,
    127.374928616969,
    128.97102031031457,
    128.2657823926685,
    127.85896743600222,
    128.85130128010422,
    130.27876286989465,
    127.29707048978901,
    129.47184037899402,
    127.7204362196603,
    128.01923886286755,
    128.2642197215192,
    128.66661251688458,
    127.5969936609589,
    128.4280388909414,
    128.56566105736178,
    128.36776306228595,
    128.34443401746103,
    128.53467493523837,
    129.0570771228486,
    128.16011604682336,
    128.3381001147033,
    128.05505000046836,
    128.1646848330598,
    128.09832364096704,
    128.221122877866,
    128.21530202416474,
    128.39015981542937,
    128.16794772601915,
    128.29277356262406,
    128.45157854525308,
    128.32175778466106,
    128.2638806408203,
    127.88325770977256,
    127.96382416813525,
    128.33337872058348,
    128.49005640784048,
    128.36633723113667,
    128.34379749505388,
    128.42232035835352,
    128.06791783871125,
    128.314602181066,
    128.38883160578285,
    128.3065676046765,
    128.15271246820598,
    128.30894677242483,
    128.49718280914246,
    128.3627912303508,
    128.31571035483572,
    128.5797560325143,
    128.411541489162,
    128.4704487327161,
    128.39140188927172,
    128.3561284702295,
    128.2086384122597,
    128.02353832642257,
    127.71854385044064,
    127.8132381962413,
    127.75725892460007,
    128.3036446217421
  ],