length,tf_accuracy,margin_mean,margin_std,n,gen_accuracy
1024,1.0,5.620575881666607,0.9082411585482514,72,
2048,1.0,6.010166363583671,1.0372195896632563,72,
4096,1.0,5.626759105258518,0.9469104917493665,72,
8192,1.0,5.822347621122996,0.9009843849488847,72,
16384,1.0,5.243292328384188,0.9832796349778721,72,
