length,tf_accuracy,margin_mean,margin_std,n,gen_accuracy
1024,1.0,5.963869316710366,0.854033691187167,72,
2048,1.0,6.572956879933675,0.995782967022468,72,
4096,1.0,6.276020950741238,0.8782140393335567,72,
8192,1.0,6.4203585882981615,0.8278300000317957,72,
16384,1.0,6.524193714062373,0.8837471759500224,72,
