{
  "ts": "2026-02-12_093552",
  "name": "sigmoid_th500k_steep8_mid0.5_omf0.3",
  "group": "sigmoid_high_theta",
  "rope": {
    "kind": "custom",
    "custom_omega": [
      0.7785665425012405,
      0.7244893089393946,
      0.6607684159855975,
      0.5876137899884389,
      0.5063283666375002,
      0.41960541555281033,
      0.3315928559670612,
      0.24752658158684354,
      0.17282691375041562,
      0.11181143651701657,
      0.06651222968653987,
      0.036221773412219944,
      0.018073948637945036,
      0.008326450139281892,
      0.00359588714509088,
      0.0014887159939450856,
      0.0006073404526579586,
      0.0002514421084866671,
      0.00010858858583397805,
      5.0025451756764155e-05,
      2.4961711160633593e-05,
      1.3593852587755424e-05,
      8.086448701552515e-06,
      5.231577802445009e-06,
      3.6527690878505936e-06,
      2.726709666301032e-06,
      2.1547802104759945e-06,
      1.7857135906609625e-06,
      1.5386933748773013e-06,
      1.368342408274943e-06,
      1.247992806084853e-06,
      1.1613104292113998e-06
    ],
    "recipe": {
      "theta_base": 500000.0,
      "steepness": 8.0,
      "midpoint": 0.5,
      "omega_min_factor": 0.3
    }
  },
  "data": {
    "dataset": "roneneldan/TinyStories",
    "tokenizer": "EleutherAI/pythia-70m",
    "train_tokens": 50000000,
    "val_tokens": 2500000,
    "seq_len": 2048,
    "seed": 42
  },
  "train": {
    "total_steps": 382,
    "full_steps": 382,
    "micro_batch": 64,
    "grad_accum": 1,
    "effective_batch": 64,
    "loss_curve": [
      {
        "step": 100,
        "loss": 4.394327163696289
      },
      {
        "step": 200,
        "loss": 3.3398399353027344
      },
      {
        "step": 300,
        "loss": 3.01784086227417
      },
      {
        "step": 382,
        "loss": 3.0086231231689453
      }
    ],
    "checkpoint": "/opt/dfrope/results/h800_parallel/variants/sigmoid_th500k_steep8_mid0.5_omf0.3/sigmoid_th500k_steep8_mid0.5_omf0.3_model.pt"
  },
  "ppl": {
    "2048": {
      "mean": 17.88412200497608,
      "std": 2.1915656234829086,
      "n_chunks": 5
    },
    "16384": {
      "mean": 24.540756755949214,
      "std": 2.270295819247665,
      "n_chunks": 5
    }
  }
}