{
  "ts": "2026-02-12_085214",
  "name": "geo_500k",
  "group": "theta_scaling",
  "rope": {
    "kind": "standard",
    "theta": 500000.0
  },
  "data": {
    "dataset": "roneneldan/TinyStories",
    "tokenizer": "EleutherAI/pythia-70m",
    "train_tokens": 50000000,
    "val_tokens": 2500000,
    "seq_len": 2048,
    "seed": 42
  },
  "train": {
    "total_steps": 382,
    "full_steps": 382,
    "micro_batch": 64,
    "grad_accum": 1,
    "effective_batch": 64,
    "loss_curve": [
      {
        "step": 100,
        "loss": 4.393522262573242
      },
      {
        "step": 200,
        "loss": 3.375572681427002
      },
      {
        "step": 300,
        "loss": 3.049180746078491
      },
      {
        "step": 382,
        "loss": 3.0339772701263428
      }
    ],
    "checkpoint": "/opt/dfrope/results/h800_parallel/variants/geo_500k/geo_500k_model.pt"
  },
  "ppl": {
    "2048": {
      "mean": 18.270725519834137,
      "std": 2.1747363325967064,
      "n_chunks": 5
    },
    "16384": {
      "mean": 26.481570628407013,
      "std": 2.401180141878617,
      "n_chunks": 5
    }
  }
}