{
  "ts": "2026-02-12_085914",
  "name": "hybrid_alpha0.25",
  "group": "hybrid",
  "rope": {
    "kind": "custom",
    "custom_omega": [
      1.0,
      0.9374619590553654,
      0.8904122793577469,
      0.8545832363863914,
      0.8264776779710025,
      0.8031409563957521,
      0.7820012899947271,
      0.7607709906581335,
      0.7374040584136765,
      0.7101069863423201,
      0.6773983166384611,
      0.6382081109573629,
      0.592001175708507,
      0.5388987330417762,
      0.4797647320323872,
      0.4162189850046179,
      0.35054420509620426,
      0.28547107707584285,
      0.2238544288134919,
      0.1682885179832695,
      0.12073891168533109,
      0.0822786103034379,
      0.05299731266147874,
      0.03210644820271398,
      0.01820396077220733,
      0.009615622902867974,
      0.004714529990723527,
      0.002142901220216975,
      0.0009071465065351887,
      0.0003643523214560107,
      0.00014564046656914093,
      6.334226802775788e-05
    ],
    "recipe": {
      "geo_theta": 10000.0,
      "anchpoly_p": 3.9,
      "omega_min_factor": 0.3,
      "alpha_geo": 0.25
    }
  },
  "data": {
    "dataset": "roneneldan/TinyStories",
    "tokenizer": "EleutherAI/pythia-70m",
    "train_tokens": 50000000,
    "val_tokens": 2500000,
    "seq_len": 2048,
    "seed": 42
  },
  "train": {
    "total_steps": 382,
    "full_steps": 382,
    "micro_batch": 64,
    "grad_accum": 1,
    "effective_batch": 64,
    "loss_curve": [
      {
        "step": 100,
        "loss": 4.5344624519348145
      },
      {
        "step": 200,
        "loss": 3.3906641006469727
      },
      {
        "step": 300,
        "loss": 3.0504069328308105
      },
      {
        "step": 382,
        "loss": 3.0378353595733643
      }
    ],
    "checkpoint": "/opt/dfrope/results/h800_parallel/variants/hybrid_alpha0.25/hybrid_alpha0.25_model.pt"
  },
  "ppl": {
    "2048": {
      "mean": 18.382485366827716,
      "std": 2.3192845727134315,
      "n_chunks": 5
    },
    "16384": {
      "mean": 63.35272942881662,
      "std": 3.671397964177297,
      "n_chunks": 5
    }
  }
}