{
  "ts": "2026-02-12_093222",
  "name": "hybrid_basegeo100k_alpha0.2",
  "group": "hybrid_high_theta",
  "rope": {
    "kind": "custom",
    "custom_omega": [
      1.0,
      0.7582606953593448,
      0.5895177092327574,
      0.47158306870492805,
      0.388870903957164,
      0.33038807382016533,
      0.2883368330463989,
      0.25714842731093007,
      0.23282176353759795,
      0.2124793087619606,
      0.19407775229530752,
      0.17622706994609094,
      0.15808107798142348,
      0.1392677854673317,
      0.11983141816731395,
      0.10016259600368553,
      0.08090111086189146,
      0.06280800777673706,
      0.046618721664690374,
      0.032902586123105926,
      0.021960247789504627,
      0.013784824045331462,
      0.008095150735453067,
      0.00442653794708398,
      0.002246439806363753,
      0.0010580787528049126,
      0.0004659179972694426,
      0.00019619956185965647,
      8.301808329167343e-05,
      3.8112540572500585e-05,
      2.0218018290625235e-05,
      1.232390810403788e-05
    ],
    "recipe": {
      "geo_theta": 100000.0,
      "anchpoly_p": 3.9,
      "omega_min_factor": 0.3,
      "alpha_poly": 0.2
    }
  },
  "data": {
    "dataset": "roneneldan/TinyStories",
    "tokenizer": "EleutherAI/pythia-70m",
    "train_tokens": 50000000,
    "val_tokens": 2500000,
    "seq_len": 2048,
    "seed": 42
  },
  "train": {
    "total_steps": 382,
    "full_steps": 382,
    "micro_batch": 64,
    "grad_accum": 1,
    "effective_batch": 64,
    "loss_curve": [
      {
        "step": 100,
        "loss": 4.399537563323975
      },
      {
        "step": 200,
        "loss": 3.3127365112304688
      },
      {
        "step": 300,
        "loss": 2.9909582138061523
      },
      {
        "step": 382,
        "loss": 2.9825613498687744
      }
    ],
    "checkpoint": "/opt/dfrope/results/h800_parallel/variants/hybrid_basegeo100k_alpha0.2/hybrid_basegeo100k_alpha0.2_model.pt"
  },
  "ppl": {
    "2048": {
      "mean": 17.222031006222625,
      "std": 2.028242982600976,
      "n_chunks": 5
    },
    "16384": {
      "mean": 29.551512021940358,
      "std": 2.740618904572762,
      "n_chunks": 5
    }
  }
}