{
  "ts": "2026-02-12_085544",
  "name": "hybrid_alpha0.15",
  "group": "hybrid",
  "rope": {
    "kind": "custom",
    "custom_omega": [
      1.0,
      0.9624709923517533,
      0.9341550732467332,
      0.9123014674474326,
      0.8945109995648911,
      0.8786081011730303,
      0.8625577365268383,
      0.8444268369837068,
      0.8223912662021667,
      0.7947893283968633,
      0.7602202078543846,
      0.7176799057059635,
      0.6667182955894166,
      0.6075900658397975,
      0.5413623237566536,
      0.4699368210956826,
      0.39595009910903145,
      0.32253402840684536,
      0.25295189755503705,
      0.19016472504313398,
      0.13641579622201946,
      0.09293290851647473,
      0.05982651709500405,
      0.03620950510545406,
      0.020497822208501645,
      0.010797720062006043,
      0.005268155146127951,
      0.002372395182455427,
      0.0009859356719376356,
      0.00038131431490799004,
      0.00014134880331117408,
      5.400761800261462e-05
    ],
    "recipe": {
      "geo_theta": 10000.0,
      "anchpoly_p": 3.9,
      "omega_min_factor": 0.3,
      "alpha_geo": 0.15
    }
  },
  "data": {
    "dataset": "roneneldan/TinyStories",
    "tokenizer": "EleutherAI/pythia-70m",
    "train_tokens": 50000000,
    "val_tokens": 2500000,
    "seq_len": 2048,
    "seed": 42
  },
  "train": {
    "total_steps": 382,
    "full_steps": 382,
    "micro_batch": 64,
    "grad_accum": 1,
    "effective_batch": 64,
    "loss_curve": [
      {
        "step": 100,
        "loss": 4.50945520401001
      },
      {
        "step": 200,
        "loss": 3.378908395767212
      },
      {
        "step": 300,
        "loss": 3.039370059967041
      },
      {
        "step": 382,
        "loss": 3.0276756286621094
      }
    ],
    "checkpoint": "/opt/dfrope/results/h800_parallel/variants/hybrid_alpha0.15/hybrid_alpha0.15_model.pt"
  },
  "ppl": {
    "2048": {
      "mean": 18.0673790834939,
      "std": 2.2675058768540284,
      "n_chunks": 5
    },
    "16384": {
      "mean": 60.33377413759333,
      "std": 4.499171543546483,
      "n_chunks": 5
    }
  }
}