{
  "verification": {
    "geometric": [
      1.0,
      0.6636012376960885,
      0.44036660267178046,
      0.2922278225730151,
      0.19392274474868576,
      0.12868737343265052,
      0.08539710028576561,
      0.056669621445291044,
      0.03760603093086393,
      0.024955408670558694,
      0.016560440080994446,
      0.010989528534539826,
      0.0072926647372171085,
      0.004839421345719893,
      0.0032114459947525913,
      0.0021311195369119653,
      0.001414213562373095,
      0.0009384738703573801,
      0.000622772421914596,
      0.0004132725499855165,
      0.0002742481756762073,
      0.00018199142881462546,
      0.00012076973741146504,
      8.01429472224798e-05,
      5.318295896944989e-05,
      3.529227739646723e-05,
      2.341999896140934e-05,
      1.5541540297632344e-05,
      1.031338537721246e-05,
      6.843975301154928e-06,
      4.5416704806078695e-06,
      3.0138581521391708e-06
    ],
    "yarn_default": [
      1.0,
      0.07477197051048279,
      0.026290543377399445,
      0.011867119930684566,
      0.005966853816062212,
      0.0031873034313321114,
      0.0017698880983516574,
      0.0010097037302330136,
      0.0005875942297279835,
      0.0003899282601196319,
      0.0002587568887975067,
      0.00017171137733384967,
      0.0001139478845288977,
      7.561595703009516e-05,
      5.0178845413029194e-05,
      3.329874380142428e-05,
      2.209708691225387e-05,
      1.466365392843727e-05,
      9.730819328979123e-06,
      6.457383733504685e-06,
      4.2851279431488365e-06,
      2.843616130121518e-06,
      1.8870271105697611e-06,
      1.2522335737230605e-06,
      8.309837085107574e-07,
      5.514418148777622e-07,
      3.6593749541680154e-07,
      2.428365633022622e-07,
      1.6114664447286486e-07,
      1.0693711516296389e-07,
      7.096360121749967e-08,
      4.7091532451304374e-08
    ],
    "evq_2.5": [
      0.921697199344635,
      0.7800003290176392,
      0.6565324664115906,
      0.5494374632835388,
      0.4569949209690094,
      0.37761420011520386,
      0.3098289370536804,
      0.25229138135910034,
      0.20376677811145782,
      0.16312801837921143,
      0.12935000658035278,
      0.10150442272424698,
      0.07875429838895798,
      0.06034880131483078,
      0.04561801999807358,
      0.03396781533956528,
      0.024874765425920486,
      0.01788116618990898,
      0.012590114958584309,
      0.008660661987960339,
      0.005803065374493599,
      0.003774115350097418,
      0.0023725631181150675,
      0.0014346449170261621,
      0.0008297184249386191,
      0.00045601220335811377,
      0.0002365066611673683,
      0.0001149582676589489,
      5.208950460655615e-05,
      2.197724097641185e-05,
      8.692842129676137e-06,
      3.2825389553181594e-06
    ],
    "yarn_geo_ratio": [
      1.0,
      0.11267606168985367,
      0.05970149487257004,
      0.04060913622379303,
      0.03076923079788685,
      0.0247678030282259,
      0.020725388079881668,
      0.01781737245619297,
      0.015625,
      0.015625,
      0.015625,
      0.015625,
      0.015625,
      0.015625,
      0.015625,
      0.015625,
      0.015625,
      0.015625,
      0.015625,
      0.015625,
      0.015625,
      0.015625,
      0.015625,
      0.015625,
      0.015625,
      0.015625,
      0.015625,
      0.015625,
      0.015625,
      0.015625,
      0.015625,
      0.015625
    ],
    "boundaries": {
      "low": 0,
      "high": 8,
      "scale": 64.0
    }
  },
  "ablation": {
    "Y1_default": {
      "config": {
        "beta_fast": 32,
        "beta_slow": 1
      },
      "ppl": {
        "128": 329.724,
        "2048": 431.187,
        "4096": 391.45,
        "8192": 407.591
      }
    },
    "Y2_more_unchanged": {
      "config": {
        "beta_fast": 16,
        "beta_slow": 1
      },
      "ppl": {
        "128": 329.724,
        "2048": 431.187,
        "4096": 391.45,
        "8192": 407.591
      }
    },
    "Y3_less_unchanged": {
      "config": {
        "beta_fast": 64,
        "beta_slow": 2
      },
      "ppl": {
        "128": 344.967,
        "2048": 452.869,
        "4096": 408.77,
        "8192": 424.207
      }
    },
    "Y4_NTK_aware": {
      "config": {
        "method": "NTK-aware",
        "base": 36594334.07091028
      },
      "ppl": {
        "128": 188.924,
        "2048": 323.682,
        "4096": 398.184,
        "8192": 469.143
      }
    }
  }
}