{
  "timestamp": "2026-02-14T21:10:59.973705",
  "model_path": "/root/autodl-tmp/dfrope/hybrid-rope/results/train_freq_comparison/700m_orig_20260214_140024/model",
  "data_dir": "/root/autodl-tmp/wikitext_data",
  "total_params": 1160532480,
  "train_samples": 64,
  "eval_samples": 16,
  "max_steps": 20,
  "batch_size": 2,
  "gradient_accumulation_steps": 1,
  "pre_training": {
    "loss": 12.061489462852478,
    "ppl": 173076.58490803628
  },
  "post_training": {
    "loss": 11.855196475982666,
    "ppl": 140814.18677601352
  },
  "improvement": {
    "loss_drop": 0.206292986869812,
    "loss_drop_percent": 1.710344211676033,
    "ppl_ratio": 1.229113265294363,
    "improved": true
  },
  "trainer": {
    "train_runtime": 9.1815,
    "train_loss": 11.917540550231934,
    "train_steps_per_second": 2.178
  }
}