{
  "geo_500k": {
    "score": 0.36514744311571123,
    "breakdown": {
      "short": 0.6700350642204285,
      "mid": 0.3935909867286682,
      "long": 0.2261262685060501,
      "total": 0.36514744311571123,
      "uniform": 0.42991743981838226,
      "powerlaw": 0.30401009172201154,
      "bimodal": 0.4371827304363251
    }
  },
  "geo_1M": {
    "score": 0.3972607165575027,
    "breakdown": {
      "short": 0.6875981688499451,
      "mid": 0.4230940341949463,
      "long": 0.2656257450580597,
      "total": 0.3972607165575027,
      "uniform": 0.45877264936765033,
      "powerlaw": 0.3393166452646255,
      "bimodal": 0.4659083724021912
    }
  },
  "geo_2M": {
    "score": 0.4268955707550049,
    "breakdown": {
      "short": 0.7035212516784668,
      "mid": 0.4504424035549164,
      "long": 0.3021171987056732,
      "total": 0.4268955707550049,
      "uniform": 0.4853602846463521,
      "powerlaw": 0.3719226449728012,
      "bimodal": 0.4923438608646393
    }
  },
  "ntk_8x": {
    "score": 0.2678025133907795,
    "breakdown": {
      "short": 0.6199426651000977,
      "mid": 0.29848548769950867,
      "long": 0.10853666812181473,
      "total": 0.2678025133907795,
      "uniform": 0.34232160697380704,
      "powerlaw": 0.19766703173518183,
      "bimodal": 0.3510888308286667
    }
  },
  "ntk_16x": {
    "score": 0.3114266857504845,
    "breakdown": {
      "short": 0.6435840725898743,
      "mid": 0.33857014775276184,
      "long": 0.16227765381336212,
      "total": 0.3114266857504845,
      "uniform": 0.38147729138533276,
      "powerlaw": 0.24566679447889328,
      "bimodal": 0.390058720111847
    }
  },
  "yarn_8x": {
    "score": 0.32535551339387897,
    "breakdown": {
      "short": 0.7616680264472961,
      "mid": 0.36492234468460083,
      "long": 0.12709040939807892,
      "total": 0.32535551339387897,
      "uniform": 0.41789359350999195,
      "powerlaw": 0.23811455816030502,
      "bimodal": 0.4284878432750702
    }
  },
  "yarn_16x": {
    "score": 0.4012045010924339,
    "breakdown": {
      "short": 0.8354988694190979,
      "mid": 0.44007608294487,
      "long": 0.2041638046503067,
      "total": 0.4012045010924339,
      "uniform": 0.49324625233809155,
      "powerlaw": 0.31447976678609846,
      "bimodal": 0.5038802862167359
    }
  },
  "longrope_8x": {
    "score": 0.26785419657826426,
    "breakdown": {
      "short": 0.6111165285110474,
      "mid": 0.29856783151626587,
      "long": 0.11212108284235,
      "total": 0.26785419657826426,
      "uniform": 0.3406018142898877,
      "powerlaw": 0.1993099771440029,
      "bimodal": 0.3490086108446121
    }
  },
  "longrope_16x": {
    "score": 0.31575411558151245,
    "breakdown": {
      "short": 0.646582841873169,
      "mid": 0.35227835178375244,
      "long": 0.16150808334350586,
      "total": 0.31575411558151245,
      "uniform": 0.3867897590001424,
      "powerlaw": 0.2481696128845215,
      "bimodal": 0.39369204044342043
    }
  },
  "hybrid_50_500": {
    "score": 0.3381244823336601,
    "breakdown": {
      "short": 0.5445696711540222,
      "mid": 0.3948204219341278,
      "long": 0.22152884304523468,
      "total": 0.3381244823336601,
      "uniform": 0.38697297871112823,
      "powerlaw": 0.28849124163389206,
      "bimodal": 0.38540349006652835
    }
  },
  "hybrid_50_1M": {
    "score": 0.3655290514230728,
    "breakdown": {
      "short": 0.5446513295173645,
      "mid": 0.4203030467033386,
      "long": 0.26101574301719666,
      "total": 0.3655290514230728,
      "uniform": 0.40865670641263324,
      "powerlaw": 0.3212367624044418,
      "bimodal": 0.4063274383544922
    }
  },
  "sigmoid_v2": {
    "score": 0.22620754167437554,
    "breakdown": {
      "short": 0.512000560760498,
      "mid": 0.2689944803714752,
      "long": 0.08621817082166672,
      "total": 0.22620754167437554,
      "uniform": 0.28907107065121335,
      "powerlaw": 0.16535167172551155,
      "bimodal": 0.2930863887071609
    }
  },
  "sigmoid_k016": {
    "score": 0.22919134125113488,
    "breakdown": {
      "short": 0.5070921778678894,
      "mid": 0.3004569709300995,
      "long": 0.07527162879705429,
      "total": 0.22919134125113488,
      "uniform": 0.29427359253168106,
      "powerlaw": 0.16349075213074685,
      "bimodal": 0.29303691685199734
    }
  },
  "anchored_x10": {
    "score": 0.22587005272507668,
    "breakdown": {
      "short": 0.614302933216095,
      "mid": 0.24629220366477966,
      "long": 0.058243609964847565,
      "total": 0.22587005272507668,
      "uniform": 0.3062795822819074,
      "powerlaw": 0.1514592610299587,
      "bimodal": 0.31827705800533296
    }
  },
  "anchored_x20": {
    "score": 0.22592411153018474,
    "breakdown": {
      "short": 0.614514946937561,
      "mid": 0.24611759185791016,
      "long": 0.058371689170598984,
      "total": 0.22592411153018474,
      "uniform": 0.3063347426553567,
      "powerlaw": 0.1515351954847574,
      "bimodal": 0.31837817281484604
    }
  },
  "anchored_x20_dim0": {
    "score": 0.23784987479448316,
    "breakdown": {
      "short": 0.6319109797477722,
      "mid": 0.262926310300827,
      "long": 0.06517957150936127,
      "total": 0.23784987479448316,
      "uniform": 0.3200056205193202,
      "powerlaw": 0.16140206009149552,
      "bimodal": 0.3314214825630188
    }
  }
}