{
  "ts": "2026-02-12_090244",
  "name": "sigmoid_steep5_mid0.5_omf0.3",
  "group": "sigmoid",
  "rope": {
    "kind": "custom",
    "custom_omega": [
      0.4638578625419808,
      0.4103270271288323,
      0.35670623526539674,
      0.30420191658133106,
      0.25406310267619703,
      0.20747534559158992,
      0.16544638230240014,
      0.1287033670706587,
      0.09762287442384195,
      0.07220990797860939,
      0.05213121009633307,
      0.036794502047156515,
      0.025453942453483643,
      0.017317468684474414,
      0.011635135023767357,
      0.0077567449918529135,
      0.00515752973791436,
      0.003438347976467765,
      0.002310132253957291,
      0.0015716874915549495,
      0.0010872723026290117,
      0.0007674029221837255,
      0.0005540187501242975,
      0.00040979783888774025,
      0.00031083602453800963,
      0.00024180427766488143,
      0.00019282118967354245,
      0.00015746341181972765,
      0.00013151016079875289,
      0.00011215291186355269,
      9.749697270694029e-05,
      8.624547775403723e-05
    ],
    "recipe": {
      "steepness": 5.0,
      "midpoint": 0.5,
      "omega_min_factor": 0.3
    }
  },
  "data": {
    "dataset": "roneneldan/TinyStories",
    "tokenizer": "EleutherAI/pythia-70m",
    "train_tokens": 50000000,
    "val_tokens": 2500000,
    "seq_len": 2048,
    "seed": 42
  },
  "train": {
    "total_steps": 382,
    "full_steps": 382,
    "micro_batch": 64,
    "grad_accum": 1,
    "effective_batch": 64,
    "loss_curve": [
      {
        "step": 100,
        "loss": 4.3481903076171875
      },
      {
        "step": 200,
        "loss": 3.3281242847442627
      },
      {
        "step": 300,
        "loss": 3.001336097717285
      },
      {
        "step": 382,
        "loss": 2.991508960723877
      }
    ],
    "checkpoint": "/opt/dfrope/results/h800_parallel/variants/sigmoid_steep5_mid0.5_omf0.3/sigmoid_steep5_mid0.5_omf0.3_model.pt"
  },
  "ppl": {
    "2048": {
      "mean": 17.374991669569404,
      "std": 2.0653294712219123,
      "n_chunks": 5
    },
    "16384": {
      "mean": 45.668104885564176,
      "std": 4.0426351460698,
      "n_chunks": 5
    }
  }
}