method,qasper,hotpotqa,2wikimqa,multi_news,gov_report,narrativeqa
anchored_sigmoid,0.041989043965903486,0.021784874480079694,0.01753426511106936,0.14482391116054738,0.19513274261335464,0.009076690983999413
sigmoid,0.056026805912735914,0.02651848441933404,0.00882225446338646,0.12711962006815303,0.18529879049091136,0.008238641736516956
