length,tf_accuracy,margin_mean,margin_std,n,gen_accuracy
1024,1.0,5.986578183041678,0.9003079596290728,72,
2048,1.0,5.888331611951192,1.0498895875583192,72,
4096,1.0,5.398960368500815,1.2417896439984542,72,
8192,1.0,5.3160616490576,1.0848169189550632,72,
16384,1.0,4.684607297182083,0.8759785479736608,72,
