arm,prompt_sha256,prompt_sha8,depth_percent,matched_pair,answer_position,layer,gold_token_id,delta_gold_raw,delta_gold_centred,delta_median_vocab,delta_mad_vocab,delta_gold_z,causal_delta_rank,l2_centred,kl_full_abl,kl_abl_full,tvd,gold_rank_full,gold_rank_ablated,gold_logprob_full,gold_logprob_ablated,gold_logit_full,gold_logit_ablated,gap_to_best_competitor_full,gap_to_best_competitor_ablated,best_competitor_id_full,best_competitor_id_ablated,entropy_full,top1_prob_full,gold_prob_full
evq,6cd995c675a4a2ebe7e28c6753b5f14fcbaf8f380ac18f8c7f7218e0e55ff4b8,6cd995c6,10.0,1,0,0,24963,-0.015625,-0.01953125,0.00390625,0.01953125,-0.674490749835968,93433,10.223549842834473,0.0005278430180624127,0.0005169669166207314,0.01312168501317501,117456,117301,-16.13702392578125,-16.10964012145996,-2.53125,-2.515625,13.03125,12.953125,47523,47523,9.628267288208008,0.0447898730635643,9.812497125949449e-08
evq,6cd995c675a4a2ebe7e28c6753b5f14fcbaf8f380ac18f8c7f7218e0e55ff4b8,6cd995c6,10.0,1,0,1,24963,0.125,0.0625,0.0625,0.046875,0.8993210792541504,18210,24.94305992126465,0.003086891956627369,0.00306839682161808,0.030991511419415474,65085,66738,-14.596184730529785,-14.606130599975586,1.3671875,1.2421875,12.0078125,11.8828125,54759,54759,8.321961402893066,0.07514223456382751,4.580970767165127e-07
evq,6cd995c675a4a2ebe7e28c6753b5f14fcbaf8f380ac18f8c7f7218e0e55ff4b8,6cd995c6,10.0,1,0,2,24963,0.078125,0.046875,0.03125,0.03125,1.0117361545562744,12711,15.08776569366455,0.0012039218563586473,0.0012012425577268004,0.01890755258500576,15665,16190,-12.226982116699219,-12.248632431030273,4.0625,3.984375,9.5625,9.640625,120896,120896,7.9568376541137695,0.06963544338941574,4.896538030152442e-06
evq,6cd995c675a4a2ebe7e28c6753b5f14fcbaf8f380ac18f8c7f7218e0e55ff4b8,6cd995c6,10.0,1,0,3,24963,0.03125,0.0029296875,0.0283203125,0.0283203125,0.06977490335702896,51259,14.353060722351074,0.0010872513521462679,0.0011002460960298777,0.01913168467581272,3365,3353,-10.0963773727417,-10.081576347351074,4.96875,4.9375,6.90625,6.8125,63364,63364,8.873387336730957,0.041166625916957855,4.122863902011886e-05
evq,6cd995c675a4a2ebe7e28c6753b5f14fcbaf8f380ac18f8c7f7218e0e55ff4b8,6cd995c6,10.0,1,0,4,24963,0.0625,0.0390625,0.0234375,0.0234375,1.124151349067688,12626,12.561296463012695,0.0008145488682202995,0.0008147768676280975,0.015973977744579315,1494,1549,-9.312864303588867,-9.341537475585938,5.3125,5.25,5.5625,5.5625,117077,117077,9.223869323730469,0.023509174585342407,9.025564941111952e-05
evq,6cd995c675a4a2ebe7e28c6753b5f14fcbaf8f380ac18f8c7f7218e0e55ff4b8,6cd995c6,10.0,1,0,5,24963,0.0625,0.046875,0.015625,0.015625,2.023472309112549,5351,10.912531852722168,0.0006814755033701658,0.0006826920434832573,0.014941027387976646,5306,5528,-10.520843505859375,-10.559050559997559,4.25,4.1875,6.9375,6.9375,61599,61599,9.054685592651367,0.027782658115029335,2.6968433303409256e-05
evq,6cd995c675a4a2ebe7e28c6753b5f14fcbaf8f380ac18f8c7f7218e0e55ff4b8,6cd995c6,10.0,1,0,6,24963,0.0625,0.046875,0.015625,0.01953125,1.6187777519226074,8584,11.572220802307129,0.0006670508300885558,0.0006620249478146434,0.01484072208404541,3400,3520,-10.072488784790039,-10.109308242797852,4.5,4.4375,6.0625,6.125,34704,34704,9.1187744140625,0.01813358999788761,4.222539428155869e-05
evq,6cd995c675a4a2ebe7e28c6753b5f14fcbaf8f380ac18f8c7f7218e0e55ff4b8,6cd995c6,10.0,1,0,7,24963,0.0,-0.015625,0.015625,0.01953125,-0.5395926237106323,77144,11.337909698486328,0.0007506610709242523,0.0007430927944369614,0.015752537176012993,3926,3864,-10.249188423156738,-10.228199005126953,4.40625,4.40625,6.65625,6.59375,95361,95361,8.947851181030273,0.027517346665263176,3.538620876497589e-05
evq,6cd995c675a4a2ebe7e28c6753b5f14fcbaf8f380ac18f8c7f7218e0e55ff4b8,6cd995c6,10.0,1,0,8,24963,0.015625,0.0,0.015625,0.0234375,0.0,55223,13.638090133666992,0.0008994772797450423,0.0008896407671272755,0.017114952206611633,19731,19759,-11.951359748840332,-11.94942855834961,2.21875,2.203125,8.84375,8.796875,99074,99074,9.13508129119873,0.04470770061016083,6.450455657613929e-06
evq,6cd995c675a4a2ebe7e28c6753b5f14fcbaf8f380ac18f8c7f7218e0e55ff4b8,6cd995c6,10.0,1,0,9,24963,-0.0625,-0.0625,0.0,0.02880859375,-1.4633020162582397,120514,14.335064888000488,0.0009368332102894783,0.0009365087607875466,0.01674138568341732,41466,39958,-13.11248779296875,-13.044977188110352,1.4296875,1.4921875,8.9453125,8.8828125,125563,125563,9.17759895324707,0.015495962463319302,2.0198490346956532e-06
evq,6cd995c675a4a2ebe7e28c6753b5f14fcbaf8f380ac18f8c7f7218e0e55ff4b8,6cd995c6,10.0,1,0,10,24963,-0.0390625,-0.0390625,0.0,0.0390625,-0.674490749835968,94329,20.634662628173828,0.0028522242791950703,0.0028253113850951195,0.02854474075138569,99929,99228,-15.618791580200195,-15.580978393554688,-1.09375,-1.0546875,12.53125,12.6171875,95361,95361,8.862825393676758,0.045613933354616165,1.647574379148864e-07
evq,6cd995c675a4a2ebe7e28c6753b5f14fcbaf8f380ac18f8c7f7218e0e55ff4b8,6cd995c6,10.0,1,0,11,24963,0.033203125,0.017578125,0.015625,0.03515625,0.337245374917984,43894,19.3151798248291,0.0017779917689040303,0.001767618115991354,0.023840676993131638,61206,61666,-13.745611190795898,-13.759788513183594,0.2578125,0.224609375,9.3671875,9.462890625,74619,74619,9.463790893554688,0.012545112520456314,1.072400209523039e-06
evq,6cd995c675a4a2ebe7e28c6753b5f14fcbaf8f380ac18f8c7f7218e0e55ff4b8,6cd995c6,10.0,1,0,12,24963,0.046875,0.04296875,0.00390625,0.03515625,0.8243775963783264,22848,17.688976287841797,0.001494795549660921,0.0015051164664328098,0.021694539114832878,38768,39716,-12.838695526123047,-12.879385948181152,0.73046875,0.68359375,7.89453125,8.00390625,1108,1108,9.505133628845215,0.0071248700842261314,2.6559835077932803e-06
evq,6cd995c675a4a2ebe7e28c6753b5f14fcbaf8f380ac18f8c7f7218e0e55ff4b8,6cd995c6,10.0,1,0,13,24963,0.015625,0.015625,0.0,0.091796875,0.11480694264173508,57282,48.791053771972656,0.010744160041213036,0.010689216665923595,0.05752786248922348,3323,3379,-9.965676307678223,-9.978204727172852,3.890625,3.875,5.671875,5.8125,110652,110652,9.448874473571777,0.013652927242219448,4.698527482105419e-05
evq,6cd995c675a4a2ebe7e28c6753b5f14fcbaf8f380ac18f8c7f7218e0e55ff4b8,6cd995c6,10.0,1,0,14,24963,-0.09375,-0.1015625,0.0078125,0.090576171875,-0.7563022971153259,98209,49.84430694580078,0.010803526267409325,0.010812398046255112,0.05833817273378372,12855,11775,-11.538443565368652,-11.428415298461914,3.265625,3.359375,8.171875,8.015625,15125,15125,8.886390686035156,0.03450785577297211,9.748047887114808e-06
evq,6cd995c675a4a2ebe7e28c6753b5f14fcbaf8f380ac18f8c7f7218e0e55ff4b8,6cd995c6,10.0,1,0,15,24963,-0.28125,-0.28125,0.0,0.140625,-1.348981499671936,116556,76.4424057006836,0.024842966347932816,0.024856626987457275,0.08809490501880646,13547,10708,-11.584504127502441,-11.285368919372559,3.03125,3.3125,8.09375,7.5625,127199,127199,9.03227710723877,0.03047787956893444,9.309230335929897e-06
evq,6cd995c675a4a2ebe7e28c6753b5f14fcbaf8f380ac18f8c7f7218e0e55ff4b8,6cd995c6,10.0,1,0,16,24963,0.296875,0.265625,0.03125,0.21484375,0.8339158296585083,25571,116.43572998046875,0.06003222614526749,0.06083093583583832,0.13678108155727386,3577,4693,-10.057001113891602,-10.331579208374023,3.796875,3.5,5.765625,6.3125,127199,127199,9.414712905883789,0.013686085119843483,4.288445779820904e-05
evq,6cd995c675a4a2ebe7e28c6753b5f14fcbaf8f380ac18f8c7f7218e0e55ff4b8,6cd995c6,10.0,1,0,17,24963,0.046875,0.06640625,-0.01953125,0.19140625,0.23400700092315674,51381,102.50631713867188,0.04401183873414993,0.04437373951077461,0.11770041286945343,4497,5001,-10.331703186035156,-10.436842918395996,3.9375,3.890625,6.3125,6.609375,86649,86649,9.235532760620117,0.017967283725738525,3.25835426338017e-05
evq,6cd995c675a4a2ebe7e28c6753b5f14fcbaf8f380ac18f8c7f7218e0e55ff4b8,6cd995c6,10.0,1,0,18,24963,0.09375,0.078125,0.015625,0.234375,0.2248302549123764,51812,125.6871566772461,0.07281236350536346,0.07297343760728836,0.15048560500144958,1856,2087,-9.517255783081055,-9.623937606811523,4.53125,4.4375,5.28125,5.625,86649,86649,9.31428337097168,0.014465253800153732,7.357128197327256e-05
evq,6cd995c675a4a2ebe7e28c6753b5f14fcbaf8f380ac18f8c7f7218e0e55ff4b8,6cd995c6,10.0,1,0,19,24963,-0.34375,-0.41796875,0.07421875,0.23046875,-1.2232290506362915,113171,126.09048461914062,0.06886932253837585,0.06874489784240723,0.1458190679550171,974,583,-8.956503868103027,-8.54405403137207,5.21875,5.5625,3.90625,3.625,110041,110041,9.437630653381348,0.006407706532627344,0.0001288961066165939
evq,6cd995c675a4a2ebe7e28c6753b5f14fcbaf8f380ac18f8c7f7218e0e55ff4b8,6cd995c6,10.0,1,0,20,24963,-0.15625,-0.25,0.09375,0.21875,-0.7708466053009033,99552,117.14740753173828,0.0651620626449585,0.06504446268081665,0.14213599264621735,2779,2058,-9.895648002624512,-9.60540771484375,4.28125,4.4375,7.03125,6.375,51279,51279,9.04193115234375,0.057017430663108826,5.039351890445687e-05
evq,6cd995c675a4a2ebe7e28c6753b5f14fcbaf8f380ac18f8c7f7218e0e55ff4b8,6cd995c6,10.0,1,0,21,24963,-0.015625,-0.078125,0.0625,0.1982421875,-0.26580914855003357,77204,107.47551727294922,0.05409204959869385,0.05430954694747925,0.13090798258781433,4007,3666,-10.242412567138672,-10.112619400024414,3.96875,3.984375,6.65625,6.015625,32438,32438,9.092323303222656,0.027704427018761635,3.562679194146767e-05
evq,6cd995c675a4a2ebe7e28c6753b5f14fcbaf8f380ac18f8c7f7218e0e55ff4b8,6cd995c6,10.0,1,0,22,24963,0.125,0.07421875,0.05078125,0.17578125,0.2847850024700165,49187,95.10335540771484,0.03887586295604706,0.03929628059267998,0.11097449064254761,2526,2736,-9.799225807189941,-9.844978332519531,4.21875,4.09375,6.90625,6.65625,51279,51279,9.297733306884766,0.05541107431054115,5.5494547268608585e-05
evq,6cd995c675a4a2ebe7e28c6753b5f14fcbaf8f380ac18f8c7f7218e0e55ff4b8,6cd995c6,10.0,1,0,23,24963,0.375,0.29296875,0.08203125,0.1748046875,1.1304314136505127,16194,94.10429382324219,0.03621940687298775,0.03657602146267891,0.10640277713537216,1827,2575,-9.504892349243164,-9.773092269897461,4.375,4.0,5.625,5.9375,8714,8714,9.47125244140625,0.020653054118156433,7.44865246815607e-05
evq,6cd995c675a4a2ebe7e28c6753b5f14fcbaf8f380ac18f8c7f7218e0e55ff4b8,6cd995c6,10.0,1,0,24,24963,1.078125,0.96875,0.109375,0.1875,3.4848692417144775,124,103.92806243896484,0.09347860515117645,0.096437968313694,0.17692820727825165,1023,3269,-9.192890167236328,-10.326584815979004,4.6875,3.609375,6.625,8.515625,8714,8714,8.496182441711426,0.0766972079873085,0.00010176033538300544
evq,6cd995c675a4a2ebe7e28c6753b5f14fcbaf8f380ac18f8c7f7218e0e55ff4b8,6cd995c6,10.0,1,0,25,24963,-0.09375,-0.154296875,0.060546875,0.33203125,-0.31343984603881836,79108,187.1390838623047,0.17687363922595978,0.18023522198200226,0.23001252114772797,12498,11110,-11.35480785369873,-11.269014358520508,2.09375,2.1875,7.40625,7.875,578,8714,9.311124801635742,0.01928248628973961,1.1713039384630974e-05
evq,6cd995c675a4a2ebe7e28c6753b5f14fcbaf8f380ac18f8c7f7218e0e55ff4b8,6cd995c6,10.0,1,0,26,24963,0.046875,-0.0546875,0.1015625,0.3203125,-0.11515696346759796,69521,180.92239379882812,0.19747717678546906,0.18076986074447632,0.24019160866737366,18670,18270,-11.963688850402832,-12.031229019165039,1.4765625,1.4296875,9.1484375,10.0078125,8714,8714,8.668277740478516,0.05988966301083565,6.371416020556353e-06
evq,6cd995c675a4a2ebe7e28c6753b5f14fcbaf8f380ac18f8c7f7218e0e55ff4b8,6cd995c6,10.0,1,0,27,24963,0.0390625,0.0,0.0390625,0.296875,0.0,63940,166.44287109375,0.3566308617591858,0.2754455804824829,0.28743788599967957,25284,25388,-12.713848114013672,-12.47342586517334,1.0703125,1.03125,11.4296875,10.53125,220,578,6.606779098510742,0.27688300609588623,3.0091644021013053e-06
evq,6cd995c675a4a2ebe7e28c6753b5f14fcbaf8f380ac18f8c7f7218e0e55ff4b8,6cd995c6,10.0,1,0,28,24963,-0.0625,-0.076171875,0.013671875,0.2642822265625,-0.19440288841724396,73195,147.97341918945312,0.6580159664154053,0.5720045566558838,0.4279208183288574,24062,22954,-13.526519775390625,-13.27595329284668,0.7109375,0.7734375,12.7265625,12.4140625,220,922,3.9159438610076904,0.4493482708930969,1.3350794461075566e-06
evq,6cd995c675a4a2ebe7e28c6753b5f14fcbaf8f380ac18f8c7f7218e0e55ff4b8,6cd995c6,10.0,1,0,29,24963,-0.19921875,-0.19921875,0.0,0.25,-0.5374848246574402,89547,141.67213439941406,0.18262514472007751,0.17495569586753845,0.22619982063770294,41726,37237,-13.287217140197754,-13.036046981811523,0.40234375,0.6015625,11.03515625,10.7734375,220,922,8.230132102966309,0.1051822304725647,1.696035383247363e-06
evq,6cd995c675a4a2ebe7e28c6753b5f14fcbaf8f380ac18f8c7f7218e0e55ff4b8,6cd995c6,10.0,1,0,30,24963,-0.041015625,0.017578125,-0.05859375,0.21484375,0.05518560856580734,61560,119.7623519897461,0.12378932535648346,0.1567600667476654,0.2250448316335678,36394,36640,-16.059682846069336,-15.101943969726562,0.421875,0.462890625,15.828125,14.537109375,220,220,1.2314879894256592,0.7932973504066467,1.0601525701758874e-07
evq,6cd995c675a4a2ebe7e28c6753b5f14fcbaf8f380ac18f8c7f7218e0e55ff4b8,6cd995c6,10.0,1,0,31,24963,0.53125,0.40625,0.125,0.171875,1.5942509174346924,7862,93.62385559082031,0.012201272882521152,0.012570610269904137,0.04379786550998688,22569,27839,-14.160506248474121,-14.58733081817627,1.6484375,1.1171875,13.6015625,14.0078125,220,220,3.3355982303619385,0.5718129873275757,7.082234105837415e-07
evq,6cd995c675a4a2ebe7e28c6753b5f14fcbaf8f380ac18f8c7f7218e0e55ff4b8,6cd995c6,10.0,1,1,0,4146,0.00927734375,0.00927734375,0.0,0.0078125,0.8009577989578247,16683,4.201181411743164,0.00010104959073942155,9.971884719561785e-05,0.004554316401481628,52313,52617,-13.435920715332031,-13.446724891662598,0.1328125,0.12353515625,9.5546875,9.56396484375,90324,90324,9.47768783569336,0.02062537893652916,1.4616849739468307e-06
evq,6cd995c675a4a2ebe7e28c6753b5f14fcbaf8f380ac18f8c7f7218e0e55ff4b8,6cd995c6,10.0,1,1,1,4146,-0.0390625,-0.02838134765625,-0.01068115234375,0.02435302734375,-0.7860606908798218,100361,13.156061172485352,0.0011721811024472117,0.0011845818953588605,0.018709342926740646,96817,96212,-15.395776748657227,-15.369434356689453,-1.046875,-1.0078125,11.296875,11.3828125,43816,34304,9.083605766296387,0.01659087836742401,2.0592027283328207e-07
evq,6cd995c675a4a2ebe7e28c6753b5f14fcbaf8f380ac18f8c7f7218e0e55ff4b8,6cd995c6,10.0,1,1,2,4146,-0.03125,-0.03125,0.0,0.01953125,-1.0791852474212646,101913,11.335472106933594,0.0006249548168852925,0.0006242498639039695,0.013083161786198616,113634,113259,-16.498931884765625,-16.469745635986328,-1.90625,-1.875,12.90625,12.875,78342,78342,9.192726135253906,0.027524420991539955,6.83289798075748e-08
evq,6cd995c675a4a2ebe7e28c6753b5f14fcbaf8f380ac18f8c7f7218e0e55ff4b8,6cd995c6,10.0,1,1,3,4146,-0.03515625,-0.03515625,0.0,0.0205078125,-1.156269907951355,108924,11.477429389953613,0.0006300077075138688,0.0006257075001485646,0.013651702553033829,48516,47753,-13.446846961975098,-13.416982650756836,0.85546875,0.890625,9.83203125,9.859375,63364,63364,9.147348403930664,0.026921886950731277,1.4458012174145551e-06
evq,6cd995c675a4a2ebe7e28c6753b5f14fcbaf8f380ac18f8c7f7218e0e55ff4b8,6cd995c6,10.0,1,1,4,4146,-0.0546875,-0.0546875,0.0,0.01953125,-1.8885741233825684,122382,11.337574005126953,0.0006235929322429001,0.0006232236046344042,0.013291371054947376,21170,20210,-11.957937240600586,-11.902029037475586,1.9609375,2.015625,7.4140625,7.359375,78342,78342,9.47830581665039,0.010632134974002838,6.408167337212944e-06
evq,6cd995c675a4a2ebe7e28c6753b5f14fcbaf8f380ac18f8c7f7218e0e55ff4b8,6cd995c6,10.0,1,1,5,4146,0.0078125,0.001953125,0.005859375,0.044921875,0.029325684532523155,61379,25.12019920349121,0.003179942723363638,0.0031719692051410675,0.0313243567943573,35604,35634,-12.790276527404785,-12.787242889404297,1.3046875,1.296875,8.8828125,8.890625,64519,64519,9.293440818786621,0.020091388374567032,2.7877476895810105e-06
evq,6cd995c675a4a2ebe7e28c6753b5f14fcbaf8f380ac18f8c7f7218e0e55ff4b8,6cd995c6,10.0,1,1,6,4146,-0.03125,-0.0390625,0.0078125,0.041015625,-0.6423721313476562,91453,23.53432846069336,0.0024970839731395245,0.0025003920309245586,0.028197050094604492,17000,16527,-11.671499252319336,-11.634824752807617,2.0625,2.09375,7.0,7.03125,34704,34704,9.521926879882812,0.009358232840895653,8.533599611837417e-06
evq,6cd995c675a4a2ebe7e28c6753b5f14fcbaf8f380ac18f8c7f7218e0e55ff4b8,6cd995c6,10.0,1,1,7,4146,-0.015625,-0.02734375,0.01171875,0.04296875,-0.42922139167785645,81361,24.71709632873535,0.002643406158313155,0.0026432587765157223,0.02919057011604309,24677,24185,-12.261369705200195,-12.229454040527344,1.953125,1.96875,7.859375,7.78125,4377,4377,9.233823776245117,0.01225288026034832,4.7310199988714885e-06
evq,6cd995c675a4a2ebe7e28c6753b5f14fcbaf8f380ac18f8c7f7218e0e55ff4b8,6cd995c6,10.0,1,1,8,4146,-0.046875,-0.0546875,0.0078125,0.041015625,-0.8993210196495056,101604,23.723886489868164,0.00241729523986578,0.0024090998340398073,0.027295555919408798,14092,13387,-11.523695945739746,-11.466134071350098,2.328125,2.375,8.671875,8.625,99074,99074,9.065680503845215,0.057739097625017166,9.892873094941024e-06
evq,6cd995c675a4a2ebe7e28c6753b5f14fcbaf8f380ac18f8c7f7218e0e55ff4b8,6cd995c6,10.0,1,1,9,4146,-0.0791015625,-0.0869140625,0.0078125,0.0390625,-1.500741958618164,117607,23.06197166442871,0.002266642637550831,0.0022648072335869074,0.027154745534062386,65027,62412,-13.991325378417969,-13.897793769836426,0.1826171875,0.26171875,10.9423828125,10.80078125,99074,99074,9.017305374145508,0.047409042716026306,8.387733032577671e-07
evq,6cd995c675a4a2ebe7e28c6753b5f14fcbaf8f380ac18f8c7f7218e0e55ff4b8,6cd995c6,10.0,1,1,10,4146,-0.3046875,-0.3671875,0.0625,0.53125,-0.4661921560764313,87031,291.5743713378906,0.40689629316329956,0.4044726490974426,0.35004401206970215,34644,27076,-12.823029518127441,-12.425748825073242,1.421875,1.7265625,9.390625,8.3984375,4377,91191,9.094327926635742,0.032309167087078094,2.697919853744679e-06
evq,6cd995c675a4a2ebe7e28c6753b5f14fcbaf8f380ac18f8c7f7218e0e55ff4b8,6cd995c6,10.0,1,1,11,4146,-0.34375,-0.5029296875,0.1591796875,0.5439453125,-0.6236315369606018,93804,297.2718811035156,0.3920711278915405,0.3996112644672394,0.3408232629299164,10989,6665,-11.202065467834473,-10.688085556030273,3.0625,3.40625,7.125,6.96875,88307,55089,9.375746726989746,0.016957154497504234,1.3645982107846066e-05
evq,6cd995c675a4a2ebe7e28c6753b5f14fcbaf8f380ac18f8c7f7218e0e55ff4b8,6cd995c6,10.0,1,1,12,4146,-0.8203125,-0.71875,-0.1015625,0.5419921875,-0.8944598436355591,104377,294.90118408203125,0.38714972138404846,0.3966946601867676,0.33678144216537476,30720,18210,-12.507996559143066,-11.779376983642578,1.2109375,2.03125,8.6015625,7.71875,1108,55089,9.395291328430176,0.02011209726333618,3.696971589306486e-06
evq,6cd995c675a4a2ebe7e28c6753b5f14fcbaf8f380ac18f8c7f7218e0e55ff4b8,6cd995c6,10.0,1,1,13,4146,-0.87890625,-0.7578125,-0.12109375,0.55078125,-0.9280227422714233,105617,300.0496520996094,0.42250287532806396,0.43796777725219727,0.35448703169822693,69649,49579,-14.124143600463867,-13.383073806762695,-0.171875,0.70703125,9.546875,9.91796875,59966,119,9.401723861694336,0.010282940231263638,7.344502250816731e-07
evq,6cd995c675a4a2ebe7e28c6753b5f14fcbaf8f380ac18f8c7f7218e0e55ff4b8,6cd995c6,10.0,1,1,14,4146,-0.712890625,-0.744140625,0.03125,0.53125,-0.9447830319404602,106722,290.2296142578125,0.3817390501499176,0.37777793407440186,0.33376792073249817,94195,76891,-15.215493202209473,-14.424970626831055,-1.0234375,-0.310546875,11.2734375,10.060546875,38828,55089,9.334840774536133,0.019408270716667175,2.466012460899947e-07
evq,6cd995c675a4a2ebe7e28c6753b5f14fcbaf8f380ac18f8c7f7218e0e55ff4b8,6cd995c6,10.0,1,1,15,4146,-0.8984375,-0.7890625,-0.109375,0.494140625,-1.0770524740219116,110066,270.561279296875,0.3174687325954437,0.320937842130661,0.3085023760795593,116897,106547,-16.60080909729004,-15.816287994384766,-2.640625,-1.7421875,11.390625,11.3671875,25457,42946,9.425132751464844,0.005460668355226517,6.171066502247413e-08
evq,6cd995c675a4a2ebe7e28c6753b5f14fcbaf8f380ac18f8c7f7218e0e55ff4b8,6cd995c6,10.0,1,1,16,4146,0.765625,0.921875,-0.15625,0.58740234375,1.0585525035858154,18799,319.9982604980469,0.44858795404434204,0.45077669620513916,0.36284950375556946,96746,112170,-15.182503700256348,-16.10076904296875,-1.6875,-2.453125,11.0,11.765625,33936,7876,9.422209739685059,0.015260252170264721,2.5487216248620825e-07
evq,6cd995c675a4a2ebe7e28c6753b5f14fcbaf8f380ac18f8c7f7218e0e55ff4b8,6cd995c6,10.0,1,1,17,4146,0.453125,0.6640625,-0.2109375,0.5703125,0.7853659987449646,27688,309.9564514160156,0.43237754702568054,0.44138941168785095,0.3591218590736389,107145,116075,-15.725472450256348,-16.453784942626953,-2.109375,-2.5625,11.921875,11.6875,79641,78832,9.406715393066406,0.022290438413619995,1.4808603054916603e-07
evq,6cd995c675a4a2ebe7e28c6753b5f14fcbaf8f380ac18f8c7f7218e0e55ff4b8,6cd995c6,10.0,1,1,18,4146,0.5068359375,0.5771484375,-0.0703125,0.560546875,0.6944669485092163,31202,305.3793029785156,0.42006048560142517,0.4145174026489258,0.34834417700767517,68105,83279,-13.996164321899414,-14.637105941772461,-0.2353515625,-0.7421875,9.7978515625,10.6796875,28940,28940,9.361717224121094,0.015020906925201416,8.347243465323118e-07
evq,6cd995c675a4a2ebe7e28c6753b5f14fcbaf8f380ac18f8c7f7218e0e55ff4b8,6cd995c6,10.0,1,1,19,4146,0.9990234375,0.8466796875,0.15234375,0.55859375,1.0223487615585327,19974,304.5387878417969,0.42049986124038696,0.4156401753425598,0.3504140079021454,66657,88306,-13.915752410888672,-14.773545265197754,0.1865234375,-0.8125,8.6884765625,10.0625,18773,85374,9.518906593322754,0.005368126556277275,9.046186164596293e-07
evq,6cd995c675a4a2ebe7e28c6753b5f14fcbaf8f380ac18f8c7f7218e0e55ff4b8,6cd995c6,10.0,1,1,20,4146,2.103515625,1.916015625,0.1875,0.57421875,2.250596761703491,2160,314.0859680175781,0.4290710985660553,0.41893884539604187,0.35152626037597656,26478,74091,-12.237139701843262,-14.139820098876953,1.921875,-0.181640625,7.140625,9.369140625,85374,85374,9.575411796569824,0.006118032615631819,4.847052878176328e-06
evq,6cd995c675a4a2ebe7e28c6753b5f14fcbaf8f380ac18f8c7f7218e0e55ff4b8,6cd995c6,10.0,1,1,21,4146,1.93017578125,1.85205078125,0.078125,0.546875,2.2842352390289307,1867,297.706787109375,0.3902931213378906,0.39336442947387695,0.3385327160358429,25078,70291,-12.20703125,-14.041228294372559,2.015625,0.08544921875,7.796875,9.28955078125,80305,18020,9.475852012634277,0.012153279036283493,4.995209565095138e-06
evq,6cd995c675a4a2ebe7e28c6753b5f14fcbaf8f380ac18f8c7f7218e0e55ff4b8,6cd995c6,10.0,1,1,22,4146,2.4765625,2.427734375,0.048828125,0.482421875,3.3942997455596924,125,262.484619140625,0.2925950586795807,0.28749412298202515,0.2921918034553528,33257,97134,-12.45120906829834,-14.86079216003418,1.3984375,-1.078125,7.6015625,9.453125,13783,13645,9.738412857055664,0.007831145077943802,3.912988631782355e-06
evq,6cd995c675a4a2ebe7e28c6753b5f14fcbaf8f380ac18f8c7f7218e0e55ff4b8,6cd995c6,10.0,1,1,23,4146,2.015625,1.9609375,0.0546875,0.486572265625,2.718268871307373,768,266.2715148925781,0.3023601174354553,0.2966134250164032,0.2961483597755432,46292,98230,-12.969175338745117,-14.931174278259277,0.796875,-1.21875,8.328125,10.34375,82492,82492,9.760735511779785,0.009647559374570847,2.3310883534577442e-06
evq,6cd995c675a4a2ebe7e28c6753b5f14fcbaf8f380ac18f8c7f7218e0e55ff4b8,6cd995c6,10.0,1,1,24,4146,6.40625,6.5,-0.09375,0.5859375,7.482350826263428,1,322.60693359375,0.657920241355896,0.5280464887619019,0.3850773572921753,329,88448,-8.209513664245605,-14.61229419708252,5.3125,-1.09375,5.3125,9.96875,650,59262,9.337930679321289,0.055187784135341644,0.00027205300284549594
evq,6cd995c675a4a2ebe7e28c6753b5f14fcbaf8f380ac18f8c7f7218e0e55ff4b8,6cd995c6,10.0,1,1,25,4146,6.62109375,6.74609375,-0.125,0.646484375,7.038341522216797,1,355.9172668457031,0.6963763236999512,0.6170901656150818,0.4139999449253082,67,65449,-7.132783889770508,-13.796010971069336,6.125,-0.49609375,4.0,8.87109375,650,435,9.280228614807129,0.04359627142548561,0.0007984933909028769
evq,6cd995c675a4a2ebe7e28c6753b5f14fcbaf8f380ac18f8c7f7218e0e55ff4b8,6cd995c6,10.0,1,1,26,4146,6.859375,6.84375,0.015625,0.6484375,7.1187214851379395,1,355.75482177734375,0.7219045162200928,0.6359034776687622,0.4192248284816742,121,76515,-7.538840293884277,-14.327086448669434,5.65625,-1.203125,4.96875,9.765625,650,435,9.091218948364258,0.0765286386013031,0.0005320142372511327
evq,6cd995c675a4a2ebe7e28c6753b5f14fcbaf8f380ac18f8c7f7218e0e55ff4b8,6cd995c6,10.0,1,1,27,4146,6.960693359375,6.843505859375,0.1171875,0.6484375,7.118467807769775,1,357.163330078125,0.7701330184936523,0.6982202529907227,0.4363616108894348,30,40021,-6.202052116394043,-13.006111145019531,7.0,0.039306640625,3.6875,8.835693359375,650,435,8.799936294555664,0.08089913427829742,0.0020252703689038754
evq,6cd995c675a4a2ebe7e28c6753b5f14fcbaf8f380ac18f8c7f7218e0e55ff4b8,6cd995c6,10.0,1,1,28,4146,7.181640625,7.025390625,0.15625,0.59375,7.980734825134277,1,327.2084655761719,0.6562007665634155,0.5799888372421265,0.4028703570365906,12,26022,-5.398061275482178,-12.355735778808594,7.46875,0.287109375,2.40625,8.462890625,220,578,8.751777648925781,0.050196435302495956,0.004525345750153065
evq,6cd995c675a4a2ebe7e28c6753b5f14fcbaf8f380ac18f8c7f7218e0e55ff4b8,6cd995c6,10.0,1,1,29,4146,6.640625,6.603515625,0.037109375,0.587890625,7.57625675201416,1,322.8520202636719,0.6855396032333374,0.5787352919578552,0.40994593501091003,4,10167,-4.668359756469727,-11.149343490600586,8.5,1.859375,1.3125,6.703125,220,92157,8.882746696472168,0.034879378974437714,0.009387655183672905
evq,6cd995c675a4a2ebe7e28c6753b5f14fcbaf8f380ac18f8c7f7218e0e55ff4b8,6cd995c6,10.0,1,1,30,4146,6.140625,6.140625,0.0,0.578125,7.164186000823975,1,315.8431091308594,0.747353196144104,0.8386209607124329,0.477232426404953,11,1844,-4.700270652770996,-10.211225509643555,9.6875,3.546875,3.3125,7.890625,220,11,4.485030651092529,0.2496311366558075,0.009092816151678562
evq,6cd995c675a4a2ebe7e28c6753b5f14fcbaf8f380ac18f8c7f7218e0e55ff4b8,6cd995c6,10.0,1,1,31,4146,5.59375,5.4296875,0.1640625,0.4541015625,8.064878463745117,1,254.7517852783203,0.6117705702781677,0.39958080649375916,0.3363717198371887,3,359,-3.0395619869232178,-8.55831241607666,11.25,5.65625,0.25,6.09375,13,13,6.6215362548828125,0.061448123306035995,0.04785584658384323
evq,6cd995c675a4a2ebe7e28c6753b5f14fcbaf8f380ac18f8c7f7218e0e55ff4b8,6cd995c6,10.0,1,2,0,1114,0.015625,0.015625,0.0,0.0078125,1.348981499671936,6824,4.71797513961792,0.00014235926209948957,0.000145185345900245,0.005455671809613705,98763,99118,-15.47146224975586,-15.4888916015625,-1.15625,-1.171875,10.96875,10.984375,81135,81135,9.264993667602539,0.011078907176852226,1.909102849140254e-07
evq,6cd995c675a4a2ebe7e28c6753b5f14fcbaf8f380ac18f8c7f7218e0e55ff4b8,6cd995c6,10.0,1,2,1,1114,0.046875,0.0517578125,-0.0048828125,0.0263671875,1.324000358581543,7629,13.03543472290039,0.0011189912911504507,0.001113730832003057,0.017546910792589188,125489,125673,-18.28202247619629,-18.33254051208496,-3.453125,-3.5,14.890625,14.8125,62017,62017,8.894498825073242,0.03366158530116081,1.148731421096727e-08
evq,6cd995c675a4a2ebe7e28c6753b5f14fcbaf8f380ac18f8c7f7218e0e55ff4b8,6cd995c6,10.0,1,2,2,1114,0.03125,0.03125,0.0,0.017578125,1.1990946531295776,15076,10.734075546264648,0.0006254329346120358,0.0006213132292032242,0.012749506160616875,127153,127183,-19.261600494384766,-19.290382385253906,-4.21875,-4.25,15.59375,15.625,76084,76084,9.042497634887695,0.025531284511089325,4.31313651461096e-09
evq,6cd995c675a4a2ebe7e28c6753b5f14fcbaf8f380ac18f8c7f7218e0e55ff4b8,6cd995c6,10.0,1,2,3,1114,0.015625,0.015625,0.0,0.01953125,0.5395926237106323,36126,11.167941093444824,0.0006721126264892519,0.0006809235783293843,0.01424079854041338,121980,122067,-17.50404930114746,-17.513315200805664,-2.75,-2.765625,13.8125,13.765625,63364,63364,8.863203048706055,0.02493332512676716,2.50085196995542e-08
evq,6cd995c675a4a2ebe7e28c6753b5f14fcbaf8f380ac18f8c7f7218e0e55ff4b8,6cd995c6,10.0,1,2,4,1114,0.025146484375,0.025146484375,0.0,0.01953125,0.8684068322181702,27431,11.103250503540039,0.0006267808494158089,0.0006277606007643044,0.013224545866250992,69875,70517,-14.105341911315918,-14.130131721496582,0.0849609375,0.059814453125,8.9775390625,9.065185546875,117077,117077,9.445788383483887,0.005929574370384216,7.483897661586525e-07
evq,6cd995c675a4a2ebe7e28c6753b5f14fcbaf8f380ac18f8c7f7218e0e55ff4b8,6cd995c6,10.0,1,2,5,1114,0.01953125,0.01953125,0.0,0.01953125,0.674490749835968,30072,11.163782119750977,0.0006940674502402544,0.0006910058436915278,0.014388645067811012,93764,94227,-15.14100456237793,-15.162580490112305,-0.90234375,-0.921875,11.08984375,11.171875,35237,35237,9.291501998901367,0.017402170225977898,2.656716731053166e-07
evq,6cd995c675a4a2ebe7e28c6753b5f14fcbaf8f380ac18f8c7f7218e0e55ff4b8,6cd995c6,10.0,1,2,6,1114,-0.00390625,-0.01171875,0.0078125,0.0234375,-0.3372454047203064,82217,11.739496231079102,0.000679986085742712,0.0006833865772932768,0.014582952484488487,69386,69092,-14.072589874267578,-14.061120986938477,-0.1435546875,-0.1396484375,9.2685546875,9.2646484375,56261,56261,9.440528869628906,0.008196601644158363,7.733068514426122e-07
evq,6cd995c675a4a2ebe7e28c6753b5f14fcbaf8f380ac18f8c7f7218e0e55ff4b8,6cd995c6,10.0,1,2,7,1114,0.0,0.0,0.0,0.03125,0.0,60178,17.503536224365234,0.0014393787132576108,0.0014370301505550742,0.020532768219709396,103950,103976,-15.615228652954102,-15.614191055297852,-1.609375,-1.609375,11.546875,11.546875,45499,45499,9.332145690917969,0.017105527222156525,1.6534549729385617e-07
evq,6cd995c675a4a2ebe7e28c6753b5f14fcbaf8f380ac18f8c7f7218e0e55ff4b8,6cd995c6,10.0,1,2,8,1114,0.0302734375,0.0146484375,0.015625,0.03125,0.31616756319999695,52971,17.626371383666992,0.0015126279322430491,0.0015120388707146049,0.02204112708568573,62454,62907,-13.79643440246582,-13.80921745300293,-0.1416015625,-0.171875,9.3916015625,9.421875,45499,45499,9.443268775939941,0.012218148447573185,1.0192592299063108e-06
evq,6cd995c675a4a2ebe7e28c6753b5f14fcbaf8f380ac18f8c7f7218e0e55ff4b8,6cd995c6,10.0,1,2,9,1114,-0.025390625,-0.025390625,0.0,0.03125,-0.5480237603187561,89179,18.74498748779297,0.001566785853356123,0.0015576169826090336,0.021809328347444534,54357,53656,-13.576887130737305,-13.545295715332031,0.42578125,0.451171875,9.32421875,9.298828125,21825,21825,9.249807357788086,0.014226228930056095,1.2695004443230573e-06
evq,6cd995c675a4a2ebe7e28c6753b5f14fcbaf8f380ac18f8c7f7218e0e55ff4b8,6cd995c6,10.0,1,2,10,1114,-0.0234375,-0.0234375,0.0,0.078125,-0.20234721899032593,72117,42.99190902709961,0.008653426542878151,0.008683620020747185,0.05203269422054291,81071,80581,-14.618646621704102,-14.598161697387695,-0.73046875,-0.70703125,10.23046875,10.33203125,58813,58813,9.169281005859375,0.012423339299857616,4.479220478970092e-07
evq,6cd995c675a4a2ebe7e28c6753b5f14fcbaf8f380ac18f8c7f7218e0e55ff4b8,6cd995c6,10.0,1,2,11,1114,0.0185546875,0.0029296875,0.015625,0.125,0.015808377414941788,62753,67.76631164550781,0.023110635578632355,0.023203663527965546,0.08597400039434433,58406,58383,-13.794400215148926,-13.809093475341797,0.181640625,0.1630859375,9.943359375,10.2119140625,44155,44155,9.048755645751953,0.021257605403661728,1.0213346968157566e-06
evq,6cd995c675a4a2ebe7e28c6753b5f14fcbaf8f380ac18f8c7f7218e0e55ff4b8,6cd995c6,10.0,1,2,12,1114,-0.364501953125,-0.356689453125,-0.0078125,0.1875,-1.2831133604049683,114627,103.13992309570312,0.05091475695371628,0.05181329697370529,0.12676182389259338,59438,50385,-13.752538681030273,-13.401689529418945,-0.026611328125,0.337890625,8.839111328125,8.912109375,55089,55089,9.385945320129395,0.007347260136157274,1.0649969226506073e-06
evq,6cd995c675a4a2ebe7e28c6753b5f14fcbaf8f380ac18f8c7f7218e0e55ff4b8,6cd995c6,10.0,1,2,13,1114,-0.6572265625,-0.6748046875,0.017578125,0.236328125,-1.9259220361709595,124332,129.747802734375,0.0817319005727768,0.08115652203559875,0.1596137136220932,78347,61116,-14.467057228088379,-13.78637981414795,-0.58203125,0.0751953125,9.51953125,9.3623046875,52154,119,9.432429313659668,0.007100955117493868,5.212389737607737e-07
evq,6cd995c675a4a2ebe7e28c6753b5f14fcbaf8f380ac18f8c7f7218e0e55ff4b8,6cd995c6,10.0,1,2,14,1114,-0.3408203125,-0.4033203125,0.0625,0.2421875,-1.1232447624206543,111321,131.87326049804688,0.08069545030593872,0.08115747570991516,0.15958166122436523,69738,58768,-14.183673858642578,-13.771013259887695,-0.0107421875,0.330078125,9.4482421875,9.107421875,13793,29234,9.346601486206055,0.008778654038906097,6.920041641933494e-07
evq,6cd995c675a4a2ebe7e28c6753b5f14fcbaf8f380ac18f8c7f7218e0e55ff4b8,6cd995c6,10.0,1,2,15,1114,0.359375,0.21875,0.140625,0.328125,0.4496605098247528,41651,181.15402221679688,0.16338521242141724,0.15635573863983154,0.2193024456501007,94068,98777,-15.243821144104004,-15.392477035522461,-1.140625,-1.5,12.265625,11.125,52316,52316,9.073957443237305,0.05088452622294426,2.3971355744834e-07
evq,6cd995c675a4a2ebe7e28c6753b5f14fcbaf8f380ac18f8c7f7218e0e55ff4b8,6cd995c6,10.0,1,2,16,1114,2.1444091796875,2.1131591796875,0.03125,0.4375,3.257843255996704,158,239.2422637939453,0.2657855451107025,0.25569701194763184,0.2768247127532959,52566,102916,-13.428655624389648,-15.524234771728516,0.0194091796875,-2.125,9.4805908203125,10.625,52316,17190,9.409663200378418,0.019292008131742477,1.4723428876095568e-06
evq,6cd995c675a4a2ebe7e28c6753b5f14fcbaf8f380ac18f8c7f7218e0e55ff4b8,6cd995c6,10.0,1,2,17,1114,2.248046875,2.25,-0.001953125,0.42578125,3.564281702041626,72,232.77256774902344,0.25721681118011475,0.25428831577301025,0.2761121988296509,73085,116136,-14.249813079833984,-16.5396728515625,-0.455078125,-2.703125,10.080078125,12.453125,87274,90173,9.34501838684082,0.015456348657608032,6.477163196905167e-07
evq,6cd995c675a4a2ebe7e28c6753b5f14fcbaf8f380ac18f8c7f7218e0e55ff4b8,6cd995c6,10.0,1,2,18,1114,2.37890625,2.310546875,0.068359375,0.447265625,3.4843783378601074,102,243.71511840820312,0.2596437335014343,0.2650558054447174,0.2803444266319275,76494,118335,-14.35908317565918,-16.670612335205078,-0.63671875,-3.015625,9.19921875,12.140625,87274,2860,9.408440589904785,0.005742475390434265,5.806700187349634e-07
evq,6cd995c675a4a2ebe7e28c6753b5f14fcbaf8f380ac18f8c7f7218e0e55ff4b8,6cd995c6,10.0,1,2,19,1114,2.43359375,2.21484375,0.21875,0.4407958984375,3.38907790184021,143,240.8966827392578,0.2729186713695526,0.2764469087123871,0.28610771894454956,78998,118221,-14.480218887329102,-16.673778533935547,-0.51953125,-2.953125,10.14453125,12.203125,106405,2860,9.309391975402832,0.013092873618006706,5.144235615262005e-07
evq,6cd995c675a4a2ebe7e28c6753b5f14fcbaf8f380ac18f8c7f7218e0e55ff4b8,6cd995c6,10.0,1,2,20,1114,3.08984375,2.88671875,0.203125,0.44921875,4.334336280822754,8,243.5930633544922,0.2882669270038605,0.2793009877204895,0.2878485321998596,48002,113510,-13.26061725616455,-16.13241195678711,0.73046875,-2.359375,8.89453125,11.796875,100309,7339,9.2875337600708,0.012700853869318962,1.7417551134712994e-06
evq,6cd995c675a4a2ebe7e28c6753b5f14fcbaf8f380ac18f8c7f7218e0e55ff4b8,6cd995c6,10.0,1,2,21,1114,2.671875,2.44140625,0.23046875,0.421875,3.9033029079437256,34,231.0927276611328,0.26403242349624634,0.25416886806488037,0.2755734622478485,26485,87505,-12.38171672821045,-14.778369903564453,1.828125,-0.84375,8.671875,11.34375,7339,7339,9.075559616088867,0.02448139153420925,4.194582743366482e-06
evq,6cd995c675a4a2ebe7e28c6753b5f14fcbaf8f380ac18f8c7f7218e0e55ff4b8,6cd995c6,10.0,1,2,22,1114,4.1337890625,3.9423828125,0.19140625,0.380859375,6.981844425201416,1,208.87411499023438,0.2019171118736267,0.20074540376663208,0.24812325835227966,2888,68575,-9.86784553527832,-13.791501998901367,3.90625,-0.2275390625,4.90625,9.1025390625,87274,16196,9.608097076416016,0.007001747377216816,5.181424057809636e-05
evq,6cd995c675a4a2ebe7e28c6753b5f14fcbaf8f380ac18f8c7f7218e0e55ff4b8,6cd995c6,10.0,1,2,23,1114,3.53125,3.3125,0.21875,0.390625,5.719681739807129,1,213.35775756835938,0.20468556880950928,0.204522967338562,0.24918246269226074,7767,75568,-10.749271392822266,-14.073023796081543,2.953125,-0.578125,6.046875,9.390625,87274,27444,9.663551330566406,0.009073503315448761,2.146103906852659e-05
evq,6cd995c675a4a2ebe7e28c6753b5f14fcbaf8f380ac18f8c7f7218e0e55ff4b8,6cd995c6,10.0,1,2,24,1114,3.5859375,3.34375,0.2421875,0.4609375,4.892916202545166,7,250.65899658203125,0.29933592677116394,0.3146195411682129,0.30100828409194946,8117,74488,-10.802017211914062,-14.186493873596191,2.71875,-0.8671875,5.96875,9.5546875,16196,435,9.595735549926758,0.007960474118590355,2.0358394976938143e-05
evq,6cd995c675a4a2ebe7e28c6753b5f14fcbaf8f380ac18f8c7f7218e0e55ff4b8,6cd995c6,10.0,1,2,25,1114,2.763671875,2.541015625,0.22265625,0.56640625,3.025905132293701,391,309.9060363769531,0.4479214549064636,0.47545719146728516,0.3603680729866028,10274,59136,-11.04623031616211,-13.642300605773926,2.3125,-0.451171875,5.9375,9.326171875,107302,435,9.613790512084961,0.006043754518032074,1.5947151041473262e-05
evq,6cd995c675a4a2ebe7e28c6753b5f14fcbaf8f380ac18f8c7f7218e0e55ff4b8,6cd995c6,10.0,1,2,26,1114,2.7239990234375,2.4193115234375,0.3046875,0.5703125,2.8612442016601562,560,313.66339111328125,0.46624550223350525,0.49236929416656494,0.36841243505477905,5742,40635,-10.468467712402344,-13.032344818115234,2.75,0.0260009765625,5.9375,9.2239990234375,650,435,9.52640438079834,0.010770253837108612,2.841857167368289e-05
evq,6cd995c675a4a2ebe7e28c6753b5f14fcbaf8f380ac18f8c7f7218e0e55ff4b8,6cd995c6,10.0,1,2,27,1114,2.890625,2.6796875,0.2109375,0.5625,3.2131991386413574,245,308.0767822265625,0.49414634704589844,0.48782387375831604,0.363663911819458,972,16437,-8.969892501831055,-11.809931755065918,4.15625,1.265625,4.59375,8.359375,650,578,9.288346290588379,0.012573768384754658,0.00012718186189886183
evq,6cd995c675a4a2ebe7e28c6753b5f14fcbaf8f380ac18f8c7f7218e0e55ff4b8,6cd995c6,10.0,1,2,28,1114,2.296875,2.140625,0.15625,0.5078125,2.843238115310669,564,278.5124816894531,0.5055359601974487,0.43852487206459045,0.3590843379497528,152,2185,-7.55600643157959,-9.724305152893066,5.28125,2.984375,5.09375,6.578125,220,578,8.564538955688477,0.0852423682808876,0.0005229595699347556
evq,6cd995c675a4a2ebe7e28c6753b5f14fcbaf8f380ac18f8c7f7218e0e55ff4b8,6cd995c6,10.0,1,2,29,1114,2.46875,2.453125,0.015625,0.490234375,3.375140905380249,149,268.8666076660156,0.43518322706222534,0.38170063495635986,0.3348083794116974,268,4192,-7.870936393737793,-10.287155151367188,5.15625,2.6875,4.46875,5.625,220,578,8.812215805053711,0.03330037370324135,0.00038167680031619966
evq,6cd995c675a4a2ebe7e28c6753b5f14fcbaf8f380ac18f8c7f7218e0e55ff4b8,6cd995c6,10.0,1,2,30,1114,2.03125,2.171875,-0.140625,0.46484375,3.151402235031128,239,253.8404541015625,0.4743112027645111,0.45310693979263306,0.3984473943710327,56,378,-7.321212291717529,-8.787665367126465,7.15625,5.125,5.84375,6.6875,11,19664,4.293344020843506,0.22821606695652008,0.0006613599834963679
evq,6cd995c675a4a2ebe7e28c6753b5f14fcbaf8f380ac18f8c7f7218e0e55ff4b8,6cd995c6,10.0,1,2,31,1114,1.4375,1.25,0.1875,0.347015380859375,2.4296140670776367,1665,194.7897491455078,0.19334839284420013,0.16614656150341034,0.20031540095806122,49,131,-6.533050537109375,-7.940768241882324,7.59375,6.15625,4.53125,5.90625,13,13,6.025714874267578,0.1350918561220169,0.0014545618323609233
evq,06800fdee903d0587afca1a9cb82c1a7f86a35084fc8adaa0dbe5ed47fed84c2,06800fde,10.0,1,0,0,20936,-0.03125,-0.0390625,0.0078125,0.021484375,-1.2263468503952026,112302,10.630940437316895,0.0005447352305054665,0.0005363010568544269,0.013273568823933601,124197,124031,-17.091236114501953,-17.04714012145996,-3.484375,-3.453125,13.984375,13.890625,47523,47523,9.630277633666992,0.04474113881587982,3.778944090981895e-08
evq,06800fdee903d0587afca1a9cb82c1a7f86a35084fc8adaa0dbe5ed47fed84c2,06800fde,10.0,1,0,1,20936,0.05859375,-0.00390625,0.0625,0.048828125,-0.05395926162600517,71704,27.60011100769043,0.0034941164776682854,0.003480148036032915,0.033116936683654785,108567,108775,-16.72310447692871,-16.651927947998047,-0.75,-0.80859375,14.125,13.93359375,54759,54759,8.321017265319824,0.07441455125808716,5.460696073100735e-08
evq,06800fdee903d0587afca1a9cb82c1a7f86a35084fc8adaa0dbe5ed47fed84c2,06800fde,10.0,1,0,2,20936,0.0234375,-0.0078125,0.03125,0.03125,-0.168622687458992,72491,16.45179557800293,0.0013100637588649988,0.0013124188408255577,0.02006871998310089,113550,113625,-17.50644874572754,-17.460224151611328,-1.2109375,-1.234375,14.8984375,14.859375,120896,120896,7.930900573730469,0.07368098199367523,2.4948583643435995e-08
evq,06800fdee903d0587afca1a9cb82c1a7f86a35084fc8adaa0dbe5ed47fed84c2,06800fde,10.0,1,0,3,20936,0.0048828125,-0.0185546875,0.0234375,0.0234375,-0.533971905708313,85613,14.978757858276367,0.0013525617541745305,0.0013701317366212606,0.02091452293097973,80215,79764,-14.84408187866211,-14.805337905883789,0.2197265625,0.21484375,11.6552734375,11.53515625,63364,63364,8.867969512939453,0.04122095927596092,3.5751736504607834e-07
evq,06800fdee903d0587afca1a9cb82c1a7f86a35084fc8adaa0dbe5ed47fed84c2,06800fde,10.0,1,0,4,20936,0.0078125,-0.0078125,0.015625,0.0234375,-0.2248302698135376,78306,12.498520851135254,0.0009578083408996463,0.0009553212439641356,0.016819030046463013,38798,38524,-12.96747875213623,-12.943655967712402,1.6484375,1.640625,9.2265625,9.109375,117077,117077,9.226482391357422,0.02373235486447811,2.33504647439986e-06
evq,06800fdee903d0587afca1a9cb82c1a7f86a35084fc8adaa0dbe5ed47fed84c2,06800fde,10.0,1,0,5,20936,0.05615234375,0.04052734375,0.015625,0.01953125,1.3995683193206787,13954,11.476875305175781,0.0007744953618384898,0.0007726381300017238,0.015605060383677483,78619,79624,-14.681650161743164,-14.71047592163086,0.0888671875,0.03271484375,11.0361328125,11.09228515625,61599,61599,9.060312271118164,0.02610791102051735,4.20572007442388e-07
evq,06800fdee903d0587afca1a9cb82c1a7f86a35084fc8adaa0dbe5ed47fed84c2,06800fde,10.0,1,0,6,20936,0.0703125,0.0546875,0.015625,0.01953125,1.8885741233825684,4030,11.47367000579834,0.0007828822126612067,0.0007790549425408244,0.015993410721421242,112761,113492,-16.390871047973633,-16.44161033630371,-1.8203125,-1.890625,12.4453125,12.453125,34704,34704,9.10977554321289,0.019340401515364647,7.612637631382313e-08
evq,06800fdee903d0587afca1a9cb82c1a7f86a35084fc8adaa0dbe5ed47fed84c2,06800fde,10.0,1,0,7,20936,0.06640625,0.05859375,0.0078125,0.0234375,1.6862269639968872,3906,11.381326675415039,0.0007488931296393275,0.0007445731898769736,0.015534459613263607,98692,99797,-15.597475051879883,-15.64635181427002,-0.94140625,-1.0078125,11.94140625,11.9453125,95361,95361,8.953075408935547,0.025833865627646446,1.6830718152505142e-07
evq,06800fdee903d0587afca1a9cb82c1a7f86a35084fc8adaa0dbe5ed47fed84c2,06800fde,10.0,1,0,8,20936,0.03125,0.03125,0.0,0.0234375,0.8993210792541504,22481,13.19295597076416,0.0008034554193727672,0.0008088977774605155,0.015225928276777267,98007,98562,-15.359027862548828,-15.38548755645752,-1.1875,-1.21875,12.25,12.28125,99074,99074,9.132523536682129,0.04464435577392578,2.136283825393548e-07
evq,06800fdee903d0587afca1a9cb82c1a7f86a35084fc8adaa0dbe5ed47fed84c2,06800fde,10.0,1,0,9,20936,0.046875,0.046875,0.0,0.02734375,1.156269907951355,11914,13.946791648864746,0.0009941754397004843,0.0009932792745530605,0.017313415184617043,108157,108816,-16.062498092651367,-16.112089157104492,-1.515625,-1.5625,11.890625,12.0,125563,125563,9.176549911499023,0.015423336066305637,1.057172127616468e-07
evq,06800fdee903d0587afca1a9cb82c1a7f86a35084fc8adaa0dbe5ed47fed84c2,06800fde,10.0,1,0,10,20936,0.03125,0.03125,0.0,0.0390625,0.5395926237106323,34601,20.72100257873535,0.0029465702828019857,0.0029742796905338764,0.0290890671312809,118272,118525,-16.953933715820312,-16.987714767456055,-2.421875,-2.453125,13.796875,14.015625,95361,95361,8.881585121154785,0.0425507128238678,4.335110048714341e-08
evq,06800fdee903d0587afca1a9cb82c1a7f86a35084fc8adaa0dbe5ed47fed84c2,06800fde,10.0,1,0,11,20936,-0.0390625,-0.0390625,0.0,0.03125,-0.8431134819984436,100176,18.591838836669922,0.0016690688207745552,0.0016584998229518533,0.022289443761110306,93499,92649,-15.057065963745117,-15.015209197998047,-1.0703125,-1.03125,10.7578125,10.71875,74619,74619,9.463908195495605,0.013578692451119423,2.8893447279187967e-07
evq,06800fdee903d0587afca1a9cb82c1a7f86a35084fc8adaa0dbe5ed47fed84c2,06800fde,10.0,1,0,12,20936,-0.03125,-0.03125,0.0,0.03125,-0.674490749835968,90792,17.798254013061523,0.0013802243629470468,0.001371336984448135,0.020399494096636772,78772,77971,-14.390848159790039,-14.360546112060547,-0.83203125,-0.80078125,9.51953125,9.55078125,1108,1108,9.501952171325684,0.0076632630079984665,5.625149128718476e-07
evq,06800fdee903d0587afca1a9cb82c1a7f86a35084fc8adaa0dbe5ed47fed84c2,06800fde,10.0,1,0,13,20936,0.0625,0.0625,0.0,0.09375,0.4496605396270752,40616,49.53160095214844,0.010910232551395893,0.010825149714946747,0.058267295360565186,65763,67326,-13.937522888183594,-13.996174812316895,-0.099609375,-0.162109375,9.599609375,9.787109375,110652,110652,9.452120780944824,0.01306375116109848,8.851374673213286e-07
evq,06800fdee903d0587afca1a9cb82c1a7f86a35084fc8adaa0dbe5ed47fed84c2,06800fde,10.0,1,0,14,20936,0.125,0.103759765625,0.021240234375,0.099365234375,0.7043207883834839,29017,53.303802490234375,0.01234524231404066,0.01235336996614933,0.06319534778594971,55707,58266,-13.835831642150879,-13.929516792297363,0.97265625,0.84765625,10.52734375,10.52734375,15125,15125,8.877779960632324,0.03657142445445061,9.798840210351045e-07
evq,06800fdee903d0587afca1a9cb82c1a7f86a35084fc8adaa0dbe5ed47fed84c2,06800fde,10.0,1,0,15,20936,-0.015625,-0.015625,0.0,0.140625,-0.0749434158205986,66125,77.54090118408203,0.026718303561210632,0.026676084846258163,0.09162192046642303,19509,19405,-12.045819282531738,-12.015247344970703,2.5625,2.578125,8.5625,8.234375,127199,127199,9.03247356414795,0.030705329030752182,5.869041160622146e-06
evq,06800fdee903d0587afca1a9cb82c1a7f86a35084fc8adaa0dbe5ed47fed84c2,06800fde,10.0,1,0,16,20936,0.25,0.21875,0.03125,0.1796875,0.8211191892623901,26056,97.94613647460938,0.04385388642549515,0.04474792629480362,0.11604781448841095,10110,12269,-11.127269744873047,-11.342167854309082,2.734375,2.484375,7.140625,7.328125,127199,127199,9.365714073181152,0.018561890348792076,1.4705782632518094e-05
evq,06800fdee903d0587afca1a9cb82c1a7f86a35084fc8adaa0dbe5ed47fed84c2,06800fde,10.0,1,0,17,20936,0.03125,0.0390625,-0.0078125,0.16748046875,0.15731562674045563,55221,91.18953704833984,0.03689362853765488,0.03744079917669296,0.10911878943443298,9752,10272,-11.118839263916016,-11.18387508392334,3.171875,3.140625,7.015625,7.296875,86649,86649,9.208992004394531,0.016519492492079735,1.4830284271738492e-05
evq,06800fdee903d0587afca1a9cb82c1a7f86a35084fc8adaa0dbe5ed47fed84c2,06800fde,10.0,1,0,18,20936,0.40625,0.40234375,0.00390625,0.23046875,1.17750084400177,15231,124.62127685546875,0.07088449597358704,0.07004374265670776,0.1495802402496338,7164,10476,-10.787477493286133,-11.206995964050293,3.25,2.84375,6.4375,7.21875,86649,86649,9.2886323928833,0.012907102704048157,2.0656561900977977e-05
evq,06800fdee903d0587afca1a9cb82c1a7f86a35084fc8adaa0dbe5ed47fed84c2,06800fde,10.0,1,0,19,20936,0.0,-0.03515625,0.03515625,0.23046875,-0.10288842767477036,69001,127.03142547607422,0.07226831465959549,0.07201564311981201,0.15061961114406586,2791,2705,-9.848176002502441,-9.81655502319336,4.28125,4.28125,4.84375,4.84375,29322,86649,9.427901268005371,0.006708190776407719,5.284349026624113e-05
evq,06800fdee903d0587afca1a9cb82c1a7f86a35084fc8adaa0dbe5ed47fed84c2,06800fde,10.0,1,0,20,20936,-0.140625,-0.203125,0.0625,0.21875,-0.6263128519058228,93544,117.04707336425781,0.0654943436384201,0.0645318478345871,0.1419827938079834,4874,4021,-10.416428565979004,-10.186775207519531,3.703125,3.84375,7.359375,6.90625,51279,51279,9.122071266174316,0.047026053071022034,2.9936605642433278e-05
evq,06800fdee903d0587afca1a9cb82c1a7f86a35084fc8adaa0dbe5ed47fed84c2,06800fde,10.0,1,0,21,20936,-0.171875,-0.203125,0.03125,0.19921875,-0.6877160668373108,96487,108.40438842773438,0.05625642463564873,0.05596105754375458,0.13242189586162567,4710,3769,-10.382933616638184,-10.13492488861084,3.78125,3.953125,6.71875,5.984375,32438,32438,9.119987487792969,0.0256250761449337,3.0956311093177646e-05
evq,06800fdee903d0587afca1a9cb82c1a7f86a35084fc8adaa0dbe5ed47fed84c2,06800fde,10.0,1,0,22,20936,0.4375,0.3907470703125,0.0467529296875,0.1876220703125,1.404713749885559,10789,104.122314453125,0.045219264924526215,0.04528835788369179,0.11739969253540039,1715,2717,-9.4628267288208,-9.834199905395508,4.53125,4.09375,6.34375,6.59375,51279,51279,9.369194984436035,0.04419794678688049,7.768668001517653e-05
evq,06800fdee903d0587afca1a9cb82c1a7f86a35084fc8adaa0dbe5ed47fed84c2,06800fde,10.0,1,0,23,20936,0.59375,0.546875,0.046875,0.265625,1.3886574506759644,11163,150.38516235351562,0.09939415007829666,0.0979684442281723,0.17400436103343964,1450,2775,-9.302008628845215,-9.831497192382812,4.53125,3.9375,4.78125,6.0,8714,8714,9.496969223022461,0.010880766436457634,9.124077769229189e-05
evq,06800fdee903d0587afca1a9cb82c1a7f86a35084fc8adaa0dbe5ed47fed84c2,06800fde,10.0,1,0,24,20936,0.765625,0.734375,0.03125,0.2734375,1.811489462852478,5242,152.1486053466797,0.1461949199438095,0.14531056582927704,0.20317184925079346,5225,10782,-10.606305122375488,-11.491905212402344,3.203125,2.4375,7.796875,9.6875,8714,8714,8.446868896484375,0.06023929640650749,2.4759405278018676e-05
evq,06800fdee903d0587afca1a9cb82c1a7f86a35084fc8adaa0dbe5ed47fed84c2,06800fde,10.0,1,0,25,20936,0.78125,0.796875,-0.015625,0.28125,1.9110571146011353,4415,158.0225067138672,0.12769019603729248,0.129148468375206,0.19450172781944275,1573,3995,-9.43248176574707,-10.245323181152344,4.0,3.21875,5.6875,6.96875,8714,8714,9.106801986694336,0.023636065423488617,8.008020813576877e-05
evq,06800fdee903d0587afca1a9cb82c1a7f86a35084fc8adaa0dbe5ed47fed84c2,06800fde,10.0,1,0,26,20936,0.6875,0.703125,-0.015625,0.2734375,1.7344048023223877,5991,152.22840881347656,0.26488974690437317,0.18254411220550537,0.22740957140922546,499,1244,-8.80372428894043,-9.43950080871582,4.75,4.0625,6.5,7.5625,220,8714,7.575052738189697,0.09988619387149811,0.0001501727383583784
evq,06800fdee903d0587afca1a9cb82c1a7f86a35084fc8adaa0dbe5ed47fed84c2,06800fde,10.0,1,0,27,20936,0.75,0.78125,-0.03125,0.26953125,1.9550457000732422,3747,149.3399200439453,0.7336762547492981,0.5118029117584229,0.4291156232357025,42,122,-7.339134693145752,-7.612709999084473,6.65625,5.90625,6.59375,5.71875,220,578,5.179065227508545,0.4745517075061798,0.0006496123969554901
evq,06800fdee903d0587afca1a9cb82c1a7f86a35084fc8adaa0dbe5ed47fed84c2,06800fde,10.0,1,0,28,20936,1.0,1.0390625,-0.0390625,0.2421875,2.8937830924987793,512,132.6285858154297,0.9097912907600403,0.8444485664367676,0.5368694067001343,91,319,-8.536236763000488,-9.299272537231445,5.9375,4.9375,8.0625,8.5,220,922,3.0105457305908203,0.6226710081100464,0.00019622732361312956
evq,06800fdee903d0587afca1a9cb82c1a7f86a35084fc8adaa0dbe5ed47fed84c2,06800fde,10.0,1,0,29,20936,1.0,1.0078125,-0.0078125,0.2265625,3.0003209114074707,500,127.3282699584961,0.2141936719417572,0.2093600332736969,0.23072539269924164,153,525,-7.662413120269775,-8.642351150512695,6.03125,5.03125,5.78125,6.59375,220,922,7.940409183502197,0.15241271257400513,0.00047017144970595837
evq,06800fdee903d0587afca1a9cb82c1a7f86a35084fc8adaa0dbe5ed47fed84c2,06800fde,10.0,1,0,30,20936,0.8125,0.8125,0.0,0.1942138671875,2.821753978729248,734,108.01569366455078,0.08506111800670624,0.10939076542854309,0.17745934426784515,707,1746,-11.449006080627441,-11.630136489868164,5.0,4.1875,11.25,11.1875,220,220,1.2146567106246948,0.8195445537567139,1.0660064617695753e-05
evq,06800fdee903d0587afca1a9cb82c1a7f86a35084fc8adaa0dbe5ed47fed84c2,06800fde,10.0,1,0,31,20936,1.0625,0.916015625,0.146484375,0.158203125,3.9053847789764404,97,86.93733215332031,0.010866088792681694,0.01025245152413845,0.03646519035100937,938,2500,-10.1946439743042,-11.253284454345703,5.5625,4.5,9.625,10.6875,220,220,3.511932134628296,0.5657268762588501,3.736993676284328e-05
evq,06800fdee903d0587afca1a9cb82c1a7f86a35084fc8adaa0dbe5ed47fed84c2,06800fde,10.0,1,1,0,17228,0.0,0.0,0.0,0.0078125,0.0,57303,4.552552700042725,0.00014811739674769342,0.00014975375961512327,0.005650760605931282,126994,126991,-18.71013832092285,-18.708330154418945,-5.0,-5.0,14.875,14.875,30148,30148,9.374261856079102,0.021598340943455696,7.486695707825675e-09
evq,06800fdee903d0587afca1a9cb82c1a7f86a35084fc8adaa0dbe5ed47fed84c2,06800fde,10.0,1,1,1,17228,-0.03125,-0.03125,0.0,0.029296875,-0.7194567918777466,92671,14.4249849319458,0.0011483508860692382,0.0011453552870079875,0.018611229956150055,125169,125081,-18.166122436523438,-18.14069366455078,-3.609375,-3.578125,14.359375,14.328125,28058,28058,9.05613899230957,0.022220324724912643,1.2898917489678752e-08
evq,06800fdee903d0587afca1a9cb82c1a7f86a35084fc8adaa0dbe5ed47fed84c2,06800fde,10.0,1,1,2,17228,-0.046875,-0.048828125,0.001953125,0.0263671875,-1.2490569353103638,115330,13.800511360168457,0.0010217097587883472,0.0010201545665040612,0.017228297889232635,123260,123016,-17.84389305114746,-17.794445037841797,-2.984375,-2.9375,14.546875,14.5625,62633,62633,9.036192893981934,0.03699333965778351,1.7803102991820197e-08
evq,06800fdee903d0587afca1a9cb82c1a7f86a35084fc8adaa0dbe5ed47fed84c2,06800fde,10.0,1,1,3,17228,0.0,0.0,0.0,0.0234375,0.0,60169,12.962474822998047,0.0009187354007735848,0.0009166371310129762,0.01672203466296196,125311,125294,-18.161182403564453,-18.160558700561523,-3.703125,-3.703125,15.328125,15.390625,63364,63364,8.851980209350586,0.05883270502090454,1.2962796169802004e-08
evq,06800fdee903d0587afca1a9cb82c1a7f86a35084fc8adaa0dbe5ed47fed84c2,06800fde,10.0,1,1,4,17228,-0.06005859375,-0.07080078125,0.0107421875,0.02197265625,-2.1733591556549072,124959,12.540253639221191,0.0007510891300626099,0.0007604865822941065,0.015602096915245056,67982,66161,-13.997613906860352,-13.926279067993164,-0.018310546875,0.041748046875,9.393310546875,9.333251953125,36234,36234,9.505024909973145,0.010008672252297401,8.335151733263046e-07
evq,06800fdee903d0587afca1a9cb82c1a7f86a35084fc8adaa0dbe5ed47fed84c2,06800fde,10.0,1,1,5,17228,-0.0859375,-0.09375,0.0078125,0.0234375,-2.697963237762451,127253,13.719596862792969,0.0009476799750700593,0.0009398683323524892,0.017168009653687477,38440,36335,-12.909097671508789,-12.810894966125488,1.2578125,1.34375,8.6171875,8.59375,56261,56261,9.340901374816895,0.013678764924407005,2.4754269816185115e-06
evq,06800fdee903d0587afca1a9cb82c1a7f86a35084fc8adaa0dbe5ed47fed84c2,06800fde,10.0,1,1,6,17228,-0.0703125,-0.078125,0.0078125,0.0234375,-2.248302698135376,125013,14.04588794708252,0.0009331969195045531,0.0009243659442290664,0.017170507460832596,31836,30288,-12.512298583984375,-12.433012962341309,1.2890625,1.359375,7.8359375,7.765625,10591,10591,9.572338104248047,0.009312841109931469,3.681101361507899e-06
evq,06800fdee903d0587afca1a9cb82c1a7f86a35084fc8adaa0dbe5ed47fed84c2,06800fde,10.0,1,1,7,17228,-0.09375,-0.10693359375,0.01318359375,0.02880859375,-2.5036182403564453,126646,16.018598556518555,0.0012459206627681851,0.001234262716025114,0.01982070505619049,20239,18695,-11.985540390014648,-11.876750946044922,2.15625,2.25,7.65625,7.5625,88883,88883,9.27124309539795,0.01317689474672079,6.233700787561247e-06
evq,06800fdee903d0587afca1a9cb82c1a7f86a35084fc8adaa0dbe5ed47fed84c2,06800fde,10.0,1,1,8,17228,-0.0625,-0.078125,0.015625,0.03125,-1.6862269639968872,120870,16.237075805664062,0.0013774674152955413,0.0013655707007274032,0.02118108794093132,44355,42549,-13.139100074768066,-13.056792259216309,0.60546875,0.66796875,9.64453125,9.51953125,99074,99074,9.135852813720703,0.030361836776137352,1.966805257325177e-06
evq,06800fdee903d0587afca1a9cb82c1a7f86a35084fc8adaa0dbe5ed47fed84c2,06800fde,10.0,1,1,9,17228,-0.0546875,-0.0625,0.0078125,0.029296875,-1.4389135837554932,117040,15.948023796081543,0.0012626484967768192,0.0012678292114287615,0.02029992826282978,28425,27268,-12.538970947265625,-12.47420597076416,1.6875,1.7421875,9.4375,9.4453125,98406,98406,8.858865737915039,0.04498299956321716,3.584215392038459e-06
evq,06800fdee903d0587afca1a9cb82c1a7f86a35084fc8adaa0dbe5ed47fed84c2,06800fde,10.0,1,1,10,17228,-1.05859375,-1.1015625,0.04296875,0.4102783203125,-1.810950517654419,122903,226.53414916992188,0.2215551733970642,0.2210305631160736,0.26029685139656067,99212,74194,-15.4859037399292,-14.364148139953613,-1.3359375,-0.27734375,12.0234375,10.71484375,81715,107324,9.048616409301758,0.03135235235095024,1.8817306113305676e-07
evq,06800fdee903d0587afca1a9cb82c1a7f86a35084fc8adaa0dbe5ed47fed84c2,06800fde,10.0,1,1,11,17228,-0.345703125,-0.458984375,0.11328125,0.41357421875,-0.7485493421554565,98991,224.15985107421875,0.22710591554641724,0.22671428322792053,0.2632889747619629,60834,49232,-13.844406127929688,-13.363643646240234,0.341796875,0.6875,9.408203125,8.8125,71689,118657,9.355274200439453,0.011840807273983955,9.715179203340085e-07
evq,06800fdee903d0587afca1a9cb82c1a7f86a35084fc8adaa0dbe5ed47fed84c2,06800fde,10.0,1,1,12,17228,0.08984375,0.154296875,-0.064453125,0.396484375,0.2624865472316742,50750,215.14442443847656,0.19524657726287842,0.19265389442443848,0.24011647701263428,43238,47055,-13.13821029663086,-13.264777183532715,0.5546875,0.46484375,10.1328125,10.09765625,1108,1108,9.113377571105957,0.04951903969049454,1.96855603462609e-06
evq,06800fdee903d0587afca1a9cb82c1a7f86a35084fc8adaa0dbe5ed47fed84c2,06800fde,10.0,1,1,13,17228,-0.958984375,-0.927734375,-0.03125,0.404296875,-1.5477445125579834,120141,219.0946502685547,0.21733561158180237,0.21359409391880035,0.2556009590625763,77628,53192,-14.495359420776367,-13.56001091003418,-0.546875,0.412109375,9.921875,9.025390625,20067,110182,9.2589750289917,0.010321926325559616,5.066935955255758e-07
evq,06800fdee903d0587afca1a9cb82c1a7f86a35084fc8adaa0dbe5ed47fed84c2,06800fde,10.0,1,1,14,17228,-0.5712890625,-0.6962890625,0.125,0.4921875,-0.9541903138160706,106139,269.51593017578125,0.33856651186943054,0.32451361417770386,0.3119949698448181,64988,46975,-14.084312438964844,-13.322002410888672,0.2177734375,0.7890625,10.7822265625,8.7734375,101321,33389,9.046958923339844,0.03680633008480072,7.642946684427443e-07
evq,06800fdee903d0587afca1a9cb82c1a7f86a35084fc8adaa0dbe5ed47fed84c2,06800fde,10.0,1,1,15,17228,-0.33203125,-0.432647705078125,0.100616455078125,0.462921142578125,-0.6303814053535461,94192,254.62448120117188,0.30291661620140076,0.3054462671279907,0.30192404985427856,56716,45955,-13.706208229064941,-13.238656044006348,0.35546875,0.6875,9.08203125,9.75,1108,102365,9.28253173828125,0.009811727330088615,1.11549957182433e-06
evq,06800fdee903d0587afca1a9cb82c1a7f86a35084fc8adaa0dbe5ed47fed84c2,06800fde,10.0,1,1,16,17228,0.1171875,0.1328125,-0.015625,0.5546875,0.1614978015422821,55720,301.94146728515625,0.36724844574928284,0.3676187992095947,0.3289099931716919,37896,40948,-12.801029205322266,-12.950533866882324,0.640625,0.5234375,8.484375,8.8515625,1108,78832,9.456114768981934,0.013344456441700459,2.7579326342674904e-06
evq,06800fdee903d0587afca1a9cb82c1a7f86a35084fc8adaa0dbe5ed47fed84c2,06800fde,10.0,1,1,17,17228,-0.4921875,-0.4296875,-0.0625,0.5390625,-0.5376375317573547,90577,293.3106994628906,0.39074474573135376,0.39842689037323,0.33804017305374146,104153,95319,-15.5577392578125,-15.204259872436523,-1.9375,-1.4453125,11.125,11.2578125,72684,98516,9.30514144897461,0.011881891638040543,1.7512965655441803e-07
evq,06800fdee903d0587afca1a9cb82c1a7f86a35084fc8adaa0dbe5ed47fed84c2,06800fde,10.0,1,1,18,17228,-1.1875,-1.212890625,0.025390625,0.521484375,-1.5687594413757324,120141,282.72491455078125,0.357994019985199,0.36086052656173706,0.3237316608428955,97663,67248,-15.219332695007324,-14.063859939575195,-1.53125,-0.34375,11.28125,10.34375,117645,28940,9.221879959106445,0.01948554255068302,2.4565622425143374e-07
evq,06800fdee903d0587afca1a9cb82c1a7f86a35084fc8adaa0dbe5ed47fed84c2,06800fde,10.0,1,1,19,17228,-0.814453125,-0.92578125,0.111328125,0.517578125,-1.2064476013183594,113709,279.44903564453125,0.3836650848388672,0.38427555561065674,0.3330534100532532,69755,45363,-14.01894760131836,-13.119583129882812,-0.236328125,0.578125,9.611328125,8.484375,32024,117328,9.477666854858398,0.012184148654341698,8.15921566754696e-07
evq,06800fdee903d0587afca1a9cb82c1a7f86a35084fc8adaa0dbe5ed47fed84c2,06800fde,10.0,1,1,20,17228,-0.27880859375,-0.49755859375,0.21875,0.498046875,-0.6738294959068298,96124,269.7411804199219,0.33772265911102295,0.34639865159988403,0.31792640686035156,66697,53300,-13.958505630493164,-13.442625045776367,0.05712890625,0.3359375,10.19287109375,9.2890625,127176,127176,9.22789192199707,0.0231529101729393,8.667583415444824e-07
evq,06800fdee903d0587afca1a9cb82c1a7f86a35084fc8adaa0dbe5ed47fed84c2,06800fde,10.0,1,1,21,17228,-0.7490234375,-0.8740234375,0.125,0.46875,-1.2576441764831543,114382,255.22885131835938,0.2946837544441223,0.3061770498752594,0.29538416862487793,82976,59213,-14.515766143798828,-13.66598892211914,-0.62890625,0.1201171875,10.25390625,9.3173828125,56088,56088,9.316204071044922,0.014096054248511791,4.964584263689176e-07
evq,06800fdee903d0587afca1a9cb82c1a7f86a35084fc8adaa0dbe5ed47fed84c2,06800fde,10.0,1,1,22,17228,-0.3828125,-0.50390625,0.12109375,0.44140625,-0.7699939012527466,100168,239.58909606933594,0.2621711194515228,0.26355355978012085,0.2781197726726532,50324,37575,-13.159826278686523,-12.64205551147461,0.47265625,0.85546875,8.40234375,7.45703125,56088,123241,9.609064102172852,0.008587200194597244,1.9264602997282054e-06
evq,06800fdee903d0587afca1a9cb82c1a7f86a35084fc8adaa0dbe5ed47fed84c2,06800fde,10.0,1,1,23,17228,1.3125,1.21875,0.09375,0.46875,1.753675937652588,5593,257.69158935546875,0.28231415152549744,0.2808293104171753,0.28746914863586426,36622,69059,-12.616706848144531,-13.870281219482422,0.9296875,-0.3828125,8.3828125,9.6953125,96337,96337,9.608697891235352,0.01449583563953638,3.3161475130327744e-06
evq,06800fdee903d0587afca1a9cb82c1a7f86a35084fc8adaa0dbe5ed47fed84c2,06800fde,10.0,1,1,24,17228,1.69189453125,1.54345703125,0.1484375,0.5234375,1.988866925239563,3457,285.83221435546875,0.36894702911376953,0.37069833278656006,0.3284607529640198,54350,93927,-13.358721733093262,-14.950458526611328,0.02001953125,-1.671875,8.72998046875,9.640625,71377,435,9.608205795288086,0.009767045266926289,1.5789953522471478e-06
evq,06800fdee903d0587afca1a9cb82c1a7f86a35084fc8adaa0dbe5ed47fed84c2,06800fde,10.0,1,1,25,17228,1.029296875,0.998046875,0.03125,0.53125,1.2671499252319336,13554,290.1761779785156,0.4039345383644104,0.4069853127002716,0.3404708802700043,29843,53432,-12.357988357543945,-13.377199172973633,0.734375,-0.294921875,8.328125,8.482421875,71377,435,9.576203346252441,0.017776750028133392,4.295303369872272e-06
evq,06800fdee903d0587afca1a9cb82c1a7f86a35084fc8adaa0dbe5ed47fed84c2,06800fde,10.0,1,1,26,17228,1.01953125,0.94921875,0.0703125,0.5390625,1.187690258026123,15586,293.1564025878906,0.4083220958709717,0.40926092863082886,0.3424593210220337,31124,53023,-12.490443229675293,-13.467327117919922,0.46875,-0.55078125,8.59375,9.36328125,71377,56088,9.418275833129883,0.020308952778577805,3.7624386095558293e-06
evq,06800fdee903d0587afca1a9cb82c1a7f86a35084fc8adaa0dbe5ed47fed84c2,06800fde,10.0,1,1,27,17228,0.544921875,0.27734375,0.267578125,0.580078125,0.3224838078022003,47687,316.7151794433594,0.5101720094680786,0.509777843952179,0.3804776072502136,37540,44122,-12.837844848632812,-13.30836009979248,0.134765625,-0.41015625,8.740234375,9.28515625,220,435,9.322393417358398,0.016612332314252853,2.6582438295008615e-06
evq,06800fdee903d0587afca1a9cb82c1a7f86a35084fc8adaa0dbe5ed47fed84c2,06800fde,10.0,1,1,28,17228,0.71875,0.4921875,0.2265625,0.5234375,0.634222686290741,33080,285.0175476074219,0.37344443798065186,0.3921806216239929,0.3351556956768036,22354,31800,-12.155654907226562,-12.856803894042969,0.462890625,-0.255859375,9.537109375,9.443359375,220,220,8.853548049926758,0.07290881127119064,5.258551937004086e-06
evq,06800fdee903d0587afca1a9cb82c1a7f86a35084fc8adaa0dbe5ed47fed84c2,06800fde,10.0,1,1,29,17228,0.4296875,0.2890625,0.140625,0.515625,0.37812361121177673,45225,279.9929504394531,0.36686795949935913,0.3697449862957001,0.3336244821548462,21751,26915,-12.125267028808594,-12.522222518920898,0.76953125,0.33984375,8.91796875,8.22265625,220,220,9.044137954711914,0.04046577215194702,5.420800789579516e-06
evq,06800fdee903d0587afca1a9cb82c1a7f86a35084fc8adaa0dbe5ed47fed84c2,06800fde,10.0,1,1,30,17228,0.5,0.5625,-0.0625,0.49609375,0.7647769451141357,27888,270.61273193359375,0.32446733117103577,0.4146711230278015,0.3320853114128113,438,748,-9.690143585205078,-9.535321235656738,4.9375,4.4375,8.0625,7.5625,11,11,4.133939743041992,0.1963917315006256,6.18905178271234e-05
evq,06800fdee903d0587afca1a9cb82c1a7f86a35084fc8adaa0dbe5ed47fed84c2,06800fde,10.0,1,1,31,17228,2.125,2.046875,0.078125,0.421875,3.272529125213623,183,234.1747283935547,0.3126717507839203,0.2873188853263855,0.3041785955429077,697,4565,-9.156232833862305,-11.274920463562012,4.96875,2.84375,6.34375,8.96875,13,13,6.392131328582764,0.060055699199438095,0.00010555981134530157
evq,06800fdee903d0587afca1a9cb82c1a7f86a35084fc8adaa0dbe5ed47fed84c2,06800fde,10.0,1,2,0,1135,-0.005859375,-0.005859375,0.0,0.0078125,-0.5058680772781372,96630,3.7364237308502197,8.11103600426577e-05,8.240584429586306e-05,0.003964168485254049,43693,43502,-13.060897827148438,-13.053686141967773,0.365234375,0.37109375,9.384765625,9.37890625,93366,93366,9.291252136230469,0.025320708751678467,2.1267876491037896e-06
evq,06800fdee903d0587afca1a9cb82c1a7f86a35084fc8adaa0dbe5ed47fed84c2,06800fde,10.0,1,2,1,1135,-0.0625,-0.0546875,-0.0078125,0.0244140625,-1.5108593702316284,114512,15.1279878616333,0.0010649831965565681,0.0010618949308991432,0.017459968104958534,103925,102944,-15.826807975769043,-15.76919937133789,-1.2109375,-1.1484375,13.2109375,13.1484375,6634,6634,8.691018104553223,0.07310410588979721,1.33814950231681e-07
evq,06800fdee903d0587afca1a9cb82c1a7f86a35084fc8adaa0dbe5ed47fed84c2,06800fde,10.0,1,2,2,1135,0.0,0.0,0.0,0.0234375,0.0,63220,12.67420482635498,0.0007877955213189125,0.0007927474216558039,0.015607660636305809,124365,124358,-17.976911544799805,-17.969648361206055,-3.1875,-3.1875,14.0625,14.0625,15008,15008,9.169846534729004,0.019952286034822464,1.5585706947263134e-08
evq,06800fdee903d0587afca1a9cb82c1a7f86a35084fc8adaa0dbe5ed47fed84c2,06800fde,10.0,1,2,3,1135,-0.03125,-0.03125,0.0,0.0234375,-0.8993210792541504,99298,11.906515121459961,0.0006394752999767661,0.0006403006846085191,0.012734866701066494,126967,126917,-18.962242126464844,-18.93366050720215,-4.21875,-4.1875,16.53125,16.5,63364,63364,8.546957969665527,0.08794955164194107,5.818390658163253e-09
evq,06800fdee903d0587afca1a9cb82c1a7f86a35084fc8adaa0dbe5ed47fed84c2,06800fde,10.0,1,2,4,1135,-0.037109375,-0.041015625,0.00390625,0.01953125,-1.4164305925369263,117935,11.052557945251465,0.0005723942304030061,0.000571614655200392,0.01312834583222866,63862,62722,-13.876167297363281,-13.833040237426758,0.267578125,0.3046875,8.919921875,8.8828125,63364,63364,9.433805465698242,0.0070393080823123455,9.411462542630034e-07
evq,06800fdee903d0587afca1a9cb82c1a7f86a35084fc8adaa0dbe5ed47fed84c2,06800fde,10.0,1,2,5,1135,-0.0625,-0.0625,0.0,0.0234375,-1.7986421585083008,123683,11.911130905151367,0.0007222536951303482,0.000725477235391736,0.01422873791307211,116185,115453,-16.52393341064453,-16.459829330444336,-2.265625,-2.203125,12.515625,12.453125,79830,79830,9.304254531860352,0.018164094537496567,6.664183160864923e-08
evq,06800fdee903d0587afca1a9cb82c1a7f86a35084fc8adaa0dbe5ed47fed84c2,06800fde,10.0,1,2,6,1135,-0.0390625,-0.0390625,0.0,0.0234375,-1.124151349067688,111538,13.06258773803711,0.0008049312746152282,0.0008035999489948153,0.015483081340789795,103996,103193,-15.567876815795898,-15.526383399963379,-1.671875,-1.6328125,11.109375,11.0703125,79830,79830,9.378076553344727,0.011579693295061588,1.7336324731331842e-07
evq,06800fdee903d0587afca1a9cb82c1a7f86a35084fc8adaa0dbe5ed47fed84c2,06800fde,10.0,1,2,7,1135,-0.015625,-0.015625,0.0,0.02734375,-0.38542330265045166,83111,13.858942031860352,0.0009410610655322671,0.0009366715676151216,0.01676717959344387,108194,107955,-15.865524291992188,-15.845968246459961,-1.828125,-1.8125,11.578125,11.625,98406,98406,9.330256462097168,0.013740607537329197,1.2873313437467004e-07
evq,06800fdee903d0587afca1a9cb82c1a7f86a35084fc8adaa0dbe5ed47fed84c2,06800fde,10.0,1,2,8,1135,0.0234375,0.01953125,0.00390625,0.02734375,0.4817791283130646,39990,14.534966468811035,0.001059112255461514,0.0010478225303813815,0.017898069694638252,76513,76971,-14.327043533325195,-14.343032836914062,-0.69921875,-0.72265625,10.76171875,10.78515625,99074,99074,9.315167427062988,0.028287803754210472,5.995757419441361e-07
evq,06800fdee903d0587afca1a9cb82c1a7f86a35084fc8adaa0dbe5ed47fed84c2,06800fde,10.0,1,2,9,1135,-0.03125,-0.03125,0.0,0.03125,-0.674490749835968,96792,16.64440155029297,0.001235558302141726,0.0012253333115950227,0.019487760961055756,120095,119801,-16.885448455810547,-16.850208282470703,-2.9375,-2.90625,13.0,13.03125,98406,98406,9.377570152282715,0.02053861692547798,4.64240379471903e-08
evq,06800fdee903d0587afca1a9cb82c1a7f86a35084fc8adaa0dbe5ed47fed84c2,06800fde,10.0,1,2,10,1135,0.03125,0.0322265625,-0.0009765625,0.1337890625,0.1624685823917389,53705,73.83677673339844,0.02741110883653164,0.027309266850352287,0.09457468241453171,111554,112130,-16.24517822265625,-16.323143005371094,-2.171875,-2.203125,13.796875,14.078125,107324,107324,8.772459030151367,0.08644019067287445,8.80660948610057e-08
evq,06800fdee903d0587afca1a9cb82c1a7f86a35084fc8adaa0dbe5ed47fed84c2,06800fde,10.0,1,2,11,1135,-0.1328125,-0.16796875,0.03515625,0.16015625,-0.7073927521705627,97284,88.04297637939453,0.04202015697956085,0.04300028085708618,0.11192953586578369,100960,97739,-15.559162139892578,-15.411121368408203,-1.4140625,-1.28125,11.2890625,11.84375,49807,49807,9.22818374633789,0.013980397023260593,1.7488065395809826e-07
evq,06800fdee903d0587afca1a9cb82c1a7f86a35084fc8adaa0dbe5ed47fed84c2,06800fde,10.0,1,2,12,1135,-0.099609375,-0.083984375,-0.015625,0.1875,-0.30211567878723145,79831,103.55059051513672,0.04827297851443291,0.04860594496130943,0.12223398685455322,73294,71268,-14.276859283447266,-14.189959526062012,-0.396484375,-0.296875,9.271484375,9.359375,70436,41996,9.434879302978516,0.006701828446239233,6.304327939687937e-07
evq,06800fdee903d0587afca1a9cb82c1a7f86a35084fc8adaa0dbe5ed47fed84c2,06800fde,10.0,1,2,13,1135,-0.0546875,-0.0546875,0.0,0.2421875,-0.15230436623096466,71496,132.00111389160156,0.08405411243438721,0.08362819999456406,0.1626765877008438,87157,85887,-14.895820617675781,-14.831161499023438,-0.84375,-0.7890625,10.53125,10.6015625,35283,6634,9.330623626708984,0.01272011548280716,3.3949027056223713e-07
evq,06800fdee903d0587afca1a9cb82c1a7f86a35084fc8adaa0dbe5ed47fed84c2,06800fde,10.0,1,2,14,1135,-0.234375,-0.342529296875,0.108154296875,0.365966796875,-0.6312945485115051,93646,199.18359375,0.18770229816436768,0.1885363608598709,0.23424454033374786,100331,93826,-15.623971939086914,-15.255292892456055,-1.1953125,-0.9609375,11.0703125,10.7734375,6634,6634,9.206552505493164,0.010528610087931156,1.6390613666317222e-07
evq,06800fdee903d0587afca1a9cb82c1a7f86a35084fc8adaa0dbe5ed47fed84c2,06800fde,10.0,1,2,15,1135,0.01123046875,-0.14013671875,0.1513671875,0.3857421875,-0.2450365126132965,76398,211.6107177734375,0.21012240648269653,0.21038606762886047,0.2513980269432068,65923,62407,-14.126562118530273,-13.919272422790527,0.04296875,0.03173828125,10.76953125,9.65576171875,52316,52316,9.031011581420898,0.03483855351805687,7.326760851356084e-07
evq,06800fdee903d0587afca1a9cb82c1a7f86a35084fc8adaa0dbe5ed47fed84c2,06800fde,10.0,1,2,16,1135,0.998046875,0.904296875,0.09375,0.4453125,1.3696895837783813,11521,243.43792724609375,0.27953699231147766,0.2784198820590973,0.28537115454673767,62843,86102,-13.857889175415039,-14.756515502929688,-0.166015625,-1.1640625,9.666015625,10.6640625,52316,7876,9.335380554199219,0.015117926523089409,9.585068028172827e-07
evq,06800fdee903d0587afca1a9cb82c1a7f86a35084fc8adaa0dbe5ed47fed84c2,06800fde,10.0,1,2,17,1135,1.25,1.23828125,0.01171875,0.4453125,1.8755576610565186,4325,242.6452178955078,0.3093295693397522,0.32702988386154175,0.3013058304786682,25528,53347,-12.342510223388672,-13.638021469116211,1.7109375,0.4609375,8.4140625,9.7265625,119557,31155,9.148826599121094,0.019674183800816536,4.36230402556248e-06
evq,06800fdee903d0587afca1a9cb82c1a7f86a35084fc8adaa0dbe5ed47fed84c2,06800fde,10.0,1,2,18,1135,1.40625,1.28515625,0.12109375,0.44921875,1.929630160331726,3922,245.6868896484375,0.2931678891181946,0.3075476884841919,0.29301917552948,12126,32048,-11.403608322143555,-12.700652122497559,2.640625,1.234375,7.359375,9.390625,7876,7876,9.10535717010498,0.017523134127259254,1.115516079153167e-05
evq,06800fdee903d0587afca1a9cb82c1a7f86a35084fc8adaa0dbe5ed47fed84c2,06800fde,10.0,1,2,19,1135,0.9765625,0.765625,0.2109375,0.453125,1.1396567821502686,16251,246.07012939453125,0.299014151096344,0.31386804580688477,0.2953804135322571,18173,31718,-11.879064559936523,-12.629989624023438,2.296875,1.3203125,7.828125,8.3046875,126099,31155,9.198385238647461,0.017406005412340164,6.934063549124403e-06
evq,06800fdee903d0587afca1a9cb82c1a7f86a35084fc8adaa0dbe5ed47fed84c2,06800fde,10.0,1,2,20,1135,1.513671875,1.279296875,0.234375,0.4375,1.9722833633422852,3395,237.0328369140625,0.2913532555103302,0.2813948392868042,0.2832624912261963,44194,78674,-13.214599609375,-14.464038848876953,1.1328125,-0.380859375,8.9921875,10.193359375,125563,47806,9.110723495483398,0.014663232490420341,1.8237793710795813e-06
evq,06800fdee903d0587afca1a9cb82c1a7f86a35084fc8adaa0dbe5ed47fed84c2,06800fde,10.0,1,2,21,1135,1.333984375,1.123046875,0.2109375,0.4140625,1.829397201538086,4933,228.02891540527344,0.26656895875930786,0.26097607612609863,0.27847981452941895,31377,59307,-12.643800735473633,-13.744821548461914,1.75,0.416015625,8.4375,9.833984375,49594,47806,9.222677230834961,0.014901397749781609,3.2275063404085813e-06
evq,06800fdee903d0587afca1a9cb82c1a7f86a35084fc8adaa0dbe5ed47fed84c2,06800fde,10.0,1,2,22,1135,3.16015625,2.95703125,0.203125,0.38671875,5.157469749450684,1,211.11265563964844,0.22040662169456482,0.21713107824325562,0.2549794316291809,2845,40653,-9.846525192260742,-12.766942977905273,4.125,0.96484375,5.4375,7.97265625,46093,77562,9.595216751098633,0.012167027220129967,5.293079811963253e-05
evq,06800fdee903d0587afca1a9cb82c1a7f86a35084fc8adaa0dbe5ed47fed84c2,06800fde,10.0,1,2,23,1135,1.3515625,1.23828125,0.11328125,0.41796875,1.9982576370239258,3786,231.1193084716797,0.24052530527114868,0.23593178391456604,0.26665163040161133,12445,33609,-11.231534957885742,-12.470052719116211,2.546875,1.1953125,6.328125,7.8046875,27444,27444,9.710137367248535,0.00742123369127512,1.3249708899820689e-05
evq,06800fdee903d0587afca1a9cb82c1a7f86a35084fc8adaa0dbe5ed47fed84c2,06800fde,10.0,1,2,24,1135,1.4765625,1.3125,0.1640625,0.474609375,1.8652584552764893,4607,259.0453186035156,0.3229758143424988,0.31621745228767395,0.3059671223163605,8868,27774,-10.90220832824707,-12.238724708557129,2.65625,1.1796875,6.34375,7.5078125,59262,435,9.630988121032715,0.010478205978870392,1.8417516912450083e-05
evq,06800fdee903d0587afca1a9cb82c1a7f86a35084fc8adaa0dbe5ed47fed84c2,06800fde,10.0,1,2,25,1135,1.8515625,1.78125,0.0703125,0.4609375,2.606506824493408,869,251.47203063964844,0.30784153938293457,0.30629876255989075,0.3001212775707245,2232,14716,-9.617944717407227,-11.428424835205078,3.71875,1.8671875,5.15625,6.6953125,100020,435,9.679605484008789,0.011542784981429577,6.65242041577585e-05
evq,06800fdee903d0587afca1a9cb82c1a7f86a35084fc8adaa0dbe5ed47fed84c2,06800fde,10.0,1,2,26,1135,2.1875,2.1181640625,0.0693359375,0.4677734375,3.054218053817749,290,255.2545623779297,0.313968300819397,0.31453245878219604,0.3065851330757141,1340,13342,-9.20704460144043,-11.365745544433594,3.953125,1.765625,4.859375,7.109375,45128,435,9.500843048095703,0.012936932034790516,0.00010033012222265825
evq,06800fdee903d0587afca1a9cb82c1a7f86a35084fc8adaa0dbe5ed47fed84c2,06800fde,10.0,1,2,27,1135,2.0,1.828125,0.171875,0.5,2.46610689163208,1232,272.2350158691406,0.36822593212127686,0.36933186650276184,0.330645889043808,692,6253,-8.706164360046387,-10.64157772064209,4.375,2.375,4.4375,6.5,65087,435,9.31737995147705,0.01400046981871128,0.0001655620726523921
evq,06800fdee903d0587afca1a9cb82c1a7f86a35084fc8adaa0dbe5ed47fed84c2,06800fde,10.0,1,2,28,1135,1.453125,1.3125,0.140625,0.453125,1.9536974430084229,3710,249.31492614746094,0.28112274408340454,0.2825281620025635,0.2885575592517853,460,2789,-8.449455261230469,-9.930343627929688,4.25,2.796875,4.8125,6.140625,15,220,8.954253196716309,0.02633238397538662,0.0002140169672202319
evq,06800fdee903d0587afca1a9cb82c1a7f86a35084fc8adaa0dbe5ed47fed84c2,06800fde,10.0,1,2,29,1135,1.78125,1.6875,0.09375,0.4453125,2.555964946746826,925,244.12796020507812,0.2859489917755127,0.2987012267112732,0.2996689975261688,147,1392,-7.508726119995117,-9.266036987304688,5.5625,3.78125,4.5625,5.46875,15,15,8.636247634887695,0.05253761634230614,0.0005482790875248611
evq,06800fdee903d0587afca1a9cb82c1a7f86a35084fc8adaa0dbe5ed47fed84c2,06800fde,10.0,1,2,30,1135,1.5,1.6015625,-0.1015625,0.4296875,2.5140111446380615,1029,234.56219482421875,0.20939576625823975,0.27285778522491455,0.2499547302722931,26,79,-6.3666791915893555,-7.541103839874268,8.125,6.625,4.1875,5.25,18,11,4.56250524520874,0.11313438415527344,0.0017178544076159596
evq,06800fdee903d0587afca1a9cb82c1a7f86a35084fc8adaa0dbe5ed47fed84c2,06800fde,10.0,1,2,31,1135,1.34375,1.2734375,0.0703125,0.3671875,2.339191436767578,1659,205.23243713378906,0.20124918222427368,0.22595034539699554,0.271545946598053,55,165,-7.038568019866943,-8.229232788085938,7.46875,6.125,4.46875,5.8125,15,13,5.270542621612549,0.0765494704246521,0.0008773820591159165
evq,933bec9a691d087076e420e784ed25c820c0ed4911235e4a2d9f9320d472938e,933bec9a,25.0,1,0,0,20077,0.0,0.00390625,-0.00390625,0.0078125,0.337245374917984,28867,4.350430965423584,0.00011598540004342794,0.0001107031712308526,0.006211648695170879,118405,118416,-16.214998245239258,-16.22386932373047,-2.625,-2.625,13.0,13.0,47523,47523,9.666839599609375,0.040155425667762756,9.07644448489009e-08
evq,933bec9a691d087076e420e784ed25c820c0ed4911235e4a2d9f9320d472938e,933bec9a,25.0,1,0,1,20077,-0.03125,-0.015625,-0.015625,0.015625,-0.674490749835968,79981,9.109932899475098,0.000753551721572876,0.000757390633225441,0.015879474580287933,68898,68544,-14.678091049194336,-14.690740585327148,1.1640625,1.1953125,12.0234375,12.1171875,54759,54759,8.4152193069458,0.07032319903373718,4.220715368319361e-07
evq,933bec9a691d087076e420e784ed25c820c0ed4911235e4a2d9f9320d472938e,933bec9a,25.0,1,0,2,20077,0.015625,0.03125,-0.015625,0.046875,0.4496605396270752,36332,22.894981384277344,0.0031512086279690266,0.00316641409881413,0.030573401600122452,114006,114247,-17.48200798034668,-17.5496768951416,-1.2890625,-1.3046875,14.9765625,15.0546875,120896,120896,7.920939922332764,0.08163916319608688,2.5565860539700225e-08
evq,933bec9a691d087076e420e784ed25c820c0ed4911235e4a2d9f9320d472938e,933bec9a,25.0,1,0,3,20077,0.02734375,0.02734375,0.0,0.03125,0.590179443359375,39585,18.322473526000977,0.001645580749027431,0.0016459804028272629,0.02192077413201332,104032,104413,-15.94025993347168,-15.963991165161133,-0.99609375,-1.0234375,12.68359375,12.7109375,63364,63364,8.917925834655762,0.03851659968495369,1.1946291067488346e-07
evq,933bec9a691d087076e420e784ed25c820c0ed4911235e4a2d9f9320d472938e,933bec9a,25.0,1,0,4,20077,0.0,0.00390625,-0.00390625,0.02734375,0.09635582566261292,50722,14.6206693649292,0.0009676610352471471,0.0009692060411907732,0.01725471392273903,53392,53519,-13.538372993469238,-13.546209335327148,0.9453125,0.9453125,9.5546875,9.5546875,117077,117077,9.302530288696289,0.018616896122694016,1.3193478025641525e-06
evq,933bec9a691d087076e420e784ed25c820c0ed4911235e4a2d9f9320d472938e,933bec9a,25.0,1,0,5,20077,-0.0234375,-0.015625,-0.0078125,0.0234375,-0.4496605396270752,79904,13.83047866821289,0.0009860817808657885,0.0009862198494374752,0.017522267997264862,42522,42218,-13.20590591430664,-13.194173812866211,1.4453125,1.46875,9.1796875,9.15625,61599,61599,9.153375625610352,0.017841672524809837,1.839703941186599e-06
evq,933bec9a691d087076e420e784ed25c820c0ed4911235e4a2d9f9320d472938e,933bec9a,25.0,1,0,6,20077,-0.05078125,-0.03515625,-0.015625,0.02734375,-0.8672024607658386,107316,14.196298599243164,0.0009803216671571136,0.0009791350457817316,0.01788811758160591,57810,56848,-13.804450988769531,-13.769495964050293,0.73828125,0.7890625,9.82421875,9.7734375,34704,34704,9.084805488586426,0.018681295216083527,1.011120957628009e-06
evq,933bec9a691d087076e420e784ed25c820c0ed4911235e4a2d9f9320d472938e,933bec9a,25.0,1,0,7,20077,-0.03125,-0.03125,0.0,0.0234375,-0.8993210792541504,99602,12.678662300109863,0.0007526909466832876,0.0007445403025485575,0.014353540726006031,94829,94193,-15.365701675415039,-15.335649490356445,-0.7890625,-0.7578125,11.6015625,11.5703125,101187,101187,9.004576683044434,0.023187564685940742,2.122074107546723e-07
evq,933bec9a691d087076e420e784ed25c820c0ed4911235e4a2d9f9320d472938e,933bec9a,25.0,1,0,8,20077,-0.001953125,-0.00634765625,0.00439453125,0.02685546875,-0.15942509472370148,79190,13.37180233001709,0.0008124688174575567,0.000815563602373004,0.01560006570070982,79857,79659,-14.536094665527344,-14.527898788452148,-0.408203125,-0.40625,11.408203125,11.40625,99074,99074,9.179422378540039,0.04381009191274643,4.86468024973874e-07
evq,933bec9a691d087076e420e784ed25c820c0ed4911235e4a2d9f9320d472938e,933bec9a,25.0,1,0,9,20077,-0.03125,-0.044921875,0.013671875,0.025390625,-1.1933298110961914,109898,13.332663536071777,0.0009137705783359706,0.0009239842183887959,0.01726793870329857,50626,49535,-13.493404388427734,-13.444211959838867,1.015625,1.046875,9.234375,9.140625,125563,125563,9.158084869384766,0.014136009849607944,1.3800313354295213e-06
evq,933bec9a691d087076e420e784ed25c820c0ed4911235e4a2d9f9320d472938e,933bec9a,25.0,1,0,10,20077,-0.03125,-0.03515625,0.00390625,0.02734375,-0.8672024607658386,103211,14.085969924926758,0.0009459948632866144,0.0009496303973719478,0.01693870685994625,43004,42172,-13.223869323730469,-13.184028625488281,1.28125,1.3125,10.15625,10.125,95361,95361,8.892461776733398,0.04653177782893181,1.8069515590468654e-06
evq,933bec9a691d087076e420e784ed25c820c0ed4911235e4a2d9f9320d472938e,933bec9a,25.0,1,0,11,20077,-0.046875,-0.046875,0.0,0.030517578125,-1.0360177755355835,109898,14.672215461730957,0.001090966397896409,0.0010836896253749728,0.017984606325626373,45589,44464,-13.140279769897461,-13.094791412353516,0.828125,0.875,8.734375,8.75,95361,95361,9.487615585327148,0.012205058708786964,1.9644862732093316e-06
evq,933bec9a691d087076e420e784ed25c820c0ed4911235e4a2d9f9320d472938e,933bec9a,25.0,1,0,12,20077,-0.09375,-0.09375,0.0,0.03125,-2.023472309112549,124301,16.721416473388672,0.0013455383013933897,0.0013392653781920671,0.019864026457071304,35704,33686,-12.708770751953125,-12.617124557495117,0.9140625,1.0078125,7.9609375,7.8671875,19571,19571,9.460765838623047,0.008670457638800144,3.0244818844948895e-06
evq,933bec9a691d087076e420e784ed25c820c0ed4911235e4a2d9f9320d472938e,933bec9a,25.0,1,0,13,20077,-0.1015625,-0.1328125,0.03125,0.09375,-0.9555286169052124,106751,51.30817794799805,0.011275455355644226,0.011199448257684708,0.05942755937576294,29691,27052,-12.490389823913574,-12.352052688598633,1.53125,1.6328125,8.40625,8.3671875,110652,110652,9.39380931854248,0.01683761551976204,3.762639607884921e-06
evq,933bec9a691d087076e420e784ed25c820c0ed4911235e4a2d9f9320d472938e,933bec9a,25.0,1,0,14,20077,-0.0048828125,-0.0673828125,0.0625,0.08203125,-0.5540459752082825,92424,45.34366989135742,0.009008841589093208,0.008967993780970573,0.05227705091238022,78671,77050,-14.837334632873535,-14.738967895507812,0.16796875,0.1728515625,11.51953125,11.4521484375,15125,15125,8.767885208129883,0.036232322454452515,3.59937786242881e-07
evq,933bec9a691d087076e420e784ed25c820c0ed4911235e4a2d9f9320d472938e,933bec9a,25.0,1,0,15,20077,0.0802001953125,0.0206298828125,0.0595703125,0.068359375,0.20355167984962463,51502,38.10654830932617,0.00633517000824213,0.006338248495012522,0.045250654220581055,79404,80068,-14.814332962036133,-14.818435668945312,0.0546875,-0.0255126953125,11.3828125,11.2755126953125,127199,127199,8.874443054199219,0.0323377288877964,3.683128966258664e-07
evq,933bec9a691d087076e420e784ed25c820c0ed4911235e4a2d9f9320d472938e,933bec9a,25.0,1,0,16,20077,-0.1328125,-0.203125,0.0703125,0.1015625,-1.348981499671936,116243,55.06401062011719,0.013883886858820915,0.013676842674612999,0.06465046107769012,28892,25033,-12.47148323059082,-12.250871658325195,1.5390625,1.671875,8.3984375,8.078125,127199,127199,9.307043075561523,0.017025446519255638,3.834455128526315e-06
evq,933bec9a691d087076e420e784ed25c820c0ed4911235e4a2d9f9320d472938e,933bec9a,25.0,1,0,17,20077,-0.0078125,-0.1015625,0.09375,0.15625,-0.438418984413147,85334,83.87672424316406,0.030565224587917328,0.03090031072497368,0.09904102981090546,43246,40542,-13.221412658691406,-13.096033096313477,1.28125,1.2890625,9.28125,9.0234375,63075,63075,9.050934791564941,0.01944505050778389,1.811396145967592e-06
evq,933bec9a691d087076e420e784ed25c820c0ed4911235e4a2d9f9320d472938e,933bec9a,25.0,1,0,18,20077,0.109375,0.03125,0.078125,0.154296875,0.13660572469234467,56778,83.11178588867188,0.03040408343076706,0.030713317915797234,0.09924419224262238,12326,12618,-11.39391803741455,-11.418697357177734,2.78125,2.671875,7.46875,7.265625,78832,78832,9.227090835571289,0.01973881945014,1.1263782653259113e-05
evq,933bec9a691d087076e420e784ed25c820c0ed4911235e4a2d9f9320d472938e,933bec9a,25.0,1,0,19,20077,0.046875,-0.02734375,0.07421875,0.15234375,-0.12106244266033173,69620,84.7745590209961,0.03214707970619202,0.032082539051771164,0.09958503395318985,17325,16900,-11.76529312133789,-11.721088409423828,2.5,2.453125,7.125,7.046875,78832,110041,9.361376762390137,0.009654867462813854,7.769590411044192e-06
evq,933bec9a691d087076e420e784ed25c820c0ed4911235e4a2d9f9320d472938e,933bec9a,25.0,1,0,20,20077,0.0234375,-0.0234375,0.046875,0.1513671875,-0.10443728417158127,69479,82.97191619873047,0.030418559908866882,0.030315127223730087,0.09654770791530609,26312,25778,-12.332817077636719,-12.281784057617188,1.84375,1.8203125,9.09375,9.1171875,51279,51279,9.234682083129883,0.039200469851493835,4.404793799039908e-06
evq,933bec9a691d087076e420e784ed25c820c0ed4911235e4a2d9f9320d472938e,933bec9a,25.0,1,0,21,20077,0.1171875,0.015625,0.1015625,0.171875,0.06131734326481819,60749,94.47418212890625,0.04007408022880554,0.03977023437619209,0.11140137910842896,37490,37724,-12.923749923706055,-12.875964164733887,1.46875,1.3515625,8.84375,8.5859375,32438,32438,9.180233001708984,0.016907475888729095,2.4394207684963476e-06
evq,933bec9a691d087076e420e784ed25c820c0ed4911235e4a2d9f9320d472938e,933bec9a,25.0,1,0,22,20077,0.40625,0.328125,0.078125,0.15625,1.4164305925369263,11070,87.1007308959961,0.03211589157581329,0.03225941210985184,0.10100239515304565,17293,22430,-11.706284523010254,-11.995429992675781,2.4375,2.03125,8.6875,8.71875,51279,51279,9.34105110168457,0.0488605722784996,8.241860086855013e-06
evq,933bec9a691d087076e420e784ed25c820c0ed4911235e4a2d9f9320d472938e,933bec9a,25.0,1,0,23,20077,0.9375,0.7734375,0.1640625,0.2080078125,2.5079658031463623,1546,114.82295227050781,0.052129779011011124,0.05158010870218277,0.1264980286359787,7010,14470,-10.705894470214844,-11.431182861328125,3.375,2.4375,6.5625,7.4375,8714,8714,9.47050952911377,0.015868885442614555,2.2412437829189003e-05
evq,933bec9a691d087076e420e784ed25c820c0ed4911235e4a2d9f9320d472938e,933bec9a,25.0,1,0,24,20077,1.140625,0.94921875,0.19140625,0.21484375,2.98002290725708,660,119.5029525756836,0.06580228358507156,0.06291793286800385,0.14408236742019653,7291,17128,-10.900288581848145,-11.890449523925781,3.15625,2.015625,8.65625,9.984375,8714,8714,8.601354598999023,0.10602940618991852,1.8452908989274874e-05
evq,933bec9a691d087076e420e784ed25c820c0ed4911235e4a2d9f9320d472938e,933bec9a,25.0,1,0,25,20077,0.96875,0.76953125,0.19921875,0.21484375,2.415903329849243,1799,119.10303497314453,0.06593842804431915,0.06300818175077438,0.13997508585453033,700,1757,-8.706806182861328,-9.454788208007812,5.15625,4.1875,4.59375,5.625,8714,8714,9.407676696777344,0.01635771431028843,0.000165455843671225
evq,933bec9a691d087076e420e784ed25c820c0ed4911235e4a2d9f9320d472938e,933bec9a,25.0,1,0,26,20077,1.125,0.94140625,0.18359375,0.20703125,3.0670242309570312,500,114.36448669433594,0.059608668088912964,0.056156355887651443,0.13188520073890686,361,1229,-8.284685134887695,-9.241605758666992,5.4375,4.3125,5.5,6.625,8714,8714,8.943994522094727,0.06174854189157486,0.00025235212524421513
evq,933bec9a691d087076e420e784ed25c820c0ed4911235e4a2d9f9320d472938e,933bec9a,25.0,1,0,27,20077,1.21875,1.078125,0.140625,0.1875,3.878322124481201,127,104.56238555908203,0.05808670446276665,0.05669001489877701,0.1308436393737793,145,690,-7.639684677124023,-8.782866477966309,5.9375,4.71875,4.125,5.96875,578,578,9.158609390258789,0.029757192358374596,0.00048098008846864104
evq,933bec9a691d087076e420e784ed25c820c0ed4911235e4a2d9f9320d472938e,933bec9a,25.0,1,0,28,20077,1.25,1.140625,0.109375,0.171875,4.476166248321533,67,95.32134246826172,0.06243612617254257,0.06019751355051994,0.14450260996818542,56,285,-7.112524032592773,-8.456111907958984,6.3125,5.0625,5.125,6.9375,922,922,7.791722774505615,0.13703429698944092,0.000814835715573281
evq,933bec9a691d087076e420e784ed25c820c0ed4911235e4a2d9f9320d472938e,933bec9a,25.0,1,0,29,20077,1.0625,0.921875,0.140625,0.171875,3.617723226547241,162,94.61612701416016,0.04966461658477783,0.05043114721775055,0.1220502108335495,74,284,-7.0244140625,-7.985507965087891,6.75,5.6875,2.875,4.625,922,922,9.27010440826416,0.015773655846714973,0.0008898887899704278
evq,933bec9a691d087076e420e784ed25c820c0ed4911235e4a2d9f9320d472938e,933bec9a,25.0,1,0,30,20077,0.875,0.8046875,0.0703125,0.140625,3.859586000442505,116,77.37850189208984,0.04385794326663017,0.04195648431777954,0.13751929998397827,363,950,-9.434616088867188,-10.54578685760498,5.65625,4.78125,8.59375,9.96875,220,220,3.5759687423706055,0.4313369393348694,7.990947779035196e-05
evq,933bec9a691d087076e420e784ed25c820c0ed4911235e4a2d9f9320d472938e,933bec9a,25.0,1,0,31,20077,0.78125,0.8046875,-0.0234375,0.11328125,4.791210174560547,68,62.288814544677734,0.012476488016545773,0.011632580310106277,0.06435269117355347,1862,3823,-10.747367858886719,-11.681859016418457,4.78125,4.0,10.09375,11.125,220,220,3.801650047302246,0.5201602578163147,2.15019299503183e-05
evq,933bec9a691d087076e420e784ed25c820c0ed4911235e4a2d9f9320d472938e,933bec9a,25.0,1,1,0,18775,0.013671875,0.013671875,0.0,0.0078125,1.18035888671875,17249,4.478816509246826,0.0001128504445659928,0.0001201321865664795,0.004952691961079836,48059,48467,-13.2332763671875,-13.248523712158203,0.376953125,0.36328125,9.185546875,9.19921875,45597,45597,9.462596893310547,0.01746198534965515,1.7900332522913232e-06
evq,933bec9a691d087076e420e784ed25c820c0ed4911235e4a2d9f9320d472938e,933bec9a,25.0,1,1,1,18775,0.0,0.0078125,-0.0078125,0.0078125,0.674490749835968,29757,5.653972625732422,0.00018558691954240203,0.00018063359311781824,0.007491311989724636,114829,114899,-16.456043243408203,-16.463733673095703,-2.03125,-2.03125,12.09375,12.09375,91467,91467,9.370424270629883,0.01274912990629673,7.132326373948672e-08
evq,933bec9a691d087076e420e784ed25c820c0ed4911235e4a2d9f9320d472938e,933bec9a,25.0,1,1,2,18775,-0.0546875,-0.0546875,0.0,0.0546875,-0.6744908094406128,95517,29.976598739624023,0.004313300363719463,0.004319188185036182,0.036882124841213226,53784,52336,-13.651226043701172,-13.590723037719727,0.953125,1.0078125,10.109375,9.9921875,18511,18511,9.098983764648438,0.02895967848598957,1.1785496099037118e-06
evq,933bec9a691d087076e420e784ed25c820c0ed4911235e4a2d9f9320d472938e,933bec9a,25.0,1,1,3,18775,-0.0546875,-0.06640625,0.01171875,0.04296875,-1.0423948764801025,106435,24.350643157958984,0.004596817307174206,0.004591580480337143,0.039132073521614075,26624,25382,-12.558469772338867,-12.466955184936523,1.859375,1.9140625,10.765625,10.5234375,63364,63364,8.118280410766602,0.16648590564727783,3.5150044368492672e-06
evq,933bec9a691d087076e420e784ed25c820c0ed4911235e4a2d9f9320d472938e,933bec9a,25.0,1,1,4,18775,-0.06640625,-0.08984375,0.0234375,0.0390625,-1.5513287782669067,120838,20.40665626525879,0.00185673451051116,0.0018653416773304343,0.024239514023065567,50380,48239,-13.318611145019531,-13.228849411010742,0.58203125,0.6484375,8.91796875,8.7265625,63364,63364,9.511669158935547,0.012269449420273304,1.6436172245448688e-06
evq,933bec9a691d087076e420e784ed25c820c0ed4911235e4a2d9f9320d472938e,933bec9a,25.0,1,1,5,18775,-0.0390625,-0.068359375,0.029296875,0.041015625,-1.1241512298583984,110227,21.808584213256836,0.0023212055675685406,0.0023112052585929632,0.026927873492240906,99862,98482,-15.34086799621582,-15.274511337280273,-1.3828125,-1.34375,10.8203125,10.90625,79830,79830,9.51589584350586,0.010882976464927197,2.1754328827228164e-07
evq,933bec9a691d087076e420e784ed25c820c0ed4911235e4a2d9f9320d472938e,933bec9a,25.0,1,1,6,18775,-0.0703125,-0.08984375,0.01953125,0.03515625,-1.723698616027832,120998,20.461238861083984,0.001977344509214163,0.0019772290252149105,0.025333959609270096,99243,97360,-15.277585983276367,-15.189887046813965,-1.5078125,-1.4375,10.7578125,10.6875,10591,34704,9.45006275177002,0.010891495272517204,2.3175478247594583e-07
evq,933bec9a691d087076e420e784ed25c820c0ed4911235e4a2d9f9320d472938e,933bec9a,25.0,1,1,7,18775,-0.046875,-0.0693359375,0.0224609375,0.0380859375,-1.227919101715088,113381,19.831493377685547,0.0017565889284014702,0.001767314039170742,0.023176170885562897,118347,117732,-16.729976654052734,-16.651947021484375,-2.5,-2.453125,13.0625,12.953125,107324,107324,9.275309562683105,0.025540849193930626,5.4232977220181056e-08
evq,933bec9a691d087076e420e784ed25c820c0ed4911235e4a2d9f9320d472938e,933bec9a,25.0,1,1,8,18775,-0.0625,-0.078125,0.015625,0.03515625,-1.4988683462142944,118270,19.82261848449707,0.0016956632025539875,0.0016971365548670292,0.02328566275537014,111129,109974,-16.01860237121582,-15.933722496032715,-2.265625,-2.203125,13.203125,13.078125,99074,99074,9.162798881530762,0.05987611413002014,1.1046110159895761e-07
evq,933bec9a691d087076e420e784ed25c820c0ed4911235e4a2d9f9320d472938e,933bec9a,25.0,1,1,9,18775,-0.0234375,-0.033203125,0.009765625,0.037109375,-0.6034917235374451,93679,19.075241088867188,0.0015998396556824446,0.0016079624183475971,0.022883839905261993,111542,111071,-16.113975524902344,-16.076677322387695,-1.9609375,-1.9375,12.4609375,12.375,99074,99074,9.133856773376465,0.025912268087267876,1.0041286202522315e-07
evq,933bec9a691d087076e420e784ed25c820c0ed4911235e4a2d9f9320d472938e,933bec9a,25.0,1,1,10,18775,0.75,0.671875,0.078125,0.1640625,2.762200355529785,606,88.72769927978516,0.04370732605457306,0.044119901955127716,0.12034407258033752,117643,122738,-16.804540634155273,-17.516090393066406,-2.5,-3.25,14.25,15.4375,107324,107324,8.633204460144043,0.07772789150476456,5.033623651229391e-08
evq,933bec9a691d087076e420e784ed25c820c0ed4911235e4a2d9f9320d472938e,933bec9a,25.0,1,1,11,18775,0.6605949401855469,0.6137199401855469,0.046875,0.166259765625,2.489769220352173,1164,90.36382293701172,0.03615959361195564,0.03638352453708649,0.10646487027406693,69721,85175,-14.209400177001953,-14.800353050231934,0.000438690185546875,-0.66015625,10.312061309814453,10.72265625,39068,39068,9.141268730163574,0.020295845344662666,6.744285201421008e-07
evq,933bec9a691d087076e420e784ed25c820c0ed4911235e4a2d9f9320d472938e,933bec9a,25.0,1,1,12,18775,0.796875,0.78125,0.015625,0.140625,3.747170925140381,66,77.26317596435547,0.025600001215934753,0.025436481460928917,0.08906687051057816,37659,56803,-12.923835754394531,-13.700728416442871,1.0390625,0.2421875,9.3984375,10.3828125,1108,1108,9.120965003967285,0.02944006584584713,2.43921158471494e-06
evq,933bec9a691d087076e420e784ed25c820c0ed4911235e4a2d9f9320d472938e,933bec9a,25.0,1,1,13,18775,0.76171875,0.70703125,0.0546875,0.1953125,2.4416565895080566,1524,107.81809997558594,0.05160483717918396,0.05194244533777237,0.12591218948364258,57845,75933,-13.756446838378906,-14.445255279541016,0.486328125,-0.275390625,9.513671875,10.025390625,8843,8843,9.269224166870117,0.014367659576237202,1.0608428056002595e-06
evq,933bec9a691d087076e420e784ed25c820c0ed4911235e4a2d9f9320d472938e,933bec9a,25.0,1,1,14,18775,0.849609375,0.755859375,0.09375,0.25,2.039280652999878,3550,138.55599975585938,0.08584367483854294,0.0859086886048317,0.16240692138671875,39543,58290,-13.057622909545898,-13.797450065612793,1.328125,0.478515625,8.484375,9.458984375,29234,29234,9.288941383361816,0.010324377566576004,2.1337641555874143e-06
evq,933bec9a691d087076e420e784ed25c820c0ed4911235e4a2d9f9320d472938e,933bec9a,25.0,1,1,15,18775,0.671875,0.640625,0.03125,0.234375,1.843608021736145,4604,127.62405395507812,0.0719526931643486,0.07305404543876648,0.1494545042514801,93807,105981,-15.214292526245117,-15.857231140136719,-0.90625,-1.578125,10.53125,11.203125,95600,109197,9.320709228515625,0.009250820614397526,2.468975139890972e-07
evq,933bec9a691d087076e420e784ed25c820c0ed4911235e4a2d9f9320d472938e,933bec9a,25.0,1,1,16,18775,0.8046875,0.8671875,-0.0625,0.265625,2.2020139694213867,2156,146.435791015625,0.09574338793754578,0.09586095064878464,0.17062968015670776,103877,116016,-15.559419631958008,-16.4656925201416,-1.8515625,-2.65625,11.1015625,11.90625,7876,78832,9.456985473632812,0.011587167158722878,1.748356197595058e-07
evq,933bec9a691d087076e420e784ed25c820c0ed4911235e4a2d9f9320d472938e,933bec9a,25.0,1,1,17,18775,0.6875,0.68359375,0.00390625,0.26953125,1.710664987564087,6247,148.3262939453125,0.10098305344581604,0.10035912692546844,0.176876500248909,113703,120423,-16.3153018951416,-17.060800552368164,-2.28125,-2.96875,12.46875,13.90625,98516,98516,9.147006034851074,0.021353252232074738,8.210212598669386e-08
evq,933bec9a691d087076e420e784ed25c820c0ed4911235e4a2d9f9320d472938e,933bec9a,25.0,1,1,18,18775,0.6875,0.619140625,0.068359375,0.255859375,1.632164716720581,7124,139.2849578857422,0.0884711891412735,0.08805526047945023,0.16724547743797302,115462,121110,-16.46089744567871,-17.097614288330078,-2.296875,-2.984375,12.671875,13.796875,96428,96428,9.116744995117188,0.02261771261692047,7.097789023191581e-08
evq,933bec9a691d087076e420e784ed25c820c0ed4911235e4a2d9f9320d472938e,933bec9a,25.0,1,1,19,18775,0.84375,0.75,0.09375,0.26171875,1.9328690767288208,3905,142.1840362548828,0.09416218101978302,0.09444601833820343,0.17181718349456787,86913,102919,-14.797822952270508,-15.524206161499023,-0.671875,-1.515625,11.109375,11.390625,100309,100309,9.21066665649414,0.025010783225297928,3.744442267361592e-07
evq,933bec9a691d087076e420e784ed25c820c0ed4911235e4a2d9f9320d472938e,933bec9a,25.0,1,1,20,18775,0.71875,0.5546875,0.1640625,0.25390625,1.4735029935836792,9344,136.92996215820312,0.08070331811904907,0.0813378393650055,0.1583666205406189,114498,120061,-16.355453491210938,-16.83974838256836,-2.03125,-2.75,13.59375,13.875,100309,100309,9.013667106628418,0.06318400055170059,7.887089736868802e-08
evq,933bec9a691d087076e420e784ed25c820c0ed4911235e4a2d9f9320d472938e,933bec9a,25.0,1,1,21,18775,0.984375,0.80078125,0.18359375,0.283203125,1.907180905342102,4378,154.00350952148438,0.09992506355047226,0.10067661106586456,0.1761147379875183,116286,122791,-16.510805130004883,-17.24216079711914,-2.140625,-3.125,13.203125,13.6875,100309,100309,9.104352951049805,0.036600977182388306,6.752249248620501e-08
evq,933bec9a691d087076e420e784ed25c820c0ed4911235e4a2d9f9320d472938e,933bec9a,25.0,1,1,22,18775,1.546875,1.359375,0.1875,0.265625,3.451805830001831,116,144.7303924560547,0.09444516897201538,0.09453797340393066,0.1704481840133667,101727,120066,-15.253976821899414,-16.59663200378418,-1.234375,-2.78125,11.359375,12.78125,87274,87274,9.44316291809082,0.020351465791463852,2.3729141673811682e-07
evq,933bec9a691d087076e420e784ed25c820c0ed4911235e4a2d9f9320d472938e,933bec9a,25.0,1,1,23,18775,1.421875,1.203125,0.21875,0.30029296875,2.702349901199341,911,165.1842803955078,0.12283533811569214,0.12266336381435394,0.19554942846298218,118367,125420,-16.461944580078125,-17.650394439697266,-2.375,-3.796875,12.5,13.921875,87274,27444,9.388233184814453,0.019026098772883415,7.090360298889209e-08
evq,933bec9a691d087076e420e784ed25c820c0ed4911235e4a2d9f9320d472938e,933bec9a,25.0,1,1,24,18775,1.8125,1.572265625,0.240234375,0.31494140625,3.367225170135498,195,172.22694396972656,0.13829092681407928,0.13714663684368134,0.20659667253494263,116510,125805,-16.359577178955078,-17.93121337890625,-2.5,-4.3125,11.6875,13.5625,87274,69682,9.446548461914062,0.00935281254351139,7.854632855242016e-08
evq,933bec9a691d087076e420e784ed25c820c0ed4911235e4a2d9f9320d472938e,933bec9a,25.0,1,1,25,18775,1.671875,1.40625,0.265625,0.30078125,3.153463363647461,282,164.37173461914062,0.1320180594921112,0.13119716942310333,0.2029924839735031,104165,120863,-15.470186233520508,-16.881092071533203,-1.875,-3.546875,10.8125,12.359375,3748,435,9.514307022094727,0.009488395415246487,1.9115404370495526e-07
evq,933bec9a691d087076e420e784ed25c820c0ed4911235e4a2d9f9320d472938e,933bec9a,25.0,1,1,26,18775,1.4375,1.19140625,0.24609375,0.2998046875,2.680386781692505,788,162.07325744628906,0.1281055212020874,0.12722519040107727,0.20143844187259674,101489,117669,-15.382037162780762,-16.618051528930664,-2.03125,-3.46875,10.84375,12.65625,435,435,9.441458702087402,0.010691704228520393,2.0876906603461975e-07
evq,933bec9a691d087076e420e784ed25c820c0ed4911235e4a2d9f9320d472938e,933bec9a,25.0,1,1,27,18775,1.3046875,1.0546875,0.25,0.296875,2.3962173461914062,1548,161.41192626953125,0.13330881297588348,0.1323171705007553,0.20460201799869537,91055,109991,-14.928215026855469,-16.094749450683594,-1.7265625,-3.03125,10.7265625,12.46875,435,435,9.406505584716797,0.014970824122428894,3.286688752268674e-07
evq,933bec9a691d087076e420e784ed25c820c0ed4911235e4a2d9f9320d472938e,933bec9a,25.0,1,1,28,18775,1.12109375,0.91796875,0.203125,0.27734375,2.2324695587158203,2248,151.61805725097656,0.112311452627182,0.10964225232601166,0.1831928789615631,11968,25480,-11.267961502075195,-12.27033805847168,1.46875,0.34765625,7.34375,8.46484375,435,435,9.416070938110352,0.019757717847824097,1.277575302083278e-05
evq,933bec9a691d087076e420e784ed25c820c0ed4911235e4a2d9f9320d472938e,933bec9a,25.0,1,1,29,18775,1.31640625,1.19140625,0.125,0.265625,3.025289535522461,362,144.43833923339844,0.10156368464231491,0.10043618828058243,0.17613674700260162,14631,34922,-11.539434432983398,-12.695646286010742,1.609375,0.29296875,6.890625,7.89453125,53695,53695,9.417625427246094,0.009572988376021385,9.738392691360787e-06
evq,933bec9a691d087076e420e784ed25c820c0ed4911235e4a2d9f9320d472938e,933bec9a,25.0,1,1,30,18775,1.2421875,1.1484375,0.09375,0.265625,2.9161808490753174,433,142.93272399902344,0.161517933011055,0.16497738659381866,0.23539671301841736,4952,12854,-11.5946626663208,-12.712320327758789,2.5,1.2578125,9.625,10.7421875,19664,320,5.666164875030518,0.13950389623641968,9.215141290042084e-06
evq,933bec9a691d087076e420e784ed25c820c0ed4911235e4a2d9f9320d472938e,933bec9a,25.0,1,1,31,18775,1.359375,1.6171875,-0.2578125,0.203125,5.369984149932861,33,115.77957916259766,0.08371081948280334,0.0801033079624176,0.1591421514749527,1688,5748,-10.201092720031738,-11.59524917602539,3.9375,2.578125,7.5625,9.296875,13,13,6.059804916381836,0.07146178185939789,3.712972466018982e-05
evq,933bec9a691d087076e420e784ed25c820c0ed4911235e4a2d9f9320d472938e,933bec9a,25.0,1,2,0,1644,0.001953125,0.001953125,0.0,0.0078125,0.168622687458992,30846,3.777474880218506,9.760088141774759e-05,9.931052045430988e-05,0.004609610419720411,49399,49512,-13.362709045410156,-13.367207527160645,0.1357421875,0.1337890625,9.1767578125,9.1787109375,65954,65954,9.31378173828125,0.015207740478217602,1.5727119944131118e-06
evq,933bec9a691d087076e420e784ed25c820c0ed4911235e4a2d9f9320d472938e,933bec9a,25.0,1,2,1,1644,0.0078125,0.0078125,0.0,0.013671875,0.38542330265045166,45920,6.3709330558776855,0.00029830916901119053,0.0002937308745458722,0.008935892954468727,108739,108787,-16.019439697265625,-16.022258758544922,-1.8515625,-1.859375,11.6640625,11.609375,12650,12650,9.245052337646484,0.012837590649724007,1.1036865288360787e-07
evq,933bec9a691d087076e420e784ed25c820c0ed4911235e4a2d9f9320d472938e,933bec9a,25.0,1,2,2,1644,0.109375,0.109375,0.0,0.09375,0.7869059443473816,26861,49.35771179199219,0.011425170116126537,0.01138358749449253,0.05998750403523445,117949,118873,-16.91921615600586,-17.00889015197754,-2.390625,-2.5,12.828125,12.75,62633,62633,9.17242431640625,0.01672099344432354,4.48825758780913e-08
evq,933bec9a691d087076e420e784ed25c820c0ed4911235e4a2d9f9320d472938e,933bec9a,25.0,1,2,3,1644,0.015625,0.0,0.015625,0.0703125,0.0,63253,38.55904769897461,0.00745314871892333,0.0074677299708127975,0.0481172576546669,115447,115394,-16.58205223083496,-16.567428588867188,-2.296875,-2.3125,12.046875,11.9375,63364,63364,9.259170532226562,0.010725006461143494,6.28790886025854e-08
evq,933bec9a691d087076e420e784ed25c820c0ed4911235e4a2d9f9320d472938e,933bec9a,25.0,1,2,4,1644,-0.03125,-0.05078125,0.01953125,0.05859375,-0.5845586657524109,91214,30.733903884887695,0.00437401607632637,0.004368347581475973,0.03672147914767265,44279,43142,-13.095006942749023,-13.038677215576172,0.80859375,0.83984375,8.44140625,8.34765625,3633,3633,9.476887702941895,0.00952723529189825,2.0554680304485373e-06
evq,933bec9a691d087076e420e784ed25c820c0ed4911235e4a2d9f9320d472938e,933bec9a,25.0,1,2,5,1644,-0.0045166015625,-0.0240478515625,0.01953125,0.05078125,-0.3194102942943573,81668,27.057130813598633,0.00349719962105155,0.0035022106021642685,0.033517174422740936,67537,66897,-14.031335830688477,-14.002056121826172,0.0262451171875,0.03076171875,9.1612548828125,9.28173828125,35760,37841,9.403325080871582,0.0076727475970983505,8.058760840867762e-07
evq,933bec9a691d087076e420e784ed25c820c0ed4911235e4a2d9f9320d472938e,933bec9a,25.0,1,2,6,1644,0.0205078125,0.0048828125,0.015625,0.046875,0.0702594593167305,62634,25.49553871154785,0.0028961056377738714,0.0028984113596379757,0.030211886391043663,56664,56758,-13.597956657409668,-13.599536895751953,0.197265625,0.1767578125,9.490234375,9.5107421875,79623,79623,9.366029739379883,0.016445189714431763,1.2430324431988993e-06
evq,933bec9a691d087076e420e784ed25c820c0ed4911235e4a2d9f9320d472938e,933bec9a,25.0,1,2,7,1644,-0.00390625,-0.0166015625,0.0126953125,0.0439453125,-0.25480765104293823,77843,22.937631607055664,0.0024087615311145782,0.0024135932326316833,0.027699464932084084,74736,74320,-14.271146774291992,-14.250078201293945,-0.259765625,-0.255859375,9.447265625,9.443359375,107324,107324,9.481461524963379,0.008035543374717236,6.340444542729529e-07
evq,933bec9a691d087076e420e784ed25c820c0ed4911235e4a2d9f9320d472938e,933bec9a,25.0,1,2,8,1644,0.0390625,0.01171875,0.02734375,0.04296875,0.18395203351974487,52062,24.434749603271484,0.0030595522839576006,0.0030394543427973986,0.030658531934022903,68021,68355,-14.031635284423828,-14.039094924926758,-0.416015625,-0.455078125,10.916015625,10.767578125,79451,79451,9.208330154418945,0.0443509966135025,8.05634840617131e-07
evq,933bec9a691d087076e420e784ed25c820c0ed4911235e4a2d9f9320d472938e,933bec9a,25.0,1,2,9,1644,0.015625,-0.0078125,0.0234375,0.0439453125,-0.11990948021411896,66215,24.28577995300293,0.0030150788370519876,0.003008859232068062,0.030841559171676636,115450,115392,-16.390872955322266,-16.376272201538086,-2.484375,-2.5,12.421875,12.25,79451,79451,9.338582038879395,0.018892349675297737,7.612622709984862e-08
evq,933bec9a691d087076e420e784ed25c820c0ed4911235e4a2d9f9320d472938e,933bec9a,25.0,1,2,10,1644,0.0,-0.140625,0.140625,0.25,-0.3794010579586029,82933,134.54452514648438,0.09989449381828308,0.10198883712291718,0.17851218581199646,114511,112838,-16.450733184814453,-16.369483947753906,-2.296875,-2.296875,13.296875,13.921875,125563,125563,8.993680953979492,0.042687155306339264,7.170300619918635e-08
evq,933bec9a691d087076e420e784ed25c820c0ed4911235e4a2d9f9320d472938e,933bec9a,25.0,1,2,11,1644,-0.38671875,-0.56640625,0.1796875,0.29296875,-1.3040155172348022,115506,159.60316467285156,0.12234508991241455,0.12216149270534515,0.1927766501903534,98213,85946,-15.369392395019531,-14.8107328414917,-1.28125,-0.89453125,11.09375,11.01953125,18143,18143,9.30258560180664,0.013903114944696426,2.1142565742593433e-07
evq,933bec9a691d087076e420e784ed25c820c0ed4911235e4a2d9f9320d472938e,933bec9a,25.0,1,2,12,1644,-0.140625,-0.2265625,0.0859375,0.26171875,-0.58388751745224,91633,142.88006591796875,0.09330040216445923,0.09139414131641388,0.16853749752044678,109541,106200,-16.016765594482422,-15.792631149291992,-2.203125,-2.0625,11.453125,11.8125,1108,1108,9.365562438964844,0.010424035601317883,1.106641818182652e-07
evq,933bec9a691d087076e420e784ed25c820c0ed4911235e4a2d9f9320d472938e,933bec9a,25.0,1,2,13,1644,0.015625,-0.1171875,0.1328125,0.3203125,-0.2467649132013321,76287,172.87380981445312,0.14975902438163757,0.1445891559123993,0.2098361998796463,114817,113551,-16.520063400268555,-16.409671783447266,-2.328125,-2.34375,13.078125,13.78125,119,119,9.170255661010742,0.03200256824493408,6.69002346853631e-08
evq,933bec9a691d087076e420e784ed25c820c0ed4911235e4a2d9f9320d472938e,933bec9a,25.0,1,2,14,1644,0.015625,-0.1875,0.203125,0.34765625,-0.3637703061103821,82049,190.28543090820312,0.17045508325099945,0.16603462398052216,0.22833988070487976,105232,102346,-15.92142391204834,-15.675503730773926,-1.46875,-1.484375,12.15625,11.734375,33389,72924,9.071159362792969,0.02316359058022499,1.217344305359802e-07
evq,933bec9a691d087076e420e784ed25c820c0ed4911235e4a2d9f9320d472938e,933bec9a,25.0,1,2,15,1644,0.69140625,0.51171875,0.1796875,0.328125,1.051884412765503,18736,178.6916961669922,0.1689043641090393,0.1565294861793518,0.21788190305233002,93041,103466,-15.196878433227539,-15.63981819152832,-0.93359375,-1.625,11.62109375,10.875,26062,119,9.217428207397461,0.027993444353342056,2.5123466684817686e-07
evq,933bec9a691d087076e420e784ed25c820c0ed4911235e4a2d9f9320d472938e,933bec9a,25.0,1,2,16,1644,2.22265625,2.095703125,0.126953125,0.337890625,4.183402061462402,12,185.37661743164062,0.17943422496318817,0.17606614530086517,0.2270946204662323,75914,115700,-14.38759994506836,-16.45090103149414,-0.58984375,-2.8125,10.33984375,11.8125,21206,21206,9.190986633300781,0.0174615029245615,5.643450435854902e-07
evq,933bec9a691d087076e420e784ed25c820c0ed4911235e4a2d9f9320d472938e,933bec9a,25.0,1,2,17,1644,2.31884765625,2.10009765625,0.21875,0.330078125,4.291397571563721,7,181.01918029785156,0.19325704872608185,0.18219231069087982,0.23427075147628784,68563,112261,-14.281660079956055,-16.313095092773438,0.10009765625,-2.21875,11.02490234375,12.40625,12650,73338,8.914219856262207,0.03851305693387985,6.274134420891642e-07
evq,933bec9a691d087076e420e784ed25c820c0ed4911235e4a2d9f9320d472938e,933bec9a,25.0,1,2,18,1644,2.130859375,1.826171875,0.3046875,0.336181640625,3.663900375366211,61,185.71286010742188,0.200666606426239,0.1949760615825653,0.24115192890167236,64080,106187,-14.142120361328125,-15.854377746582031,0.271484375,-1.859375,10.916015625,11.671875,24663,24663,8.759176254272461,0.03971186652779579,7.213651542770094e-07
evq,933bec9a691d087076e420e784ed25c820c0ed4911235e4a2d9f9320d472938e,933bec9a,25.0,1,2,19,1644,2.478515625,2.134765625,0.34375,0.3515625,4.095658302307129,14,192.317138671875,0.22592131793498993,0.21668276190757751,0.25424981117248535,82225,118755,-14.755622863769531,-16.777917861938477,-0.443359375,-2.921875,12.193359375,12.859375,100309,100309,8.782088279724121,0.07712999731302261,3.905839776052744e-07
evq,933bec9a691d087076e420e784ed25c820c0ed4911235e4a2d9f9320d472938e,933bec9a,25.0,1,2,20,1644,2.361328125,1.994140625,0.3671875,0.34765625,3.8688485622406006,30,188.62013244628906,0.1958228051662445,0.19605495035648346,0.24620603024959564,82654,117995,-14.779332160949707,-16.619131088256836,-0.326171875,-2.6875,12.638671875,13.5,100309,100309,8.497343063354492,0.11757715791463852,3.8143241454235977e-07
evq,933bec9a691d087076e420e784ed25c820c0ed4911235e4a2d9f9320d472938e,933bec9a,25.0,1,2,21,1644,2.048828125,1.689453125,0.359375,0.373046875,3.054630756378174,319,201.87603759765625,0.19081862270832062,0.19064755737781525,0.2451697438955307,62791,103516,-13.968720436096191,-15.526798248291016,0.478515625,-1.5703125,11.208984375,11.9453125,100309,100309,8.933089256286621,0.0633084774017334,8.579496579841361e-07
evq,933bec9a691d087076e420e784ed25c820c0ed4911235e4a2d9f9320d472938e,933bec9a,25.0,1,2,22,1644,2.453125,2.1171875,0.3359375,0.349609375,4.084625720977783,15,188.7721710205078,0.18375638127326965,0.2150861769914627,0.23629771173000336,44079,99857,-12.968185424804688,-15.063263893127441,1.0078125,-1.4453125,8.8046875,10.8203125,100309,13783,9.551605224609375,0.015553051605820656,2.3333968783845194e-06
evq,933bec9a691d087076e420e784ed25c820c0ed4911235e4a2d9f9320d472938e,933bec9a,25.0,1,2,23,1644,2.287109375,1.958984375,0.328125,0.35546875,3.717111349105835,57,192.54835510253906,0.17249441146850586,0.1835467517375946,0.23005448281764984,24565,73978,-12.08054256439209,-14.037046432495117,1.8359375,-0.451171875,7.7890625,9.701171875,13645,82492,9.608541488647461,0.013684656471014023,5.66874632568215e-06
evq,933bec9a691d087076e420e784ed25c820c0ed4911235e4a2d9f9320d472938e,933bec9a,25.0,1,2,24,1644,2.388671875,2.037109375,0.3515625,0.37109375,3.702599287033081,67,202.67422485351562,0.20654889941215515,0.21418775618076324,0.2492479681968689,18055,64344,-11.723888397216797,-13.793562889099121,1.9765625,-0.412109375,7.1484375,9.287109375,100309,435,9.554405212402344,0.01030165795236826,8.098040780168958e-06
evq,933bec9a691d087076e420e784ed25c820c0ed4911235e4a2d9f9320d472938e,933bec9a,25.0,1,2,25,1644,2.20703125,1.8359375,0.37109375,0.35546875,3.4836337566375732,94,193.01951599121094,0.19193094968795776,0.19667495787143707,0.24142473936080933,7869,36444,-10.818119049072266,-12.699296951293945,2.734375,0.52734375,5.828125,8.41015625,435,435,9.549739837646484,0.0068057081662118435,2.0033212422276847e-05
evq,933bec9a691d087076e420e784ed25c820c0ed4911235e4a2d9f9320d472938e,933bec9a,25.0,1,2,26,1644,2.38671875,2.02734375,0.359375,0.359375,3.8050076961517334,59,197.20712280273438,0.21345700323581696,0.22047209739685059,0.2553650438785553,4358,28179,-10.256574630737305,-12.39891242980957,3.0625,0.67578125,5.8125,8.57421875,435,435,9.448007583618164,0.01174797210842371,3.5125802241964266e-05
evq,933bec9a691d087076e420e784ed25c820c0ed4911235e4a2d9f9320d472938e,933bec9a,25.0,1,2,27,1644,2.1796875,1.801513671875,0.378173828125,0.370361328125,3.2808616161346436,133,199.6958770751953,0.2332836538553238,0.23959477245807648,0.26994210481643677,1388,10540,-9.233165740966797,-11.26827621459961,3.921875,1.7421875,4.578125,7.5703125,578,578,9.416675567626953,0.00951352994889021,9.774331556400284e-05
evq,933bec9a691d087076e420e784ed25c820c0ed4911235e4a2d9f9320d472938e,933bec9a,25.0,1,2,28,1644,2.4375,2.125,0.3125,0.34375,4.16957950592041,14,188.20640563964844,0.2146395742893219,0.20831617712974548,0.2536630630493164,238,3553,-7.807161331176758,-10.137284278869629,5.0,2.5625,3.75,6.75,578,578,9.283576965332031,0.017298052087426186,0.00040681121754460037
evq,933bec9a691d087076e420e784ed25c820c0ed4911235e4a2d9f9320d472938e,933bec9a,25.0,1,2,29,1644,1.9375,1.703125,0.234375,0.328125,3.5009281635284424,102,178.294189453125,0.18894332647323608,0.1867092102766037,0.23957620561122894,656,4354,-8.581975936889648,-10.30122184753418,4.625,2.6875,4.25,5.4375,5547,578,9.093034744262695,0.013141554780304432,0.00018745420675259084
evq,933bec9a691d087076e420e784ed25c820c0ed4911235e4a2d9f9320d472938e,933bec9a,25.0,1,2,30,1644,1.75,1.5546875,0.1953125,0.314453125,3.334749460220337,191,171.62384033203125,0.261717826128006,0.271543025970459,0.30512645840644836,147,661,-7.857600212097168,-9.537371635437012,6.375,4.625,5.25,7.4375,24,320,5.7722039222717285,0.07371120154857635,0.00038680099532939494
evq,933bec9a691d087076e420e784ed25c820c0ed4911235e4a2d9f9320d472938e,933bec9a,25.0,1,2,31,1644,1.5,1.75,-0.25,0.23046875,5.121557235717773,14,127.60298919677734,0.10014118254184723,0.09284376353025436,0.1758643537759781,143,613,-7.627615928649902,-9.215179443359375,6.4375,4.9375,5.0625,6.9375,13,13,6.135776519775391,0.07691024243831635,0.0004868200921919197
evq,c4b929f0a3fc5acbfb492f25a434328425c96a7cd11b346148dc14ada268d0c1,c4b929f0,25.0,1,0,0,15935,-0.0234375,-0.0185546875,-0.0048828125,0.0078125,-1.6019155979156494,116391,4.41364860534668,0.00011192154488526285,0.00010997583740390837,0.006278031971305609,22432,22153,-11.878342628479004,-11.864494323730469,1.7109375,1.734375,8.6640625,8.640625,47523,47523,9.666465759277344,0.04018425941467285,6.939071226952365e-06
evq,c4b929f0a3fc5acbfb492f25a434328425c96a7cd11b346148dc14ada268d0c1,c4b929f0,25.0,1,0,1,15935,0.0,0.0,0.0,0.015625,0.0,46363,8.27144718170166,0.0004941087099723518,0.0004906711983494461,0.011775562539696693,37452,37531,-13.327310562133789,-13.3360595703125,2.53125,2.53125,10.71875,10.71875,54759,54759,8.384660720825195,0.07364043593406677,1.6293806766043417e-06
evq,c4b929f0a3fc5acbfb492f25a434328425c96a7cd11b346148dc14ada268d0c1,c4b929f0,25.0,1,0,2,15935,-0.015625,-0.015625,0.0,0.0390625,-0.26979631185531616,73634,22.502531051635742,0.003317895345389843,0.0033082766458392143,0.032454878091812134,40646,40299,-13.738405227661133,-13.745659828186035,2.46875,2.484375,11.21875,11.265625,120896,120896,7.919741630554199,0.08048733323812485,1.0801558119055699e-06
evq,c4b929f0a3fc5acbfb492f25a434328425c96a7cd11b346148dc14ada268d0c1,c4b929f0,25.0,1,0,3,15935,-0.0625,-0.078125,0.015625,0.03125,-1.6862269639968872,118593,17.97525405883789,0.0016973353922367096,0.0017014186596497893,0.023224443197250366,5649,5219,-10.612814903259277,-10.52900505065918,4.34375,4.40625,7.34375,7.28125,63364,63364,8.910025596618652,0.03804199397563934,2.4598750314908102e-05
evq,c4b929f0a3fc5acbfb492f25a434328425c96a7cd11b346148dc14ada268d0c1,c4b929f0,25.0,1,0,4,15935,-0.03125,-0.046875,0.015625,0.02734375,-1.156269907951355,108764,14.418404579162598,0.001032510306686163,0.0010338572319597006,0.018126511946320534,2900,2729,-9.872560501098633,-9.824536323547363,4.625,4.65625,5.875,5.84375,117077,117077,9.299702644348145,0.018360374495387077,5.157051418791525e-05
evq,c4b929f0a3fc5acbfb492f25a434328425c96a7cd11b346148dc14ada268d0c1,c4b929f0,25.0,1,0,5,15935,-0.015625,-0.015625,0.0,0.0234375,-0.4496605396270752,84557,13.176057815551758,0.0008961161365732551,0.0008985432796180248,0.016678515821695328,27928,27596,-12.532247543334961,-12.50975227355957,2.125,2.140625,8.5,8.484375,61599,61599,9.147339820861816,0.01773441769182682,3.608394763432443e-06
evq,c4b929f0a3fc5acbfb492f25a434328425c96a7cd11b346148dc14ada268d0c1,c4b929f0,25.0,1,0,6,15935,0.0,-0.0078125,0.0078125,0.0234375,-0.2248302698135376,69439,13.86416244506836,0.0010149221634492278,0.0010149788577109575,0.017929760739207268,16384,16268,-11.804098129272461,-11.792409896850586,2.75,2.75,7.8125,7.8125,34704,34704,9.084373474121094,0.018470177426934242,7.47386638977332e-06
evq,c4b929f0a3fc5acbfb492f25a434328425c96a7cd11b346148dc14ada268d0c1,c4b929f0,25.0,1,0,7,15935,-0.00390625,-0.02734375,0.0234375,0.0234375,-0.7869059443473816,97867,14.280866622924805,0.0011029252782464027,0.0011091696796938777,0.018724139779806137,52730,52090,-13.661922454833984,-13.622686386108398,0.9375,0.94140625,10.0,9.87109375,101187,101187,8.97336196899414,0.025683097541332245,1.1660105201372062e-06
evq,c4b929f0a3fc5acbfb492f25a434328425c96a7cd11b346148dc14ada268d0c1,c4b929f0,25.0,1,0,8,15935,0.0,-0.0234375,0.0234375,0.0234375,-0.6744908094406128,85572,14.924201011657715,0.0010166375432163477,0.0010199681855738163,0.017632484436035156,4362,4246,-10.280673027038574,-10.251912117004395,3.859375,3.859375,7.140625,7.078125,99074,99074,9.172069549560547,0.04328072816133499,3.42894418281503e-05
evq,c4b929f0a3fc5acbfb492f25a434328425c96a7cd11b346148dc14ada268d0c1,c4b929f0,25.0,1,0,9,15935,-0.015625,-0.03125,0.015625,0.02734375,-0.7708466053009033,93969,14.251466751098633,0.0010571221355348825,0.001046553486958146,0.01829702779650688,23537,22977,-12.250864028930664,-12.213335037231445,2.265625,2.28125,7.984375,7.84375,125563,125563,9.147117614746094,0.014030959457159042,4.780984454555437e-06
evq,c4b929f0a3fc5acbfb492f25a434328425c96a7cd11b346148dc14ada268d0c1,c4b929f0,25.0,1,0,10,15935,0.0,-0.01171875,0.01171875,0.02734375,-0.28906747698783875,72868,14.45246696472168,0.0011952263303101063,0.001193018862977624,0.019274568185210228,13109,12967,-11.534340858459473,-11.514995574951172,2.984375,2.984375,8.453125,8.453125,95361,95361,8.891618728637695,0.04590342193841934,9.788122952159029e-06
evq,c4b929f0a3fc5acbfb492f25a434328425c96a7cd11b346148dc14ada268d0c1,c4b929f0,25.0,1,0,11,15935,-0.0078125,-0.0078125,0.0,0.03125,-0.168622687458992,72702,14.914525032043457,0.0012256664922460914,0.0012316351057961583,0.018681323155760765,21582,21365,-11.978559494018555,-11.9710693359375,1.9921875,2.0,7.5703125,7.625,95361,95361,9.485932350158691,0.012176505289971828,6.277369720919523e-06
evq,c4b929f0a3fc5acbfb492f25a434328425c96a7cd11b346148dc14ada268d0c1,c4b929f0,25.0,1,0,12,15935,0.015625,0.015625,0.0,0.03125,0.337245374917984,45997,16.103992462158203,0.0011583641171455383,0.0011614421382546425,0.019066981971263885,27016,27265,-12.299995422363281,-12.310689926147461,1.3203125,1.3046875,7.5546875,7.5078125,19571,19571,9.467140197753906,0.008692384697496891,4.551765414362308e-06
evq,c4b929f0a3fc5acbfb492f25a434328425c96a7cd11b346148dc14ada268d0c1,c4b929f0,25.0,1,0,13,15935,-0.03515625,-0.076171875,0.041015625,0.099609375,-0.5157870650291443,90180,54.828765869140625,0.01317912619560957,0.013060023076832294,0.06317151337862015,42875,40769,-13.088188171386719,-12.99807071685791,0.94140625,0.9765625,9.12109375,9.0234375,110652,110652,9.375066757202148,0.01892835646867752,2.0695317743957276e-06
evq,c4b929f0a3fc5acbfb492f25a434328425c96a7cd11b346148dc14ada268d0c1,c4b929f0,25.0,1,0,14,15935,-0.09765625,-0.16015625,0.0625,0.08984375,-1.2023531198501587,114082,47.73941421508789,0.009851804003119469,0.009864413179457188,0.05464537441730499,73397,69537,-14.627304077148438,-14.43480110168457,0.376953125,0.474609375,11.373046875,11.150390625,15125,15125,8.745210647583008,0.03860950842499733,4.4406093024917936e-07
evq,c4b929f0a3fc5acbfb492f25a434328425c96a7cd11b346148dc14ada268d0c1,c4b929f0,25.0,1,0,15,15935,-0.0078125,-0.0546875,0.046875,0.072265625,-0.5104254484176636,88806,39.13315200805664,0.006953185889869928,0.006966027431190014,0.04742373898625374,36499,35276,-13.054311752319336,-12.979589462280273,1.8125,1.8203125,9.625,9.4921875,127199,127199,8.861189842224121,0.03240923210978508,2.140841161235585e-06
evq,c4b929f0a3fc5acbfb492f25a434328425c96a7cd11b346148dc14ada268d0c1,c4b929f0,25.0,1,0,16,15935,-0.03125,-0.078125,0.046875,0.103515625,-0.509049654006958,88333,56.26939010620117,0.01448177732527256,0.014259777031838894,0.06540603935718536,35752,34145,-12.810871124267578,-12.716889381408691,1.203125,1.234375,8.734375,8.578125,127199,127199,9.300712585449219,0.016966810449957848,2.730922460614238e-06
evq,c4b929f0a3fc5acbfb492f25a434328425c96a7cd11b346148dc14ada268d0c1,c4b929f0,25.0,1,0,17,15935,0.21875,0.125,0.09375,0.15625,0.5395926237106323,37289,84.27539825439453,0.031873852014541626,0.03209567815065384,0.10084045678377151,24505,26615,-12.33760929107666,-12.427762031555176,2.1875,1.96875,8.3125,8.46875,63075,63075,9.042783737182617,0.017861472442746162,4.383735813462408e-06
evq,c4b929f0a3fc5acbfb492f25a434328425c96a7cd11b346148dc14ada268d0c1,c4b929f0,25.0,1,0,18,15935,0.1875,0.09375,0.09375,0.15625,0.40469443798065186,42133,83.15354919433594,0.03071770630776882,0.030920621007680893,0.10014792531728745,5477,5959,-10.529653549194336,-10.613980293273926,3.671875,3.484375,6.640625,6.453125,78832,78832,9.208532333374023,0.02046520821750164,2.673188464541454e-05
evq,c4b929f0a3fc5acbfb492f25a434328425c96a7cd11b346148dc14ada268d0c1,c4b929f0,25.0,1,0,19,15935,0.28125,0.1826171875,0.0986328125,0.1611328125,0.7644228935241699,28025,87.40068817138672,0.03470572456717491,0.03464633226394653,0.1039443165063858,3559,4258,-10.08510971069336,-10.24337387084961,4.21875,3.9375,5.46875,5.5625,78832,110041,9.345946311950684,0.009888728149235249,4.169581734458916e-05
evq,c4b929f0a3fc5acbfb492f25a434328425c96a7cd11b346148dc14ada268d0c1,c4b929f0,25.0,1,0,20,15935,0.140625,0.078125,0.0625,0.15625,0.337245374917984,46514,84.814697265625,0.03234080225229263,0.032155245542526245,0.09998327493667603,5308,5626,-10.472631454467773,-10.51899528503418,3.734375,3.59375,7.203125,7.34375,51279,51279,9.236528396606445,0.03802518919110298,2.8300490157562308e-05
evq,c4b929f0a3fc5acbfb492f25a434328425c96a7cd11b346148dc14ada268d0c1,c4b929f0,25.0,1,0,21,15935,0.296875,0.17578125,0.12109375,0.17578125,0.6744908094406128,31528,96.4761734008789,0.04177822545170784,0.04134368896484375,0.11285170912742615,8194,9324,-10.957992553710938,-11.064433097839355,3.46875,3.171875,6.84375,6.828125,32438,32438,9.167572975158691,0.016338303685188293,1.7418240531696938e-05
evq,c4b929f0a3fc5acbfb492f25a434328425c96a7cd11b346148dc14ada268d0c1,c4b929f0,25.0,1,0,22,15935,0.375,0.28125,0.09375,0.15625,1.2140833139419556,15687,87.54524230957031,0.03138502687215805,0.031399961560964584,0.09845786541700363,11402,14444,-11.229499816894531,-11.468073844909668,2.9375,2.5625,8.125,8.25,51279,51279,9.358423233032227,0.04484693706035614,1.3276701793074608e-05
evq,c4b929f0a3fc5acbfb492f25a434328425c96a7cd11b346148dc14ada268d0c1,c4b929f0,25.0,1,0,23,15935,0.9375,0.8125,0.125,0.1640625,3.3403351306915283,250,91.17728424072266,0.03450137376785278,0.03429468721151352,0.10341421514749527,19688,35319,-11.825166702270508,-12.601923942565918,2.203125,1.265625,7.671875,8.609375,8714,8714,9.50968074798584,0.015712609514594078,7.318049483728828e-06
evq,c4b929f0a3fc5acbfb492f25a434328425c96a7cd11b346148dc14ada268d0c1,c4b929f0,25.0,1,0,24,15935,1.2109375,1.0625,0.1484375,0.1796875,3.988293170928955,28,97.64581298828125,0.05001049488782883,0.04870735853910446,0.1284833401441574,13919,31884,-11.588118553161621,-12.714491844177246,2.40625,1.1953125,9.34375,10.8046875,8714,8714,8.660640716552734,0.10599444806575775,9.275643606088124e-06
evq,c4b929f0a3fc5acbfb492f25a434328425c96a7cd11b346148dc14ada268d0c1,c4b929f0,25.0,1,0,25,15935,0.984375,0.84375,0.140625,0.1796875,3.1671741008758545,430,101.3387451171875,0.05153270810842514,0.04917691648006439,0.12239816039800644,16506,31522,-11.63426399230957,-12.473519325256348,2.140625,1.15625,7.359375,8.53125,8714,8714,9.467353820800781,0.013913599774241447,8.857340617396403e-06
evq,c4b929f0a3fc5acbfb492f25a434328425c96a7cd11b346148dc14ada268d0c1,c4b929f0,25.0,1,0,26,15935,0.86328125,0.72265625,0.140625,0.1796875,2.7126259803771973,932,99.80023193359375,0.05408616364002228,0.04976411536335945,0.12408344447612762,25420,41259,-12.271567344665527,-13.028745651245117,1.375,0.51171875,9.25,10.36328125,8714,8714,9.073321342468262,0.04872477799654007,4.6830200517433695e-06
evq,c4b929f0a3fc5acbfb492f25a434328425c96a7cd11b346148dc14ada268d0c1,c4b929f0,25.0,1,0,27,15935,1.10546875,0.95703125,0.1484375,0.1796875,3.5923964977264404,186,101.9945297241211,0.060421332716941833,0.05852404981851578,0.13362158834934235,16850,34314,-11.718408584594727,-12.743339538574219,1.859375,0.75390625,8.265625,9.99609375,578,578,9.149343490600586,0.03165740147233009,8.1425387179479e-06
evq,c4b929f0a3fc5acbfb492f25a434328425c96a7cd11b346148dc14ada268d0c1,c4b929f0,25.0,1,0,28,15935,0.953125,0.8359375,0.1171875,0.1640625,3.4366910457611084,253,93.49505615234375,0.06906174123287201,0.0691586434841156,0.14821022748947144,5299,11771,-10.70958137512207,-11.751296997070312,2.703125,1.75,8.484375,10.125,922,922,7.853610038757324,0.10804516822099686,2.232995757367462e-05
evq,c4b929f0a3fc5acbfb492f25a434328425c96a7cd11b346148dc14ada268d0c1,c4b929f0,25.0,1,0,29,15935,0.953125,0.798828125,0.154296875,0.169921875,3.170881986618042,313,93.58695983886719,0.04813441261649132,0.049389757215976715,0.12058749794960022,10672,21110,-11.199355125427246,-12.036630630493164,2.5625,1.609375,6.875,8.578125,922,922,9.2841215133667,0.0132420863956213,1.368301673210226e-05
evq,c4b929f0a3fc5acbfb492f25a434328425c96a7cd11b346148dc14ada268d0c1,c4b929f0,25.0,1,0,30,15935,0.9765625,0.8984375,0.078125,0.140625,4.30924654006958,74,77.354736328125,0.05032883584499359,0.04805108904838562,0.14643698930740356,11914,23664,-12.857664108276367,-14.109355926513672,2.21875,1.2421875,11.96875,13.5078125,220,220,3.5844433307647705,0.41110190749168396,2.606078169264947e-06
evq,c4b929f0a3fc5acbfb492f25a434328425c96a7cd11b346148dc14ada268d0c1,c4b929f0,25.0,1,0,31,15935,0.59375,0.6171875,-0.0234375,0.1171875,3.5523178577423096,152,62.626407623291016,0.00959957204759121,0.008984008803963661,0.053017958998680115,3035,5186,-11.28261947631836,-11.999075889587402,4.25,3.65625,10.625,11.40625,220,220,3.77618408203125,0.5180833339691162,1.2589851394295692e-05
evq,c4b929f0a3fc5acbfb492f25a434328425c96a7cd11b346148dc14ada268d0c1,c4b929f0,25.0,1,1,0,23467,0.0,0.0,0.0,0.0078125,0.0,35110,4.0237603187561035,0.0001093382597900927,0.00011271148105151951,0.00497057568281889,12874,12890,-11.40793228149414,-11.410982131958008,2.5625,2.5625,6.6875,6.6875,118402,118402,9.377508163452148,0.008911320939660072,1.1107030331913847e-05
evq,c4b929f0a3fc5acbfb492f25a434328425c96a7cd11b346148dc14ada268d0c1,c4b929f0,25.0,1,1,1,23467,-0.015625,-0.015625,0.0,0.0078125,-1.348981499671936,103594,5.432989120483398,0.00018122224719263613,0.00018069089855998755,0.0059867724776268005,104545,104271,-15.799661636352539,-15.782695770263672,-1.0625,-1.046875,11.875,11.859375,96164,96164,9.209087371826172,0.01974882185459137,1.3749729532719357e-07
evq,c4b929f0a3fc5acbfb492f25a434328425c96a7cd11b346148dc14ada268d0c1,c4b929f0,25.0,1,1,2,23467,0.0,0.0,0.0,0.044921875,0.0,58777,23.42906951904297,0.0027871376369148493,0.002786535769701004,0.029285158962011337,40418,40420,-13.184450149536133,-13.187549591064453,1.90625,1.90625,8.90625,8.78125,76084,76084,9.170062065124512,0.013867592439055443,1.8796026779455133e-06
evq,c4b929f0a3fc5acbfb492f25a434328425c96a7cd11b346148dc14ada268d0c1,c4b929f0,25.0,1,1,3,23467,0.046875,0.0390625,0.0078125,0.0390625,0.674490749835968,27906,19.817798614501953,0.00183037668466568,0.0018468929920345545,0.024671077728271484,16699,17185,-11.896100997924805,-11.927637100219727,2.765625,2.71875,9.609375,9.59375,63364,63364,8.598261833190918,0.1015985980629921,6.816932454967173e-06
evq,c4b929f0a3fc5acbfb492f25a434328425c96a7cd11b346148dc14ada268d0c1,c4b929f0,25.0,1,1,4,23467,0.046875,0.025390625,0.021484375,0.033203125,0.5157870650291443,34700,17.793561935424805,0.0014234517002478242,0.0014311245176941156,0.021335706114768982,25155,25646,-12.205876350402832,-12.230610847473145,1.8203125,1.7734375,7.8046875,7.7890625,63364,63364,9.441283226013184,0.012262752279639244,5.00098167321994e-06
evq,c4b929f0a3fc5acbfb492f25a434328425c96a7cd11b346148dc14ada268d0c1,c4b929f0,25.0,1,1,5,23467,0.0234375,0.0078125,0.015625,0.03125,0.168622687458992,55944,16.944276809692383,0.001353871775791049,0.0013545600231736898,0.020652852952480316,55073,55246,-13.5784273147583,-13.583731651306152,0.50390625,0.48046875,9.99609375,10.01953125,98933,98933,9.356245994567871,0.027810730040073395,1.2675466223299736e-06
evq,c4b929f0a3fc5acbfb492f25a434328425c96a7cd11b346148dc14ada268d0c1,c4b929f0,25.0,1,1,6,23467,0.0,-0.0078125,0.0078125,0.03125,-0.168622687458992,69952,16.61128044128418,0.0012488319771364331,0.0012445381144061685,0.019599515944719315,45272,45042,-13.139843940734863,-13.132137298583984,0.640625,0.640625,8.734375,8.734375,7617,7617,9.402865409851074,0.012210379354655743,1.9653425624710508e-06
evq,c4b929f0a3fc5acbfb492f25a434328425c96a7cd11b346148dc14ada268d0c1,c4b929f0,25.0,1,1,7,23467,0.0390625,0.0234375,0.015625,0.03125,0.5058680772781372,39706,17.237621307373047,0.0013908615801483393,0.001383730093948543,0.020890971645712852,31060,31511,-12.54813003540039,-12.565711975097656,1.515625,1.4765625,7.984375,8.0234375,98406,98406,9.41491985321045,0.010422851890325546,3.5515372474037576e-06
evq,c4b929f0a3fc5acbfb492f25a434328425c96a7cd11b346148dc14ada268d0c1,c4b929f0,25.0,1,1,8,23467,0.0078125,-0.015625,0.0234375,0.03515625,-0.2997736632823944,77521,18.2293758392334,0.0015881354920566082,0.0015793084166944027,0.02241336740553379,28080,27786,-12.371505737304688,-12.354118347167969,1.25,1.2421875,9.25,9.1328125,99074,99074,9.197625160217285,0.044090740382671356,4.2376327655802015e-06
evq,c4b929f0a3fc5acbfb492f25a434328425c96a7cd11b346148dc14ada268d0c1,c4b929f0,25.0,1,1,9,23467,0.0234375,0.0078125,0.015625,0.03125,0.168622687458992,56215,17.71349334716797,0.0016959260683506727,0.0016825597267597914,0.022509343922138214,26612,26758,-12.338430404663086,-12.335235595703125,1.546875,1.5234375,8.640625,8.4765625,99074,99074,9.213566780090332,0.024777855724096298,4.3801378524221946e-06
evq,c4b929f0a3fc5acbfb492f25a434328425c96a7cd11b346148dc14ada268d0c1,c4b929f0,25.0,1,1,10,23467,-0.0263671875,-0.0576171875,0.03125,0.0390625,-0.9948738813400269,104173,22.279556274414062,0.0022369183134287596,0.0022263831924647093,0.026332497596740723,69941,68494,-14.172926902770996,-14.112201690673828,-0.263671875,-0.2373046875,11.013671875,10.9873046875,125563,125563,8.960192680358887,0.04245736822485924,6.994812338234624e-07
evq,c4b929f0a3fc5acbfb492f25a434328425c96a7cd11b346148dc14ada268d0c1,c4b929f0,25.0,1,1,11,23467,-0.0546875,-0.07421875,0.01953125,0.05078125,-0.985794186592102,105001,29.097997665405273,0.004135611932724714,0.004123881459236145,0.03626788780093193,34724,33170,-12.761344909667969,-12.684192657470703,1.2734375,1.328125,8.6640625,8.671875,91191,91191,9.260528564453125,0.016617774963378906,2.8695799301203806e-06
evq,c4b929f0a3fc5acbfb492f25a434328425c96a7cd11b346148dc14ada268d0c1,c4b929f0,25.0,1,1,12,23467,-0.203125,-0.203125,0.0,0.0478515625,-2.8631443977355957,127588,27.752120971679688,0.0038098255172371864,0.0037995814345777035,0.03459761291742325,13371,11163,-11.462198257446289,-11.249893188476562,2.328125,2.53125,6.921875,6.65625,8843,8843,9.315077781677246,0.01066996157169342,1.0520358955545817e-05
evq,c4b929f0a3fc5acbfb492f25a434328425c96a7cd11b346148dc14ada268d0c1,c4b929f0,25.0,1,1,13,23467,-0.1328125,-0.1640625,0.03125,0.09375,-1.18035888671875,111575,52.863548278808594,0.012680763378739357,0.012728918343782425,0.06205097958445549,50548,46323,-13.420306205749512,-13.257854461669922,0.6796875,0.8125,9.1953125,9.125,119,119,9.359538078308105,0.0146254263818264,1.4846875728835585e-06
evq,c4b929f0a3fc5acbfb492f25a434328425c96a7cd11b346148dc14ada268d0c1,c4b929f0,25.0,1,1,14,23467,-0.12109375,-0.18359375,0.0625,0.16796875,-0.7372340559959412,98501,91.45895385742188,0.03492661565542221,0.03490118682384491,0.10476905107498169,60152,55421,-13.816669464111328,-13.629944801330566,0.365234375,0.486328125,9.072265625,9.076171875,13793,13793,9.368998527526855,0.008700246922671795,9.988417559725349e-07
evq,c4b929f0a3fc5acbfb492f25a434328425c96a7cd11b346148dc14ada268d0c1,c4b929f0,25.0,1,1,15,23467,-0.1484375,-0.16650390625,0.01806640625,0.15380859375,-0.730163037776947,98638,83.36432647705078,0.02907208725810051,0.029150914400815964,0.09568855166435242,37474,33871,-12.918651580810547,-12.756468772888184,1.28125,1.4296875,9.03125,8.6953125,35290,35290,9.24771499633789,0.020498545840382576,2.4518894861103036e-06
evq,c4b929f0a3fc5acbfb492f25a434328425c96a7cd11b346148dc14ada268d0c1,c4b929f0,25.0,1,1,16,23467,0.34375,0.3916015625,-0.0478515625,0.1888427734375,1.398685336112976,10462,104.2349624633789,0.04807482659816742,0.04892023652791977,0.12266363948583603,12235,17150,-11.291600227355957,-11.717208862304688,2.203125,1.859375,7.546875,8.203125,78832,78832,9.417667388916016,0.023642124608159065,1.2477291420509573e-05
evq,c4b929f0a3fc5acbfb492f25a434328425c96a7cd11b346148dc14ada268d0c1,c4b929f0,25.0,1,1,17,23467,0.44140625,0.37890625,0.0625,0.22265625,1.147817611694336,16673,122.7181625366211,0.06331636011600494,0.06365735083818436,0.13852828741073608,53857,64305,-13.551000595092773,-13.922418594360352,0.25390625,-0.1875,10.62109375,10.9375,78832,78832,9.096351623535156,0.05340202525258064,1.3027923841946176e-06
evq,c4b929f0a3fc5acbfb492f25a434328425c96a7cd11b346148dc14ada268d0c1,c4b929f0,25.0,1,1,18,23467,0.078125,0.046875,0.03125,0.2109375,0.1498868316411972,56291,114.4364242553711,0.057855453342199326,0.057290203869342804,0.1322266161441803,13116,13587,-11.432043075561523,-11.481446266174316,2.25,2.171875,8.375,8.515625,78832,78832,9.153568267822266,0.04702656716108322,1.0842433766811155e-05
evq,c4b929f0a3fc5acbfb492f25a434328425c96a7cd11b346148dc14ada268d0c1,c4b929f0,25.0,1,1,19,23467,0.4296875,0.3984375,0.03125,0.208984375,1.2859450578689575,13418,114.14002227783203,0.06388400495052338,0.06286286562681198,0.13876773416996002,12007,16939,-11.297178268432617,-11.673255920410156,2.3125,1.8828125,7.875,7.8046875,106405,78832,9.289064407348633,0.032641272991895676,1.2407886970322579e-05
evq,c4b929f0a3fc5acbfb492f25a434328425c96a7cd11b346148dc14ada268d0c1,c4b929f0,25.0,1,1,20,23467,0.46875,0.421875,0.046875,0.20703125,1.3744341135025024,11731,113.69269561767578,0.054876502603292465,0.05446220934391022,0.13163624703884125,18537,25351,-11.799298286437988,-12.184381484985352,1.875,1.40625,7.4375,8.15625,21175,21175,9.438413619995117,0.01275542937219143,7.5098259912920184e-06
evq,c4b929f0a3fc5acbfb492f25a434328425c96a7cd11b346148dc14ada268d0c1,c4b929f0,25.0,1,1,21,23467,0.078125,0.01171875,0.06640625,0.234375,0.03372453898191452,62025,127.46174621582031,0.07120545208454132,0.07063518464565277,0.14789211750030518,24112,24265,-12.164774894714355,-12.1307373046875,1.6484375,1.5703125,8.0390625,8.0546875,21175,21175,9.385753631591797,0.01615198329091072,5.210811650613323e-06
evq,c4b929f0a3fc5acbfb492f25a434328425c96a7cd11b346148dc14ada268d0c1,c4b929f0,25.0,1,1,22,23467,-0.0546875,-0.111328125,0.056640625,0.21875,-0.34326761960983276,81552,119.01241302490234,0.06371686607599258,0.06318974494934082,0.1390209197998047,36798,34180,-12.630729675292969,-12.504449844360352,0.85546875,0.91015625,7.76953125,7.52734375,96856,59262,9.67930793762207,0.007741204928606749,3.2699701932870084e-06
evq,c4b929f0a3fc5acbfb492f25a434328425c96a7cd11b346148dc14ada268d0c1,c4b929f0,25.0,1,1,23,23467,0.6484375,0.6015625,0.046875,0.23828125,1.7028127908706665,6827,131.53756713867188,0.07482516765594482,0.07385271787643433,0.15050314366817474,23166,35309,-11.98375129699707,-12.571672439575195,1.5078125,0.859375,7.3671875,8.140625,59262,59262,9.652695655822754,0.009886715561151505,6.244863470783457e-06
evq,c4b929f0a3fc5acbfb492f25a434328425c96a7cd11b346148dc14ada268d0c1,c4b929f0,25.0,1,1,24,23467,0.87890625,0.80078125,0.078125,0.25,2.160478353500366,2672,135.8564453125,0.08255515247583389,0.08095090836286545,0.1576891392469406,18534,33419,-11.726927757263184,-12.549467086791992,1.640625,0.76171875,7.296875,8.42578125,59262,59262,9.608743667602539,0.011913861148059368,8.073465323832352e-06
evq,c4b929f0a3fc5acbfb492f25a434328425c96a7cd11b346148dc14ada268d0c1,c4b929f0,25.0,1,1,25,23467,1.134765625,1.01953125,0.115234375,0.236328125,2.9097867012023926,547,128.3748321533203,0.074156254529953,0.07235391438007355,0.15046052634716034,16786,35218,-11.604522705078125,-12.657657623291016,1.578125,0.443359375,6.671875,7.931640625,435,435,9.58257007598877,0.0072073983028531075,9.124725693254732e-06
evq,c4b929f0a3fc5acbfb492f25a434328425c96a7cd11b346148dc14ada268d0c1,c4b929f0,25.0,1,1,26,23467,1.044921875,0.935546875,0.109375,0.234375,2.6923422813415527,824,126.3815689086914,0.07143343240022659,0.07053861767053604,0.14601832628250122,18050,34904,-11.761199951171875,-12.754944801330566,1.2578125,0.212890625,7.8671875,8.849609375,426,426,9.35136604309082,0.02036347985267639,7.801458195899613e-06
evq,c4b929f0a3fc5acbfb492f25a434328425c96a7cd11b346148dc14ada268d0c1,c4b929f0,25.0,1,1,27,23467,1.184814453125,1.042236328125,0.142578125,0.232421875,3.024580955505371,399,125.8758544921875,0.07229556888341904,0.06976349651813507,0.14960446953773499,18554,37868,-11.878154754638672,-13.046010971069336,1.1328125,-0.052001953125,8.6171875,10.052001953125,578,578,9.132613182067871,0.03835127502679825,6.940374987607356e-06
evq,c4b929f0a3fc5acbfb492f25a434328425c96a7cd11b346148dc14ada268d0c1,c4b929f0,25.0,1,1,28,23467,1.365234375,1.287109375,0.078125,0.21875,3.968655586242676,55,120.54156494140625,0.06376927345991135,0.061516083776950836,0.1348591148853302,15079,36827,-11.680055618286133,-12.994302749633789,1.0078125,-0.357421875,8.6796875,9.982421875,578,578,8.946271896362305,0.04976871982216835,8.460894605377689e-06
evq,c4b929f0a3fc5acbfb492f25a434328425c96a7cd11b346148dc14ada268d0c1,c4b929f0,25.0,1,1,29,23467,1.34375,1.3173828125,0.0263671875,0.2099609375,4.232037544250488,39,114.94964599609375,0.06645642220973969,0.06462985277175903,0.14310145378112793,5181,16440,-10.468395233154297,-11.739629745483398,2.515625,1.171875,5.921875,7.328125,578,92157,9.231693267822266,0.010604039765894413,2.8420630769687705e-05
evq,c4b929f0a3fc5acbfb492f25a434328425c96a7cd11b346148dc14ada268d0c1,c4b929f0,25.0,1,1,30,23467,1.11328125,1.0859375,0.02734375,0.20703125,3.5378949642181396,127,114.0755615234375,0.10004037618637085,0.1021852195262909,0.17473891377449036,26979,47909,-14.065202713012695,-15.084904670715332,0.12890625,-0.984375,11.99609375,13.046875,19664,11,5.325665473937988,0.12629826366901398,7.790405334162642e-07
evq,c4b929f0a3fc5acbfb492f25a434328425c96a7cd11b346148dc14ada268d0c1,c4b929f0,25.0,1,1,31,23467,1.1953125,1.359375,-0.1640625,0.1640625,5.588637828826904,13,89.35792541503906,0.07785854488611221,0.0733681321144104,0.14713725447654724,4740,13727,-11.417094230651855,-12.558953285217285,2.78125,1.5859375,9.15625,10.2890625,13,13,6.04460334777832,0.10426240414381027,1.1005733540514484e-05
evq,c4b929f0a3fc5acbfb492f25a434328425c96a7cd11b346148dc14ada268d0c1,c4b929f0,25.0,1,2,0,5332,0.0,0.00390625,-0.00390625,0.0078125,0.337245374917984,28518,4.355830192565918,0.00011166663898620754,0.00011809964053099975,0.005751328077167273,30928,31024,-12.539644241333008,-12.544968605041504,1.234375,1.234375,8.328125,8.328125,4841,4841,9.363924980163574,0.014823829755187035,3.5818029573420063e-06
evq,c4b929f0a3fc5acbfb492f25a434328425c96a7cd11b346148dc14ada268d0c1,c4b929f0,25.0,1,2,1,5332,0.001953125,0.001953125,0.0,0.015625,0.084311343729496,37746,6.599514961242676,0.00024534238036721945,0.00024683267110958695,0.008250083774328232,73328,73466,-14.554641723632812,-14.56298828125,0.27734375,0.275390625,12.34765625,12.349609375,12650,12650,8.532678604125977,0.1100318431854248,4.775286015501479e-07
evq,c4b929f0a3fc5acbfb492f25a434328425c96a7cd11b346148dc14ada268d0c1,c4b929f0,25.0,1,2,2,5332,0.07421875,0.06640625,0.0078125,0.044921875,0.9970732927322388,20974,24.706499099731445,0.002904091030359268,0.0028941696509718895,0.030375026166439056,99898,101124,-15.783073425292969,-15.849945068359375,-0.7890625,-0.86328125,12.1640625,12.30078125,62633,62633,8.992632865905762,0.026809167116880417,1.3979715163259243e-07
evq,c4b929f0a3fc5acbfb492f25a434328425c96a7cd11b346148dc14ada268d0c1,c4b929f0,25.0,1,2,3,5332,-0.00390625,-0.01953125,0.015625,0.0390625,-0.337245374917984,81322,20.300636291503906,0.0018402044661343098,0.0018326896242797375,0.024416297674179077,91876,91502,-15.24090576171875,-15.215726852416992,-0.65625,-0.65234375,11.71875,11.65234375,63364,63364,9.076992988586426,0.029535681009292603,2.404134420430637e-07
evq,c4b929f0a3fc5acbfb492f25a434328425c96a7cd11b346148dc14ada268d0c1,c4b929f0,25.0,1,2,4,5332,-0.03125,-0.048828125,0.017578125,0.033203125,-0.991898238658905,107273,17.237350463867188,0.0013234608341008425,0.0013097517658025026,0.020500311627984047,92398,91316,-14.97553825378418,-14.92062759399414,-0.9375,-0.90625,10.0625,10.03125,78342,78342,9.523246765136719,0.007350126281380653,3.134774999580259e-07
evq,c4b929f0a3fc5acbfb492f25a434328425c96a7cd11b346148dc14ada268d0c1,c4b929f0,25.0,1,2,5,5332,-0.015625,-0.03125,0.015625,0.03125,-0.674490749835968,94421,17.75079345703125,0.0014911408070474863,0.0014805945102125406,0.021719394251704216,115219,114827,-16.40436363220215,-16.363489151000977,-2.234375,-2.21875,11.921875,11.84375,98933,60975,9.378358840942383,0.011305238120257854,7.510612931582727e-08
evq,c4b929f0a3fc5acbfb492f25a434328425c96a7cd11b346148dc14ada268d0c1,c4b929f0,25.0,1,2,6,5332,0.00390625,-0.01171875,0.015625,0.03125,-0.2529340386390686,71932,16.943500518798828,0.0012992233969271183,0.0012915172846987844,0.020314492285251617,71919,71676,-14.110090255737305,-14.10069465637207,-0.349609375,-0.353515625,9.162109375,9.166015625,34704,34704,9.581146240234375,0.00709772203117609,7.448445558111416e-07
evq,c4b929f0a3fc5acbfb492f25a434328425c96a7cd11b346148dc14ada268d0c1,c4b929f0,25.0,1,2,7,5332,0.00390625,-0.0078125,0.01171875,0.02734375,-0.19271165132522583,70278,16.06011199951172,0.0012808266328647733,0.0012822187272831798,0.020043155178427696,51385,51185,-13.46611499786377,-13.454511642456055,0.6328125,0.62890625,10.3046875,10.24609375,107324,107324,9.152356147766113,0.04236522316932678,1.4182101040205453e-06
evq,c4b929f0a3fc5acbfb492f25a434328425c96a7cd11b346148dc14ada268d0c1,c4b929f0,25.0,1,2,8,5332,0.0546875,0.0390625,0.015625,0.03125,0.8431134819984436,27242,18.231374740600586,0.001501861261203885,0.0014923542039468884,0.021986309438943863,23387,24067,-12.113338470458984,-12.150623321533203,1.5,1.4453125,8.1875,8.1796875,37158,37158,9.288995742797852,0.01972559466958046,5.4858501243870705e-06
evq,c4b929f0a3fc5acbfb492f25a434328425c96a7cd11b346148dc14ada268d0c1,c4b929f0,25.0,1,2,9,5332,0.01953125,0.0078125,0.01171875,0.03515625,0.1498868316411972,54585,18.828346252441406,0.0016760886646807194,0.0016654530772939324,0.022918298840522766,45640,45822,-13.16362476348877,-13.170971870422363,0.6953125,0.67578125,8.8046875,8.82421875,107324,107324,9.34586238861084,0.01279197447001934,1.919156602525618e-06
evq,c4b929f0a3fc5acbfb492f25a434328425c96a7cd11b346148dc14ada268d0c1,c4b929f0,25.0,1,2,10,5332,0.125,0.0107421875,0.1142578125,0.2841796875,0.025496214628219604,62358,153.1317596435547,0.13939477503299713,0.14907264709472656,0.20762965083122253,74583,75145,-14.317636489868164,-14.389476776123047,-0.33203125,-0.45703125,10.95703125,12.20703125,107324,107324,9.221335411071777,0.03471425920724869,6.052425760572078e-07
evq,c4b929f0a3fc5acbfb492f25a434328425c96a7cd11b346148dc14ada268d0c1,c4b929f0,25.0,1,2,11,5332,0.6650390625,0.5244140625,0.140625,0.3359375,1.052911400794983,18645,183.24261474609375,0.15121591091156006,0.151360422372818,0.21436339616775513,51924,66080,-13.452489852905273,-13.965582847595215,0.5703125,-0.0947265625,8.9296875,9.4072265625,96643,44155,9.388710021972656,0.010858546942472458,1.4376656736203586e-06
evq,c4b929f0a3fc5acbfb492f25a434328425c96a7cd11b346148dc14ada268d0c1,c4b929f0,25.0,1,2,12,5332,0.453125,0.3671875,0.0859375,0.296875,0.834238588809967,25845,162.424072265625,0.11987505853176117,0.1209210753440857,0.19162103533744812,22577,29278,-12.080316543579102,-12.431873321533203,1.6640625,1.2109375,8.5234375,8.2890625,44058,44058,9.363484382629395,0.028527727350592613,5.670027803716948e-06
evq,c4b929f0a3fc5acbfb492f25a434328425c96a7cd11b346148dc14ada268d0c1,c4b929f0,25.0,1,2,13,5332,0.59375,0.4541015625,0.1396484375,0.3271484375,0.9362334609031677,22242,179.14466857910156,0.15269243717193604,0.15120339393615723,0.2154703140258789,62352,74096,-13.881218910217285,-14.343971252441406,0.267578125,-0.326171875,10.607421875,11.826171875,119,119,9.273210525512695,0.037862379103899,9.364039215142839e-07
evq,c4b929f0a3fc5acbfb492f25a434328425c96a7cd11b346148dc14ada268d0c1,c4b929f0,25.0,1,2,14,5332,1.20361328125,0.80322265625,0.400390625,0.486328125,1.1139932870864868,16932,263.8563537597656,0.3335818946361542,0.319080114364624,0.30997762084007263,79184,97776,-14.735898971557617,-15.382074356079102,-0.05419921875,-1.2578125,10.49169921875,10.4453125,68708,34117,9.021321296691895,0.014347203075885773,3.9836427845330036e-07
evq,c4b929f0a3fc5acbfb492f25a434328425c96a7cd11b346148dc14ada268d0c1,c4b929f0,25.0,1,2,15,5332,0.515625,0.28125,0.234375,0.41796875,0.4538629353046417,41201,226.62954711914062,0.22802701592445374,0.22832420468330383,0.26318180561065674,57816,65355,-13.848915100097656,-14.038400650024414,0.62109375,0.10546875,9.62890625,9.39453125,9623,9623,9.114166259765625,0.014698514714837074,9.67147229857801e-07
evq,c4b929f0a3fc5acbfb492f25a434328425c96a7cd11b346148dc14ada268d0c1,c4b929f0,25.0,1,2,16,5332,0.701171875,0.544921875,0.15625,0.390625,0.9409146308898926,22946,214.34156799316406,0.2267385870218277,0.22517424821853638,0.2591477632522583,52157,66407,-13.465497970581055,-13.972220420837402,0.39453125,-0.306640625,8.79296875,8.931640625,90685,44181,9.375306129455566,0.00934859924018383,1.4190854926710017e-06
evq,c4b929f0a3fc5acbfb492f25a434328425c96a7cd11b346148dc14ada268d0c1,c4b929f0,25.0,1,2,17,5332,1.11669921875,0.87109375,0.24560546875,0.39501953125,1.4873814582824707,9249,214.28659057617188,0.21452942490577698,0.2106577455997467,0.2545091509819031,46443,69262,-13.40275764465332,-14.234495162963867,1.0,-0.11669921875,9.25,10.99169921875,92607,92607,9.074479103088379,0.015721004456281662,1.510971628704283e-06
evq,c4b929f0a3fc5acbfb492f25a434328425c96a7cd11b346148dc14ada268d0c1,c4b929f0,25.0,1,2,18,5332,0.69921875,0.38671875,0.3125,0.388671875,0.6711013913154602,32269,210.1143341064453,0.207250714302063,0.20916171371936798,0.2511592507362366,29878,37881,-12.645503044128418,-12.949403762817383,1.6640625,0.96484375,8.5859375,8.84765625,43280,44058,9.013671875,0.017256515100598335,3.2220168577623554e-06
evq,c4b929f0a3fc5acbfb492f25a434328425c96a7cd11b346148dc14ada268d0c1,c4b929f0,25.0,1,2,19,5332,0.6484375,0.2734375,0.375,0.390625,0.4721435606479645,40146,211.07203674316406,0.21292370557785034,0.2072710394859314,0.25072139501571655,37764,44179,-13.007999420166016,-13.166200637817383,1.4140625,0.765625,8.5859375,8.171875,35760,9623,9.140249252319336,0.012009444646537304,2.2423203063226538e-06
evq,c4b929f0a3fc5acbfb492f25a434328425c96a7cd11b346148dc14ada268d0c1,c4b929f0,25.0,1,2,20,5332,0.076171875,-0.267578125,0.34375,0.359375,-0.5022023320198059,88696,196.7174072265625,0.17747867107391357,0.17639915645122528,0.23085591197013855,63344,56028,-13.995584487915039,-13.59375286102295,0.49609375,0.419921875,10.19140625,9.455078125,64069,21175,9.127778053283691,0.02227749675512314,8.352084250873304e-07
evq,c4b929f0a3fc5acbfb492f25a434328425c96a7cd11b346148dc14ada268d0c1,c4b929f0,25.0,1,2,21,5332,0.1484375,-0.1962890625,0.3447265625,0.3681640625,-0.35960912704467773,82283,201.46237182617188,0.19487708806991577,0.19035908579826355,0.24490901827812195,48082,42992,-13.513399124145508,-13.128154754638672,1.0546875,0.90625,10.2578125,8.90625,99581,21175,8.911385536193848,0.03855820372700691,1.352711933577666e-06
evq,c4b929f0a3fc5acbfb492f25a434328425c96a7cd11b346148dc14ada268d0c1,c4b929f0,25.0,1,2,22,5332,0.8828125,0.5791015625,0.3037109375,0.3349609375,1.1661020517349243,16174,182.51004028320312,0.161410853266716,0.1596268117427826,0.22311463952064514,39764,54736,-12.859578132629395,-13.343343734741211,1.1640625,0.28125,8.8984375,8.71875,99581,123241,9.441293716430664,0.019041381776332855,2.6010948204202577e-06
evq,c4b929f0a3fc5acbfb492f25a434328425c96a7cd11b346148dc14ada268d0c1,c4b929f0,25.0,1,2,23,5332,0.43896484375,0.17333984375,0.265625,0.3359375,0.34802937507629395,45961,183.62997436523438,0.15012794733047485,0.14822210371494293,0.21441607177257538,54739,59543,-13.420536041259766,-13.518632888793945,0.52734375,0.08837890625,8.78515625,9.09912109375,28102,82492,9.498090744018555,0.009702417068183422,1.4843463986835559e-06
evq,c4b929f0a3fc5acbfb492f25a434328425c96a7cd11b346148dc14ada268d0c1,c4b929f0,25.0,1,2,24,5332,1.015625,0.724609375,0.291015625,0.361328125,1.3526273965835571,12157,197.8733673095703,0.18740525841712952,0.18499496579170227,0.23762919008731842,23375,38276,-12.054511070251465,-12.74498462677002,1.625,0.609375,6.9375,7.765625,76453,59262,9.533799171447754,0.0059939115308225155,5.818249519506935e-06
evq,c4b929f0a3fc5acbfb492f25a434328425c96a7cd11b346148dc14ada268d0c1,c4b929f0,25.0,1,2,25,5332,0.734375,0.4140625,0.3203125,0.34765625,0.8033260703086853,26902,188.76150512695312,0.1875307559967041,0.18040868639945984,0.23329155147075653,10897,16035,-11.180350303649902,-11.560746192932129,2.375,1.640625,7.5625,6.609375,26062,91556,9.377729415893555,0.02684030681848526,1.3945546925242525e-05
evq,c4b929f0a3fc5acbfb492f25a434328425c96a7cd11b346148dc14ada268d0c1,c4b929f0,25.0,1,2,26,5332,0.7734375,0.458984375,0.314453125,0.345703125,0.8955103158950806,24001,188.3468017578125,0.17984923720359802,0.17568404972553253,0.230418398976326,9217,14311,-10.989860534667969,-11.469110488891602,2.34375,1.5703125,7.15625,7.4296875,26062,56088,9.33608627319336,0.021631378680467606,1.6871908883331344e-05
evq,c4b929f0a3fc5acbfb492f25a434328425c96a7cd11b346148dc14ada268d0c1,c4b929f0,25.0,1,2,27,5332,1.03125,0.71484375,0.31640625,0.3359375,1.435253620147705,10200,182.95510864257812,0.16703911125659943,0.16712598502635956,0.22259502112865448,2222,5284,-9.623550415039062,-10.453715324401855,3.546875,2.515625,5.578125,6.484375,65087,578,9.433978080749512,0.01750226505100727,6.615232996409759e-05
evq,c4b929f0a3fc5acbfb492f25a434328425c96a7cd11b346148dc14ada268d0c1,c4b929f0,25.0,1,2,28,5332,1.375,1.125,0.25,0.3125,2.428166627883911,1383,170.13150024414062,0.15665781497955322,0.1561914086341858,0.21526356041431427,947,3892,-8.938427925109863,-10.16137409210205,3.828125,2.453125,4.546875,6.421875,26062,578,9.315125465393066,0.012381486594676971,0.00013124721590429544
evq,c4b929f0a3fc5acbfb492f25a434328425c96a7cd11b346148dc14ada268d0c1,c4b929f0,25.0,1,2,29,5332,1.4375,1.3046875,0.1328125,0.296875,2.96420955657959,434,163.0939483642578,0.15014052391052246,0.14667822420597076,0.213753342628479,639,2867,-8.597188949584961,-9.841532707214355,4.53125,3.09375,4.21875,5.15625,5547,92157,9.096195220947266,0.012544932775199413,0.00018462404841557145
evq,c4b929f0a3fc5acbfb492f25a434328425c96a7cd11b346148dc14ada268d0c1,c4b929f0,25.0,1,2,30,5332,1.25,1.19140625,0.05859375,0.28515625,2.818077802658081,544,156.1208038330078,0.3232826888561249,0.32562702894210815,0.338165283203125,202,604,-8.307714462280273,-9.254192352294922,6.0,4.75,5.8125,6.875,17,320,5.4318084716796875,0.08247879892587662,0.0002466070291120559
evq,c4b929f0a3fc5acbfb492f25a434328425c96a7cd11b346148dc14ada268d0c1,c4b929f0,25.0,1,2,31,5332,1.3125,1.546875,-0.234375,0.234375,4.451639175415039,35,130.05430603027344,0.21831707656383514,0.20010486245155334,0.27269086241722107,157,455,-7.662672519683838,-8.918805122375488,6.5625,5.25,4.9375,6.75,13,13,5.9075469970703125,0.06553489714860916,0.00047004950465634465
evq,8c28ff35b194afba23cd2d11a5d5c08f253f6d21d481d49a35752f310f3be612,8c28ff35,50.0,1,0,0,7322,0.0,0.0,0.0,0.005859375,0.0,43378,3.386254072189331,7.032477878965437e-05,7.613807974848896e-05,0.0033566474448889494,31546,31533,-12.336790084838867,-12.33692741394043,1.25,1.25,9.0625,9.0625,47523,47523,9.682416915893555,0.0378437340259552,4.387328317534411e-06
evq,8c28ff35b194afba23cd2d11a5d5c08f253f6d21d481d49a35752f310f3be612,8c28ff35,50.0,1,0,1,7322,-0.00390625,-0.00390625,0.0,0.01171875,-0.2248302698135376,96764,6.191149711608887,0.00029191028443165123,0.0002893221389967948,0.00967363826930523,104827,104695,-16.32389259338379,-16.308408737182617,-0.55859375,-0.5546875,13.43359375,13.4296875,54759,54759,8.522503852844238,0.05555959418416023,8.139983265209594e-08
evq,8c28ff35b194afba23cd2d11a5d5c08f253f6d21d481d49a35752f310f3be612,8c28ff35,50.0,1,0,2,7322,-0.0234375,-0.0234375,0.0,0.01171875,-1.3489816188812256,114113,6.1480488777160645,0.00038554822094738483,0.00038814323488622904,0.009059060364961624,103363,103004,-16.6337947845459,-16.61431312561035,-0.50390625,-0.48046875,14.00390625,13.98046875,120896,120896,8.011473655700684,0.07208646088838577,5.970829874968331e-08
evq,8c28ff35b194afba23cd2d11a5d5c08f253f6d21d481d49a35752f310f3be612,8c28ff35,50.0,1,0,3,7322,0.021484375,0.021484375,0.0,0.015625,0.9274247884750366,15208,6.575246334075928,0.0002721597847994417,0.0002686931111384183,0.007558278273791075,92574,93037,-15.345490455627441,-15.365412712097168,-0.3984375,-0.419921875,12.0859375,12.107421875,63364,63364,8.897972106933594,0.038405563682317734,2.165400161402431e-07
evq,8c28ff35b194afba23cd2d11a5d5c08f253f6d21d481d49a35752f310f3be612,8c28ff35,50.0,1,0,4,7322,0.015625,0.01171875,0.00390625,0.01171875,0.6744908094406128,28122,6.477292060852051,0.00028992403531447053,0.00029925262788310647,0.009504270739853382,23947,24094,-12.20346450805664,-12.210247039794922,2.296875,2.28125,8.390625,8.34375,117077,117077,9.270513534545898,0.022085368633270264,5.01305748912273e-06
evq,8c28ff35b194afba23cd2d11a5d5c08f253f6d21d481d49a35752f310f3be612,8c28ff35,50.0,1,0,5,7322,0.015625,0.015625,0.0,0.015625,0.674490749835968,24723,6.616223335266113,0.0002997656411025673,0.0003019507566932589,0.008807539939880371,104292,104469,-15.857025146484375,-15.868060111999512,-1.1875,-1.203125,12.0,12.015625,61599,61599,9.12651252746582,0.021130762994289398,1.2983191766124946e-07
evq,8c28ff35b194afba23cd2d11a5d5c08f253f6d21d481d49a35752f310f3be612,8c28ff35,50.0,1,0,6,7322,0.00390625,0.0,0.00390625,0.01171875,0.0,62535,7.463703632354736,0.00032926391577348113,0.00033572694519534707,0.010035516694188118,89807,89795,-15.094029426574707,-15.089963912963867,-0.5234375,-0.52734375,11.2109375,11.21484375,34704,34704,9.065289497375488,0.020587073639035225,2.7844941996590933e-07
evq,8c28ff35b194afba23cd2d11a5d5c08f253f6d21d481d49a35752f310f3be612,8c28ff35,50.0,1,0,7,7322,0.0078125,0.0078125,0.0,0.015625,0.337245374917984,46235,7.741634845733643,0.00032992896740324795,0.0003322312841191888,0.009498387575149536,45808,45924,-13.35870361328125,-13.361754417419434,1.1953125,1.1875,9.6171875,9.625,101187,101187,9.010009765625,0.02371811680495739,1.5790240013302537e-06
evq,8c28ff35b194afba23cd2d11a5d5c08f253f6d21d481d49a35752f310f3be612,8c28ff35,50.0,1,0,8,7322,0.0,0.0,0.0,0.015625,0.0,50008,7.875346660614014,0.0003491266688797623,0.00034649280132725835,0.009070861153304577,19537,19574,-11.94091510772705,-11.941290855407715,2.171875,2.171875,8.890625,8.890625,99074,99074,9.14544677734375,0.04734518751502037,6.518181635328801e-06
evq,8c28ff35b194afba23cd2d11a5d5c08f253f6d21d481d49a35752f310f3be612,8c28ff35,50.0,1,0,9,7322,0.0,0.0,0.0,0.015625,0.0,48572,8.823307991027832,0.00047771126264706254,0.00047628613538108766,0.011884717270731926,33054,33129,-12.743975639343262,-12.751703262329102,1.75,1.75,8.125,8.1875,125563,125563,9.170437812805176,0.00986289419233799,2.91985770672909e-06
evq,8c28ff35b194afba23cd2d11a5d5c08f253f6d21d481d49a35752f310f3be612,8c28ff35,50.0,1,0,10,7322,0.01123046875,0.01123046875,0.0,0.015625,0.48479023575782776,43428,9.440547943115234,0.000414406880736351,0.0004158893134444952,0.00995926558971405,71897,72180,-14.371564865112305,-14.38199234008789,0.134765625,0.12353515625,11.302734375,11.31396484375,95361,95361,8.914302825927734,0.04647546634078026,5.734673322876915e-07
evq,8c28ff35b194afba23cd2d11a5d5c08f253f6d21d481d49a35752f310f3be612,8c28ff35,50.0,1,0,11,7322,-0.015625,-0.015625,0.0,0.015625,-0.674490749835968,83336,9.246716499328613,0.00042846205178648233,0.00043428802746348083,0.011170398443937302,32313,32044,-12.559123992919922,-12.546940803527832,1.4375,1.453125,8.125,8.109375,95361,95361,9.482427597045898,0.011865450069308281,3.5127054616168607e-06
evq,8c28ff35b194afba23cd2d11a5d5c08f253f6d21d481d49a35752f310f3be612,8c28ff35,50.0,1,0,12,7322,-0.01806640625,-0.01806640625,0.0,0.017578125,-0.6932266354560852,99467,10.737017631530762,0.0005620750598609447,0.0005658643785864115,0.012669704854488373,58488,57968,-13.623099327087402,-13.603967666625977,0.0576171875,0.07568359375,8.6923828125,8.73681640625,1108,1108,9.461181640625,0.0072213271632790565,1.2121688541810727e-06
evq,8c28ff35b194afba23cd2d11a5d5c08f253f6d21d481d49a35752f310f3be612,8c28ff35,50.0,1,0,13,7322,-0.0537109375,-0.0615234375,0.0078125,0.0390625,-1.062322974205017,109197,21.74766731262207,0.002101742196828127,0.0021006730385124683,0.02602669782936573,71905,70311,-14.225553512573242,-14.164327621459961,-0.1865234375,-0.1328125,10.1865234375,10.0703125,110652,110652,9.395017623901367,0.01761454902589321,6.636217335653782e-07
evq,8c28ff35b194afba23cd2d11a5d5c08f253f6d21d481d49a35752f310f3be612,8c28ff35,50.0,1,0,14,7322,-0.0234375,-0.0263671875,0.0029296875,0.0341796875,-0.5203214287757874,89428,19.42399787902832,0.0019177573267370462,0.0019196217181161046,0.02497585117816925,115747,115421,-16.873994827270508,-16.8426570892334,-1.96875,-1.9453125,13.65625,13.5703125,15125,15125,8.791099548339844,0.04004529491066933,4.69588172791191e-08
evq,8c28ff35b194afba23cd2d11a5d5c08f253f6d21d481d49a35752f310f3be612,8c28ff35,50.0,1,0,15,7322,-0.0546875,-0.0546875,0.0,0.03125,-1.18035888671875,114381,16.290630340576172,0.0012687717098742723,0.0012672008015215397,0.01903901994228363,114784,114099,-16.66962242126465,-16.61144256591797,-1.9609375,-1.90625,12.9609375,12.90625,127199,127199,8.986937522888184,0.024509727954864502,5.760696097922846e-08
evq,8c28ff35b194afba23cd2d11a5d5c08f253f6d21d481d49a35752f310f3be612,8c28ff35,50.0,1,0,16,7322,-0.0625,-0.07470703125,0.01220703125,0.03173828125,-1.587647557258606,118721,17.29948616027832,0.00146050238981843,0.0014490372268483043,0.021404940634965897,91959,90334,-14.996482849121094,-14.920305252075195,-1.109375,-1.046875,10.546875,10.546875,127199,127199,9.349869728088379,0.0116831474006176,3.0698012665197894e-07
evq,8c28ff35b194afba23cd2d11a5d5c08f253f6d21d481d49a35752f310f3be612,8c28ff35,50.0,1,0,17,7322,-0.0078125,-0.015625,0.0078125,0.03125,-0.337245374917984,80868,16.48720359802246,0.0013582208193838596,0.001359432702884078,0.020717453211545944,46640,46208,-13.316380500793457,-13.298335075378418,1.0234375,1.03125,9.1640625,9.09375,86649,63075,9.151519775390625,0.015727916732430458,1.6472876041007112e-06
evq,8c28ff35b194afba23cd2d11a5d5c08f253f6d21d481d49a35752f310f3be612,8c28ff35,50.0,1,0,18,7322,0.0390625,0.03515625,0.00390625,0.02734375,0.8672024607658386,26531,15.851710319519043,0.0011835257755592465,0.0011815933976322412,0.018739737570285797,30202,30883,-12.537569999694824,-12.570484161376953,1.4921875,1.453125,8.3203125,8.359375,63102,63102,9.246561050415039,0.014739010483026505,3.5892403502657544e-06
evq,8c28ff35b194afba23cd2d11a5d5c08f253f6d21d481d49a35752f310f3be612,8c28ff35,50.0,1,0,19,7322,0.1328125,0.12109375,0.01171875,0.02734375,2.9870307445526123,570,16.010215759277344,0.0012152582639828324,0.001204676111228764,0.019723132252693176,22566,24736,-12.091765403747559,-12.20772933959961,2.0625,1.9296875,7.625,7.6953125,110041,110041,9.397575378417969,0.011484403163194656,5.605482328974176e-06
evq,8c28ff35b194afba23cd2d11a5d5c08f253f6d21d481d49a35752f310f3be612,8c28ff35,50.0,1,0,20,7322,0.140625,0.140625,0.0,0.046875,2.023472309112549,3247,25.58405113220215,0.0030050119385123253,0.003015935653820634,0.029630396515130997,17001,19010,-11.740533828735352,-11.877983093261719,2.359375,2.21875,8.640625,8.78125,51279,51279,9.25120735168457,0.045053333044052124,7.96436142991297e-06
evq,8c28ff35b194afba23cd2d11a5d5c08f253f6d21d481d49a35752f310f3be612,8c28ff35,50.0,1,0,21,7322,0.1640625,0.171875,-0.0078125,0.04296875,2.697963237762451,953,24.231586456298828,0.002837610896676779,0.002838755026459694,0.02976706624031067,27371,30743,-12.397546768188477,-12.568788528442383,1.84375,1.6796875,8.40625,8.5078125,32438,32438,9.267155647277832,0.018475735560059547,4.128704858885612e-06
evq,8c28ff35b194afba23cd2d11a5d5c08f253f6d21d481d49a35752f310f3be612,8c28ff35,50.0,1,0,22,7322,0.203125,0.208984375,-0.005859375,0.037109375,3.798448085784912,96,21.309497833251953,0.0021096887066960335,0.0021112544927746058,0.025392621755599976,3258,4138,-10.000946998596191,-10.206939697265625,4.0625,3.859375,6.6875,6.828125,51279,51279,9.44834041595459,0.0363905094563961,4.535695552476682e-05
evq,8c28ff35b194afba23cd2d11a5d5c08f253f6d21d481d49a35752f310f3be612,8c28ff35,50.0,1,0,23,7322,0.625,0.625,0.0,0.041015625,10.2779541015625,2,22.8479061126709,0.0027135603595525026,0.002684639533981681,0.02867584116756916,1733,3537,-9.435561180114746,-10.05482292175293,4.46875,3.84375,5.46875,5.96875,8714,8714,9.528802871704102,0.018933717161417007,7.98339897301048e-05
evq,8c28ff35b194afba23cd2d11a5d5c08f253f6d21d481d49a35752f310f3be612,8c28ff35,50.0,1,0,24,7322,0.625,0.625,0.0,0.0419921875,10.038931846618652,2,23.050661087036133,0.0025359871797263622,0.0025174925103783607,0.026472169905900955,619,1411,-8.823460578918457,-9.439395904541016,5.09375,4.46875,6.78125,7.40625,8714,8714,8.36595344543457,0.1297415941953659,0.00014723795175086707
evq,8c28ff35b194afba23cd2d11a5d5c08f253f6d21d481d49a35752f310f3be612,8c28ff35,50.0,1,0,25,7322,0.53125,0.5390625,-0.0078125,0.0390625,9.307971954345703,2,21.901161193847656,0.002760820323601365,0.0027429130859673023,0.028457552194595337,239,481,-7.905986785888672,-8.443632125854492,5.75,5.21875,3.6875,4.21875,8714,8714,9.466416358947754,0.01472090370953083,0.00036853060009889305
evq,8c28ff35b194afba23cd2d11a5d5c08f253f6d21d481d49a35752f310f3be612,8c28ff35,50.0,1,0,26,7322,0.53125,0.53125,0.0,0.0390625,9.173073768615723,1,22.3812313079834,0.0028831595554947853,0.0028311684727668762,0.029091928154230118,1159,2146,-9.175910949707031,-9.71111011505127,4.375,3.84375,6.3125,6.90625,8714,8714,8.999710083007812,0.05707377940416336,0.00010350289812777191
evq,8c28ff35b194afba23cd2d11a5d5c08f253f6d21d481d49a35752f310f3be612,8c28ff35,50.0,1,0,27,7322,0.546875,0.546875,0.0,0.0390625,9.442870140075684,1,21.75301742553711,0.0051385993137955666,0.00482361763715744,0.0336013063788414,956,1883,-9.033140182495117,-9.56633186340332,4.46875,3.921875,5.90625,6.453125,220,578,8.910988807678223,0.043853942304849625,0.00011938700481550768
evq,8c28ff35b194afba23cd2d11a5d5c08f253f6d21d481d49a35752f310f3be612,8c28ff35,50.0,1,0,28,7322,0.40625,0.40625,0.0,0.03515625,7.7941155433654785,3,20.42572021484375,0.006827348843216896,0.006402609404176474,0.035673171281814575,243,384,-8.26031494140625,-8.607208251953125,5.25,4.84375,6.4375,6.78125,922,922,7.010084629058838,0.16157026588916779,0.0002585775509942323
evq,8c28ff35b194afba23cd2d11a5d5c08f253f6d21d481d49a35752f310f3be612,8c28ff35,50.0,1,0,29,7322,0.40625,0.40625,0.0,0.03515625,7.7941155433654785,3,19.99224853515625,0.0042923553846776485,0.004046858288347721,0.030403252691030502,754,1203,-8.776556015014648,-9.165006637573242,4.875,4.46875,5.125,5.46875,922,922,9.06550121307373,0.0259507168084383,0.0001543086109450087
evq,8c28ff35b194afba23cd2d11a5d5c08f253f6d21d481d49a35752f310f3be612,8c28ff35,50.0,1,0,30,7322,0.34375,0.34375,0.0,0.03125,7.419398307800293,2,18.194028854370117,0.005986918695271015,0.006063640583306551,0.05187002569437027,360,520,-9.607612609863281,-9.852368354797363,5.6875,5.34375,9.0625,9.21875,220,220,3.0243353843688965,0.5797765254974365,6.72150999889709e-05
evq,8c28ff35b194afba23cd2d11a5d5c08f253f6d21d481d49a35752f310f3be612,8c28ff35,50.0,1,0,31,7322,0.34375,0.328125,0.015625,0.03125,7.0821533203125,1,17.51775550842285,0.0007932884618639946,0.0007776571437716484,0.015158147551119328,543,763,-9.725251197814941,-10.024904251098633,6.0,5.65625,9.1875,9.46875,220,220,3.335827350616455,0.5840600728988647,5.975538806524128e-05
evq,8c28ff35b194afba23cd2d11a5d5c08f253f6d21d481d49a35752f310f3be612,8c28ff35,50.0,1,1,0,12378,0.0,0.0,0.0,0.00390625,0.0,36083,2.832087755203247,6.788356404285878e-05,6.335085345199332e-05,0.002698733936995268,120735,120743,-17.065044403076172,-17.06485939025879,-3.453125,-3.453125,13.453125,13.453125,101068,101068,9.195024490356445,0.02699994668364525,3.879228671621604e-08
evq,8c28ff35b194afba23cd2d11a5d5c08f253f6d21d481d49a35752f310f3be612,8c28ff35,50.0,1,1,1,12378,0.0,0.0,0.0,0.0078125,0.0,57166,5.041379451751709,0.0002458178496453911,0.00024300107907038182,0.006460542790591717,125478,125465,-18.17814064025879,-18.177717208862305,-3.640625,-3.640625,15.078125,15.078125,43966,43966,8.806441307067871,0.045048508793115616,1.2744823862931298e-08
evq,8c28ff35b194afba23cd2d11a5d5c08f253f6d21d481d49a35752f310f3be612,8c28ff35,50.0,1,1,2,12378,-0.03125,-0.03125,0.0,0.015625,-1.348981499671936,112818,6.969017505645752,0.0003788824542425573,0.00038708519423380494,0.009893900714814663,122309,122117,-17.707544326782227,-17.680818557739258,-2.625,-2.59375,14.3125,14.21875,76084,76084,8.884176254272461,0.03353904187679291,2.0403806644253564e-08
evq,8c28ff35b194afba23cd2d11a5d5c08f253f6d21d481d49a35752f310f3be612,8c28ff35,50.0,1,1,3,12378,-0.03125,-0.029296875,-0.001953125,0.013671875,-1.4453374147415161,111787,7.097034454345703,0.00025930386618711054,0.0002653681440278888,0.008554184809327126,126504,126441,-18.635417938232422,-18.610334396362305,-3.9375,-3.90625,15.75,15.71875,63364,63364,8.721126556396484,0.055831436067819595,8.067534196243287e-09
evq,8c28ff35b194afba23cd2d11a5d5c08f253f6d21d481d49a35752f310f3be612,8c28ff35,50.0,1,1,4,12378,0.0,0.0,0.0,0.015625,0.0,41839,6.763395309448242,0.000269962998572737,0.0002604287292342633,0.00848586019128561,120861,120884,-17.01378631591797,-17.017871856689453,-2.796875,-2.796875,13.109375,13.109375,98933,98933,9.36178207397461,0.020152823999524117,4.083254623310495e-08
evq,8c28ff35b194afba23cd2d11a5d5c08f253f6d21d481d49a35752f310f3be612,8c28ff35,50.0,1,1,5,12378,0.0,0.0064697265625,-0.0064697265625,0.0111083984375,0.3928352892398834,36878,7.068357944488525,0.00036767590790987015,0.00037207372952252626,0.011032098904252052,124074,124086,-17.70987892150879,-17.721433639526367,-3.25,-3.25,14.875,14.9375,98933,98933,8.964137077331543,0.058725595474243164,2.0356228702667067e-08
evq,8c28ff35b194afba23cd2d11a5d5c08f253f6d21d481d49a35752f310f3be612,8c28ff35,50.0,1,1,6,12378,-0.015625,-0.0126953125,-0.0029296875,0.0126953125,-0.674490749835968,82382,7.581039905548096,0.00036935522803105414,0.0003564714570529759,0.010079430416226387,120670,120578,-16.926401138305664,-16.91561508178711,-2.859375,-2.84375,12.171875,12.15625,79623,79623,9.388144493103027,0.008612620644271374,4.456125424212587e-08
evq,8c28ff35b194afba23cd2d11a5d5c08f253f6d21d481d49a35752f310f3be612,8c28ff35,50.0,1,1,7,12378,-0.03125,-0.02734375,-0.00390625,0.01171875,-1.5738118886947632,108040,7.784607410430908,0.00044490693835541606,0.0004403828934300691,0.01095658354461193,123915,123786,-17.66930389404297,-17.64156723022461,-3.296875,-3.265625,14.609375,14.515625,107324,107324,9.051506996154785,0.04689104110002518,2.1199166866381347e-08
evq,8c28ff35b194afba23cd2d11a5d5c08f253f6d21d481d49a35752f310f3be612,8c28ff35,50.0,1,1,8,12378,-0.015625,-0.015625,0.0,0.015625,-0.674490749835968,93469,8.2217378616333,0.0005124210147187114,0.0005158033454790711,0.012065359391272068,110040,109772,-15.969684600830078,-15.95596981048584,-2.125,-2.109375,13.4375,13.484375,99074,99074,8.954708099365234,0.07948516309261322,1.1599895799463411e-07
evq,8c28ff35b194afba23cd2d11a5d5c08f253f6d21d481d49a35752f310f3be612,8c28ff35,50.0,1,1,9,12378,-0.046875,-0.046875,0.0,0.015625,-2.023472309112549,125551,8.280792236328125,0.0005046611768193543,0.0005045547732152045,0.012033402919769287,120446,120078,-17.0107364654541,-16.959684371948242,-2.765625,-2.71875,13.765625,13.65625,107324,107324,9.117623329162598,0.038964200764894485,4.09572713522266e-08
evq,8c28ff35b194afba23cd2d11a5d5c08f253f6d21d481d49a35752f310f3be612,8c28ff35,50.0,1,1,10,12378,0.55419921875,0.37646484375,0.177734375,0.376953125,0.6736171245574951,31815,203.62371826171875,0.23397032916545868,0.23617856204509735,0.2747768461704254,73746,83608,-14.437897682189941,-14.907554626464844,0.06982421875,-0.484375,11.74267578125,13.296875,107324,107324,8.9226655960083,0.0675274133682251,5.366618438529258e-07
evq,8c28ff35b194afba23cd2d11a5d5c08f253f6d21d481d49a35752f310f3be612,8c28ff35,50.0,1,1,11,12378,0.6015625,0.4765625,0.125,0.375,0.8571653962135315,25113,202.31130981445312,0.17140360176563263,0.17336536943912506,0.2296910583972931,38295,49393,-12.951766967773438,-13.398632049560547,1.453125,0.8515625,8.234375,8.6484375,106171,55089,9.358602523803711,0.00893846433609724,2.3720240278635174e-06
evq,8c28ff35b194afba23cd2d11a5d5c08f253f6d21d481d49a35752f310f3be612,8c28ff35,50.0,1,1,12,12378,0.296875,0.17578125,0.12109375,0.33203125,0.35708335041999817,45403,180.6474609375,0.13084670901298523,0.13108038902282715,0.19852396845817566,92360,96238,-15.198736190795898,-15.317337036132812,-1.015625,-1.3125,11.515625,11.625,78211,78211,9.076967239379883,0.025144629180431366,2.507683518615522e-07
evq,8c28ff35b194afba23cd2d11a5d5c08f253f6d21d481d49a35752f310f3be612,8c28ff35,50.0,1,1,13,12378,0.0625,-0.046875,0.109375,0.30859375,-0.1024542972445488,69094,168.6311798095703,0.12005976587533951,0.11902956664562225,0.19180437922477722,82970,81856,-14.811102867126465,-14.741242408752441,-0.37890625,-0.44140625,10.94140625,11.12890625,119,119,9.155725479125977,0.020864693447947502,3.6950450521544553e-07
evq,8c28ff35b194afba23cd2d11a5d5c08f253f6d21d481d49a35752f310f3be612,8c28ff35,50.0,1,1,14,12378,-0.025390625,-0.181640625,0.15625,0.296875,-0.41268184781074524,84350,162.23289489746094,0.1309822052717209,0.12493394315242767,0.19423195719718933,64930,59793,-14.109216690063477,-13.884347915649414,0.41796875,0.443359375,10.33203125,10.494140625,33389,55267,9.069031715393066,0.022887028753757477,7.454955266439356e-07
evq,8c28ff35b194afba23cd2d11a5d5c08f253f6d21d481d49a35752f310f3be612,8c28ff35,50.0,1,1,15,12378,-0.09375,-0.2578125,0.1640625,0.28125,-0.618283212184906,93427,152.92701721191406,0.10573048889636993,0.10356958210468292,0.18041503429412842,46723,40486,-13.36679458618164,-13.050365447998047,1.109375,1.203125,8.765625,8.734375,103593,55267,9.205875396728516,0.010040085762739182,1.5662997157050995e-06
evq,8c28ff35b194afba23cd2d11a5d5c08f253f6d21d481d49a35752f310f3be612,8c28ff35,50.0,1,1,16,12378,-0.0859375,-0.2109375,0.125,0.3046875,-0.46695515513420105,87749,164.5931396484375,0.12182877212762833,0.12011842429637909,0.19453150033950806,92961,88291,-15.049209594726562,-14.78963851928711,-1.1875,-1.1015625,10.25,10.1015625,103593,78832,9.427928924560547,0.008236250840127468,2.912133822974283e-07
evq,8c28ff35b194afba23cd2d11a5d5c08f253f6d21d481d49a35752f310f3be612,8c28ff35,50.0,1,1,17,12378,-0.265625,-0.40234375,0.13671875,0.27734375,-0.9784866571426392,106714,151.6951904296875,0.10464653372764587,0.1043538823723793,0.18230560421943665,113255,107620,-16.25967025756836,-15.818408966064453,-2.21875,-1.953125,12.40625,11.640625,103593,78832,9.313928604125977,0.021207058802247047,8.679904794917093e-08
evq,8c28ff35b194afba23cd2d11a5d5c08f253f6d21d481d49a35752f310f3be612,8c28ff35,50.0,1,1,18,12378,-0.2890625,-0.46484375,0.17578125,0.28515625,-1.0995123386383057,110867,153.91473388671875,0.11076928675174713,0.11008156090974808,0.1873316466808319,109277,101311,-15.95987319946289,-15.445024490356445,-1.796875,-1.5078125,11.109375,11.0703125,78832,78832,9.349538803100586,0.007824474945664406,1.17142676003823e-07
evq,8c28ff35b194afba23cd2d11a5d5c08f253f6d21d481d49a35752f310f3be612,8c28ff35,50.0,1,1,19,12378,-0.296875,-0.53125,0.234375,0.2900390625,-1.2354309558868408,113928,157.5409393310547,0.1085415631532669,0.10727516561746597,0.18322846293449402,113107,105289,-16.205322265625,-15.611783981323242,-1.984375,-1.6875,11.984375,11.125,53450,82063,9.299925804138184,0.014684727415442467,9.164693892671494e-08
evq,8c28ff35b194afba23cd2d11a5d5c08f253f6d21d481d49a35752f310f3be612,8c28ff35,50.0,1,1,20,12378,0.109375,-0.08984375,0.19921875,0.271484375,-0.22321277856826782,74884,148.73626708984375,0.09658188372850418,0.09650199115276337,0.17402192950248718,119952,119228,-16.753833770751953,-16.6275577545166,-2.625,-2.734375,12.4375,12.484375,100309,100309,9.442126274108887,0.013348746113479137,5.2954447937736404e-08
evq,8c28ff35b194afba23cd2d11a5d5c08f253f6d21d481d49a35752f310f3be612,8c28ff35,50.0,1,1,21,12378,0.0625,-0.03125,0.09375,0.25390625,-0.08301424980163574,67770,139.1513671875,0.08528079092502594,0.08655375987291336,0.16460764408111572,122624,122413,-17.10650634765625,-17.06169891357422,-3.015625,-3.078125,12.578125,12.203125,50591,100309,9.441823959350586,0.010798150673508644,3.721677188650574e-08
evq,8c28ff35b194afba23cd2d11a5d5c08f253f6d21d481d49a35752f310f3be612,8c28ff35,50.0,1,1,22,12378,0.171875,0.1328125,0.0390625,0.2265625,0.3953911364078522,44177,123.29834747314453,0.06857521831989288,0.06970009207725525,0.14713244140148163,117745,118945,-16.191326141357422,-16.336992263793945,-2.40625,-2.578125,11.28125,11.828125,63182,87274,9.737009048461914,0.007371930405497551,9.293866298776265e-08
evq,8c28ff35b194afba23cd2d11a5d5c08f253f6d21d481d49a35752f310f3be612,8c28ff35,50.0,1,1,23,12378,0.203125,0.1640625,0.0390625,0.21875,0.5058680772781372,38605,118.21000671386719,0.06440374255180359,0.065760537981987,0.14309696853160858,114867,116796,-15.98507022857666,-16.17767333984375,-2.171875,-2.375,11.671875,11.75,27444,27444,9.649148941040039,0.013390694744884968,1.1422790180404263e-07
evq,8c28ff35b194afba23cd2d11a5d5c08f253f6d21d481d49a35752f310f3be612,8c28ff35,50.0,1,1,24,12378,0.1171875,0.0703125,0.046875,0.21875,0.21680061519145966,52301,117.49537658691406,0.06256213039159775,0.06338190287351608,0.13985322415828705,94779,96303,-14.90969467163086,-15.013050079345703,-1.328125,-1.4453125,10.578125,10.8203125,69682,37673,9.648321151733398,0.0131469015032053,3.348126824676001e-07
evq,8c28ff35b194afba23cd2d11a5d5c08f253f6d21d481d49a35752f310f3be612,8c28ff35,50.0,1,1,25,12378,0.4765625,0.46484375,0.01171875,0.2080078125,1.5073127746582031,9073,115.5101318359375,0.06323523819446564,0.06120811030268669,0.13568855822086334,14811,21756,-11.411221504211426,-11.903242111206055,1.8671875,1.390625,6.3203125,7.109375,69682,435,9.716025352478027,0.0061524249613285065,1.1070556865888648e-05
evq,8c28ff35b194afba23cd2d11a5d5c08f253f6d21d481d49a35752f310f3be612,8c28ff35,50.0,1,1,26,12378,0.5625,0.515625,0.046875,0.2109375,1.6487551927566528,6637,116.01799011230469,0.07161319255828857,0.06825193762779236,0.14031895995140076,3410,6077,-9.953902244567871,-10.516706466674805,3.09375,2.53125,4.875,6.21875,69682,435,9.665760040283203,0.006226740777492523,4.754175097332336e-05
evq,8c28ff35b194afba23cd2d11a5d5c08f253f6d21d481d49a35752f310f3be612,8c28ff35,50.0,1,1,27,12378,0.5625,0.484375,0.078125,0.203125,1.6084010601043701,7126,111.38408660888672,0.06411811709403992,0.06309367716312408,0.13312599062919617,319,675,-8.111536026000977,-8.663050651550293,4.90625,4.34375,4.34375,4.84375,578,578,9.461673736572266,0.023103145882487297,0.00030005761072970927
evq,8c28ff35b194afba23cd2d11a5d5c08f253f6d21d481d49a35752f310f3be612,8c28ff35,50.0,1,1,28,12378,0.65625,0.59375,0.0625,0.1875,2.135887622833252,2201,100.70662689208984,0.052791859954595566,0.053608085960149765,0.12748786807060242,266,609,-7.942558288574219,-8.59189510345459,4.71875,4.0625,4.90625,5.25,578,578,9.144142150878906,0.04801180958747864,0.0003552963607944548
evq,8c28ff35b194afba23cd2d11a5d5c08f253f6d21d481d49a35752f310f3be612,8c28ff35,50.0,1,1,29,12378,0.53125,0.46875,0.0625,0.171875,1.8395203351974487,4603,94.78269958496094,0.043547119945287704,0.043191712349653244,0.1165582537651062,230,450,-7.755508899688721,-8.260631561279297,5.3125,4.78125,3.125,3.90625,36554,15,9.332256317138672,0.009749796241521835,0.00042837613727897406
evq,8c28ff35b194afba23cd2d11a5d5c08f253f6d21d481d49a35752f310f3be612,8c28ff35,50.0,1,1,30,12378,0.625,0.5625,0.0625,0.1640625,2.31253981590271,1614,89.96920013427734,0.07030780613422394,0.06943181157112122,0.15232139825820923,309,552,-8.796745300292969,-9.447829246520996,5.53125,4.90625,6.53125,6.84375,19664,19664,5.262594699859619,0.10377862304449081,0.0001512244634795934
evq,8c28ff35b194afba23cd2d11a5d5c08f253f6d21d481d49a35752f310f3be612,8c28ff35,50.0,1,1,31,12378,0.4375,0.34375,0.09375,0.1328125,1.7457408905029297,5558,72.812255859375,0.054907094687223434,0.057673342525959015,0.14218464493751526,440,642,-9.056575775146484,-9.426674842834473,5.5,5.0625,7.0625,7.0625,13,13,5.646671295166016,0.1361394226551056,0.00011662163160508499
evq,8c28ff35b194afba23cd2d11a5d5c08f253f6d21d481d49a35752f310f3be612,8c28ff35,50.0,1,2,0,3487,-0.015625,-0.015625,0.0,0.0068359375,-1.5416932106018066,111400,3.5861876010894775,9.842163126450032e-05,9.517170838080347e-05,0.004185245838016272,6390,6303,-10.715153694152832,-10.70175552368164,2.953125,2.96875,7.734375,7.71875,27842,27842,8.950489044189453,0.050753310322761536,2.2205873392522335e-05
evq,8c28ff35b194afba23cd2d11a5d5c08f253f6d21d481d49a35752f310f3be612,8c28ff35,50.0,1,2,1,3487,0.0,0.0,0.0,0.0078125,0.0,49534,5.297274589538574,0.00016184373816940933,0.0001611672923900187,0.00523011339828372,16630,16624,-11.864079475402832,-11.864298820495605,2.625,2.625,9.5,9.5,83856,83856,8.681694030761719,0.09403584897518158,7.03875321050873e-06
evq,8c28ff35b194afba23cd2d11a5d5c08f253f6d21d481d49a35752f310f3be612,8c28ff35,50.0,1,2,2,3487,0.015625,0.0185546875,-0.0029296875,0.0126953125,0.985794186592102,8816,6.110012054443359,0.0003408704069443047,0.00035172601928934455,0.010156538337469101,47948,48445,-13.580839157104492,-13.606061935424805,1.2734375,1.2578125,10.4140625,10.4296875,71497,71497,8.760743141174316,0.04213918745517731,1.2644932212424465e-06
evq,8c28ff35b194afba23cd2d11a5d5c08f253f6d21d481d49a35752f310f3be612,8c28ff35,50.0,1,2,3,3487,0.0,0.0078125,-0.0078125,0.01171875,0.4496605396270752,35847,6.941042900085449,0.00019123739912174642,0.0001866237143985927,0.0068609584122896194,30271,30398,-12.971052169799805,-12.976253509521484,1.7421875,1.7421875,11.7578125,11.7578125,63364,63364,7.05647087097168,0.2972326874732971,2.3267173219210235e-06
evq,8c28ff35b194afba23cd2d11a5d5c08f253f6d21d481d49a35752f310f3be612,8c28ff35,50.0,1,2,4,3487,0.0078125,0.01953125,-0.01171875,0.01171875,1.124151349067688,18779,7.355076789855957,0.00033211542177014053,0.0003256149066146463,0.01022019237279892,26532,26872,-12.25635051727295,-12.275373458862305,1.6796875,1.671875,8.3828125,8.328125,63364,63364,9.50265884399414,0.02078469842672348,4.754825567943044e-06
evq,8c28ff35b194afba23cd2d11a5d5c08f253f6d21d481d49a35752f310f3be612,8c28ff35,50.0,1,2,5,3487,0.015625,0.015625,0.0,0.015625,0.674490749835968,18760,7.24784517288208,0.0002786502300295979,0.0002812759776134044,0.008777117356657982,37203,37582,-12.813116073608398,-12.831449508666992,1.234375,1.21875,7.953125,7.96875,43826,43826,9.515094757080078,0.0077505530789494514,2.72479837803985e-06
evq,8c28ff35b194afba23cd2d11a5d5c08f253f6d21d481d49a35752f310f3be612,8c28ff35,50.0,1,2,6,3487,0.0,0.0,0.0,0.015625,0.0,57932,7.61288595199585,0.0002845634298864752,0.00028588302666321397,0.008790957741439342,32071,32052,-12.514941215515137,-12.513168334960938,1.25,1.25,7.9375,7.9375,10591,10591,9.55988883972168,0.010281169787049294,3.671386366477236e-06
evq,8c28ff35b194afba23cd2d11a5d5c08f253f6d21d481d49a35752f310f3be612,8c28ff35,50.0,1,2,7,3487,0.0,0.0,0.0,0.015625,0.0,61971,8.134395599365234,0.00035317588481120765,0.0003475401899777353,0.009648765437304974,32691,32668,-12.628623962402344,-12.626444816589355,1.4921875,1.4921875,9.2578125,9.2578125,107324,107324,9.322134971618652,0.03436173498630524,3.27686302625807e-06
evq,8c28ff35b194afba23cd2d11a5d5c08f253f6d21d481d49a35752f310f3be612,8c28ff35,50.0,1,2,8,3487,-0.015625,-0.0191650390625,0.0035400390625,0.0179443359375,-0.7203744649887085,96438,9.05946159362793,0.0004738722927868366,0.00047941162483766675,0.011729408986866474,16080,15803,-11.624792098999023,-11.606589317321777,2.078125,2.09375,8.296875,8.34375,37158,37158,9.29434585571289,0.03586772084236145,8.941635314840823e-06
evq,8c28ff35b194afba23cd2d11a5d5c08f253f6d21d481d49a35752f310f3be612,8c28ff35,50.0,1,2,9,3487,-0.03125,-0.0390625,0.0078125,0.017578125,-1.4988683462142944,116284,9.64363956451416,0.0005013701156713068,0.0004987404681742191,0.012672672048211098,40150,39263,-12.953386306762695,-12.911954879760742,1.0078125,1.0390625,8.8046875,8.7734375,107324,107324,9.369928359985352,0.01578494906425476,2.3681859602220356e-06
evq,8c28ff35b194afba23cd2d11a5d5c08f253f6d21d481d49a35752f310f3be612,8c28ff35,50.0,1,2,10,3487,-0.6640625,-0.8935546875,0.2294921875,0.3388671875,-1.778556227684021,122901,184.84417724609375,0.16628146171569824,0.1625414788722992,0.23245969414710999,47424,27406,-13.383007049560547,-12.570518493652344,0.765625,1.4296875,10.609375,10.6328125,107324,107324,8.874988555908203,0.0624348409473896,1.541110918878985e-06
evq,8c28ff35b194afba23cd2d11a5d5c08f253f6d21d481d49a35752f310f3be612,8c28ff35,50.0,1,2,11,3487,-0.46875,-0.759765625,0.291015625,0.369140625,-1.3882375955581665,117209,200.54165649414062,0.156675785779953,0.15775901079177856,0.21631768345832825,20368,10915,-11.95319652557373,-11.155256271362305,2.109375,2.578125,8.015625,7.234375,39068,39068,9.437052726745605,0.019495496526360512,6.438618584070355e-06
evq,8c28ff35b194afba23cd2d11a5d5c08f253f6d21d481d49a35752f310f3be612,8c28ff35,50.0,1,2,12,3487,-0.69921875,-0.93359375,0.234375,0.34375,-1.8318556547164917,123399,188.7490234375,0.14525924623012543,0.14462798833847046,0.21359078586101532,70449,46338,-14.16752815246582,-13.184922218322754,-0.302734375,0.396484375,9.677734375,8.853515625,78211,1108,9.345685958862305,0.0112229585647583,7.032677444840374e-07
evq,8c28ff35b194afba23cd2d11a5d5c08f253f6d21d481d49a35752f310f3be612,8c28ff35,50.0,1,2,13,3487,-0.68359375,-0.90234375,0.21875,0.341796875,-1.7806557416915894,123131,185.0431365966797,0.1507900059223175,0.1515640914440155,0.21285457909107208,97492,77369,-15.356281280517578,-14.390669822692871,-1.296875,-0.61328125,11.234375,10.42578125,119,119,9.295049667358398,0.016213584691286087,2.1421593032755482e-07
evq,8c28ff35b194afba23cd2d11a5d5c08f253f6d21d481d49a35752f310f3be612,8c28ff35,50.0,1,2,14,3487,-1.4609375,-1.7822265625,0.3212890625,0.3662109375,-3.2825217247009277,128119,198.77325439453125,0.17020824551582336,0.16961033642292023,0.22647356986999512,113408,80556,-16.42392349243164,-14.549957275390625,-2.03125,-0.5703125,12.09375,10.3203125,109909,21114,9.294647216796875,0.013165250420570374,7.365134280234997e-08
evq,8c28ff35b194afba23cd2d11a5d5c08f253f6d21d481d49a35752f310f3be612,8c28ff35,50.0,1,2,15,3487,-0.65234375,-0.83984375,0.1875,0.375,-1.5105783939361572,119388,204.75953674316406,0.18650123476982117,0.1853148192167282,0.2358059585094452,106398,90654,-15.910455703735352,-15.00531005859375,-1.5234375,-0.87109375,11.0234375,10.37109375,54303,15697,9.295422554016113,0.007543887011706829,1.2307700103519892e-07
evq,8c28ff35b194afba23cd2d11a5d5c08f253f6d21d481d49a35752f310f3be612,8c28ff35,50.0,1,2,16,3487,0.828125,0.69921875,0.12890625,0.41796875,1.1283537149429321,16914,228.6824188232422,0.2401372343301773,0.24224022030830383,0.26796266436576843,86260,101399,-14.745064735412598,-15.407812118530273,-0.9609375,-1.7890625,9.8984375,10.2890625,82167,82167,9.36909294128418,0.00785482581704855,3.9472965340792143e-07
evq,8c28ff35b194afba23cd2d11a5d5c08f253f6d21d481d49a35752f310f3be612,8c28ff35,50.0,1,2,17,3487,1.01953125,0.81640625,0.203125,0.39453125,1.395728349685669,11004,217.2530059814453,0.2525666356086731,0.25858789682388306,0.2740587592124939,58572,79853,-13.869659423828125,-14.649417877197266,0.6171875,-0.40234375,9.6328125,11.46484375,73338,98516,9.07016372680664,0.014453091658651829,9.472910846852756e-07
evq,8c28ff35b194afba23cd2d11a5d5c08f253f6d21d481d49a35752f310f3be612,8c28ff35,50.0,1,2,18,3487,1.3740234375,1.0849609375,0.2890625,0.40625,1.8013442754745483,5271,221.7718963623047,0.2646535634994507,0.25355321168899536,0.280069500207901,42396,70717,-13.281537055969238,-14.223800659179688,1.2265625,-0.1474609375,9.7109375,9.8974609375,40319,96428,8.932500839233398,0.02813897840678692,1.7056964907169458e-06
evq,8c28ff35b194afba23cd2d11a5d5c08f253f6d21d481d49a35752f310f3be612,8c28ff35,50.0,1,2,19,3487,1.8359375,1.45703125,0.37890625,0.4208984375,2.3348960876464844,1882,229.63584899902344,0.25540196895599365,0.24725648760795593,0.27383720874786377,31287,67105,-12.697990417480469,-14.00031852722168,1.8828125,0.046875,7.9921875,9.015625,81475,85374,9.168993949890137,0.0090426504611969,3.057263256778242e-06
evq,8c28ff35b194afba23cd2d11a5d5c08f253f6d21d481d49a35752f310f3be612,8c28ff35,50.0,1,2,20,3487,1.76171875,1.310546875,0.451171875,0.427734375,2.0665905475616455,2956,230.29869079589844,0.2864515781402588,0.2682279646396637,0.28451186418533325,27002,57473,-12.471086502075195,-13.606762886047363,2.3125,0.55078125,8.9375,8.19921875,69868,81475,9.068035125732422,0.029199987649917603,3.835976713162381e-06
evq,8c28ff35b194afba23cd2d11a5d5c08f253f6d21d481d49a35752f310f3be612,8c28ff35,50.0,1,2,21,3487,1.986328125,1.595703125,0.390625,0.40625,2.6493217945098877,846,221.7045135498047,0.22571693360805511,0.22104942798614502,0.2619739770889282,23965,61008,-12.276890754699707,-13.741052627563477,2.40625,0.419921875,7.65625,8.705078125,16196,5760,9.210476875305176,0.009846484288573265,4.658156740333652e-06
evq,8c28ff35b194afba23cd2d11a5d5c08f253f6d21d481d49a35752f310f3be612,8c28ff35,50.0,1,2,22,3487,1.734375,1.3671875,0.3671875,0.375,2.4590811729431152,1206,203.36959838867188,0.2125483900308609,0.2679656744003296,0.24939653277397156,7097,23955,-10.7111177444458,-12.072232246398926,3.46875,1.734375,6.40625,8.453125,16196,13783,9.529529571533203,0.013502671383321285,2.2295676899375394e-05
evq,8c28ff35b194afba23cd2d11a5d5c08f253f6d21d481d49a35752f310f3be612,8c28ff35,50.0,1,2,23,3487,2.03125,1.704345703125,0.326904296875,0.35491943359375,3.238947868347168,154,192.51004028320312,0.1799146682024002,0.19910301268100739,0.2315957248210907,8820,36383,-10.900074005126953,-12.606664657592773,3.171875,1.140625,7.140625,7.984375,27444,13783,9.608327865600586,0.02329658344388008,1.845686711021699e-05
evq,8c28ff35b194afba23cd2d11a5d5c08f253f6d21d481d49a35752f310f3be612,8c28ff35,50.0,1,2,24,3487,2.2578125,1.9652099609375,0.2926025390625,0.3629150390625,3.652414083480835,56,196.6522216796875,0.186496764421463,0.2012808620929718,0.23711591958999634,6009,33292,-10.519433975219727,-12.498880386352539,3.3125,1.0546875,5.75,7.4453125,27444,13783,9.646671295166016,0.008485177531838417,2.700647382880561e-05
evq,8c28ff35b194afba23cd2d11a5d5c08f253f6d21d481d49a35752f310f3be612,8c28ff35,50.0,1,2,25,3487,2.34375,2.0625,0.28125,0.34375,4.046944618225098,16,185.23512268066406,0.1684846431016922,0.18323299288749695,0.2247462272644043,1410,13996,-9.264532089233398,-11.381071090698242,4.28125,1.9375,4.84375,6.375,127436,4725,9.694217681884766,0.012024817988276482,9.472505189478397e-05
evq,8c28ff35b194afba23cd2d11a5d5c08f253f6d21d481d49a35752f310f3be612,8c28ff35,50.0,1,2,26,3487,2.5234375,2.265625,0.2578125,0.337890625,4.522596836090088,6,185.52542114257812,0.17652301490306854,0.19349829852581024,0.2289697676897049,1497,16782,-9.30685806274414,-11.652132034301758,4.03125,1.5078125,5.28125,7.3046875,127436,435,9.573965072631836,0.017852574586868286,9.079938172362745e-05
evq,8c28ff35b194afba23cd2d11a5d5c08f253f6d21d481d49a35752f310f3be612,8c28ff35,50.0,1,2,27,3487,2.03125,1.796875,0.234375,0.33266448974609375,3.6432368755340576,68,183.14974975585938,0.17697671055793762,0.18338069319725037,0.23283077776432037,126,1411,-7.359401226043701,-9.27065658569336,5.84375,3.8125,2.71875,5.375,578,578,9.47262954711914,0.009651410393416882,0.000636579527053982
evq,8c28ff35b194afba23cd2d11a5d5c08f253f6d21d481d49a35752f310f3be612,8c28ff35,50.0,1,2,28,3487,2.1875,1.9609375,0.2265625,0.3203125,4.129199504852295,19,174.00161743164062,0.18305009603500366,0.1744706928730011,0.22722460329532623,31,500,-6.403878211975098,-8.425599098205566,6.5,4.3125,2.1875,4.8125,578,578,9.27936840057373,0.014751976355910301,0.001655125874094665
evq,8c28ff35b194afba23cd2d11a5d5c08f253f6d21d481d49a35752f310f3be612,8c28ff35,50.0,1,2,29,3487,1.71875,1.62109375,0.09765625,0.29296875,3.732182264328003,60,159.60693359375,0.1819419264793396,0.1638791561126709,0.2203245759010315,40,308,-6.454582691192627,-7.961724758148193,6.84375,5.125,2.34375,2.875,5547,24,9.028115272521973,0.016394117847085,0.0015732956817373633
evq,8c28ff35b194afba23cd2d11a5d5c08f253f6d21d481d49a35752f310f3be612,8c28ff35,50.0,1,2,30,3487,1.53125,1.3671875,0.1640625,0.2890625,3.1901590824127197,210,157.84461975097656,0.15976165235042572,0.14891132712364197,0.21503396332263947,36,103,-5.805291175842285,-7.217840194702148,8.125,6.59375,3.0,4.40625,11,19664,6.534505844116211,0.06048915535211563,0.0030115777626633644
evq,8c28ff35b194afba23cd2d11a5d5c08f253f6d21d481d49a35752f310f3be612,8c28ff35,50.0,1,2,31,3487,0.96875,1.0234375,-0.0546875,0.2109375,3.272529125213623,172,113.95712280273438,0.053779974579811096,0.055178672075271606,0.12581941485404968,76,197,-6.924195766448975,-7.871785640716553,6.90625,5.9375,4.59375,5.375,13,13,6.317442893981934,0.09725238382816315,0.0009836938697844744
geo,6cd995c675a4a2ebe7e28c6753b5f14fcbaf8f380ac18f8c7f7218e0e55ff4b8,6cd995c6,10.0,1,0,0,24963,0.03125,0.03125,0.0,0.0078125,2.697962999343872,651,5.398142337799072,0.00019725246238522232,0.0001938999048434198,0.006942432373762131,126323,126393,-18.01250648498535,-18.047489166259766,-4.125,-4.15625,14.5625,14.59375,47523,47523,9.323042869567871,0.03174543008208275,1.5040692247225707e-08
geo,6cd995c675a4a2ebe7e28c6753b5f14fcbaf8f380ac18f8c7f7218e0e55ff4b8,6cd995c6,10.0,1,0,1,24963,0.0078125,0.0,0.0078125,0.0078125,0.0,54400,4.062636852264404,9.639321069698781e-05,8.274292486021295e-05,0.005265304818749428,57535,57462,-12.49339771270752,-12.486869812011719,1.0703125,1.0625,6.6484375,6.625,12451,12451,10.789629936218262,0.0028944499790668488,3.751338908841717e-06
geo,6cd995c675a4a2ebe7e28c6753b5f14fcbaf8f380ac18f8c7f7218e0e55ff4b8,6cd995c6,10.0,1,0,2,24963,0.0078125,0.0078125,0.0,0.015625,0.337245374917984,42878,7.337272644042969,0.0002815536572597921,0.00027857066015712917,0.009266051463782787,51209,51423,-12.39301586151123,-12.395756721496582,1.203125,1.1953125,6.796875,6.8671875,12451,12451,10.702017784118652,0.003712161909788847,4.147454092162661e-06
geo,6cd995c675a4a2ebe7e28c6753b5f14fcbaf8f380ac18f8c7f7218e0e55ff4b8,6cd995c6,10.0,1,0,3,24963,0.0625,0.06640625,-0.00390625,0.01953125,2.2932684421539307,1616,11.411849021911621,0.0006249128491617739,0.0006229259888641536,0.014097912237048149,18387,19532,-11.36085319519043,-11.410247802734375,2.21875,2.15625,5.78125,5.8125,58812,58812,10.573089599609375,0.003774062730371952,1.1642443496384658e-05
geo,6cd995c675a4a2ebe7e28c6753b5f14fcbaf8f380ac18f8c7f7218e0e55ff4b8,6cd995c6,10.0,1,0,4,24963,0.046875,0.046875,0.0,0.0234375,1.3489816188812256,8319,12.920562744140625,0.0007817166042514145,0.0007875061128288507,0.015807993710041046,21179,21975,-11.524868965148926,-11.554244041442871,2.15625,2.109375,6.09375,6.078125,63075,63075,10.481001853942871,0.004378193989396095,9.881275218504015e-06
geo,6cd995c675a4a2ebe7e28c6753b5f14fcbaf8f380ac18f8c7f7218e0e55ff4b8,6cd995c6,10.0,1,0,5,24963,0.015625,0.01953125,-0.00390625,0.02734375,0.4817791283130646,34137,14.17737865447998,0.0009555453434586525,0.0009619666961953044,0.017415715381503105,49088,49660,-12.581523895263672,-12.57790756225586,1.1484375,1.1328125,7.4765625,7.4921875,63075,63075,10.380842208862305,0.006066576112061739,3.4348959161434323e-06
geo,6cd995c675a4a2ebe7e28c6753b5f14fcbaf8f380ac18f8c7f7218e0e55ff4b8,6cd995c6,10.0,1,0,6,24963,0.015625,0.015625,0.0,0.029296875,0.3597283959388733,41295,14.945894241333008,0.0011297533055767417,0.0011270600371062756,0.018214493989944458,59081,59556,-12.948908805847168,-12.933168411254883,0.8984375,0.8828125,8.1640625,7.9921875,124107,63075,10.275845527648926,0.008355407975614071,2.3788134058122523e-06
geo,6cd995c675a4a2ebe7e28c6753b5f14fcbaf8f380ac18f8c7f7218e0e55ff4b8,6cd995c6,10.0,1,0,7,24963,-0.024261474609375,-0.024261474609375,0.0,0.03125,-0.5236524939537048,92335,17.629621505737305,0.0015259592328220606,0.0015182080678641796,0.021884135901927948,90955,90463,-14.129434585571289,-14.064958572387695,-0.006805419921875,0.0174560546875,8.944305419921875,8.9825439453125,63075,63075,10.13400650024414,0.005599210970103741,7.305745270969055e-07
geo,6cd995c675a4a2ebe7e28c6753b5f14fcbaf8f380ac18f8c7f7218e0e55ff4b8,6cd995c6,10.0,1,0,8,24963,-0.05059814453125,-0.05059814453125,0.0,0.03125,-1.0920953750610352,108093,19.05810546875,0.001811691327020526,0.001812242902815342,0.023484010249376297,91938,90742,-14.191141128540039,-14.10464859008789,-0.042724609375,0.00787353515625,9.417724609375,9.49212646484375,63075,63075,10.085649490356445,0.008451459929347038,6.868560262773826e-07
geo,6cd995c675a4a2ebe7e28c6753b5f14fcbaf8f380ac18f8c7f7218e0e55ff4b8,6cd995c6,10.0,1,0,9,24963,-0.0390625,-0.03125,-0.0078125,0.0390625,-0.5395926237106323,89022,20.393781661987305,0.001915562548674643,0.0019206814467906952,0.024698030203580856,57006,56020,-13.076364517211914,-13.015225410461426,0.9375,0.9765625,8.6875,8.7109375,63075,63075,10.024837493896484,0.012414824217557907,2.09414633900451e-06
geo,6cd995c675a4a2ebe7e28c6753b5f14fcbaf8f380ac18f8c7f7218e0e55ff4b8,6cd995c6,10.0,1,0,10,24963,-0.03125,-0.022216796875,-0.009033203125,0.040283203125,-0.3719918727874756,79094,22.24767303466797,0.0024556198623031378,0.0024513304233551025,0.027169931679964066,49331,48562,-12.898273468017578,-12.841135025024414,1.1953125,1.2265625,8.1171875,8.2734375,63075,63075,9.957717895507812,0.008386882022023201,2.502366896806052e-06
geo,6cd995c675a4a2ebe7e28c6753b5f14fcbaf8f380ac18f8c7f7218e0e55ff4b8,6cd995c6,10.0,1,0,11,24963,-0.0234375,-0.0234375,0.0,0.04296875,-0.36790406703948975,78934,22.751323699951172,0.0024263306986540556,0.002432251814752817,0.027092019096016884,66774,66187,-13.527528762817383,-13.467166900634766,0.66015625,0.68359375,8.90234375,8.69140625,124498,124498,9.888656616210938,0.009801845997571945,1.3337330528884195e-06
geo,6cd995c675a4a2ebe7e28c6753b5f14fcbaf8f380ac18f8c7f7218e0e55ff4b8,6cd995c6,10.0,1,0,12,24963,-0.0927734375,-0.0888671875,-0.00390625,0.04296875,-1.3949695825576782,116371,22.801061630249023,0.0026795268058776855,0.002658475423231721,0.02886873111128807,87650,85513,-14.294010162353516,-14.158748626708984,-0.236328125,-0.1435546875,9.236328125,8.9560546875,99796,99796,9.797330856323242,0.006360288243740797,6.197125230755773e-07
geo,6cd995c675a4a2ebe7e28c6753b5f14fcbaf8f380ac18f8c7f7218e0e55ff4b8,6cd995c6,10.0,1,0,13,24963,-0.0869140625,-0.0869140625,0.0,0.046875,-1.2506183385849,115747,23.749279022216797,0.0031059575267136097,0.0031025907956063747,0.031202945858240128,72850,70474,-13.809640884399414,-13.667831420898438,0.1611328125,0.248046875,8.7763671875,8.501953125,99796,63075,9.70078182220459,0.006517442408949137,1.0058869293061434e-06
geo,6cd995c675a4a2ebe7e28c6753b5f14fcbaf8f380ac18f8c7f7218e0e55ff4b8,6cd995c6,10.0,1,0,14,24963,-0.0703125,-0.0546875,-0.015625,0.046875,-0.7869059443473816,100111,25.63254165649414,0.0029478364158421755,0.0029529130551964045,0.03066900745034218,44114,42282,-12.814496994018555,-12.710132598876953,0.9453125,1.015625,8.2421875,8.109375,71326,71326,9.751745223999023,0.010334070771932602,2.7210385269427206e-06
geo,6cd995c675a4a2ebe7e28c6753b5f14fcbaf8f380ac18f8c7f7218e0e55ff4b8,6cd995c6,10.0,1,0,15,24963,-0.0703125,-0.0703125,0.0,0.046875,-1.0117361545562744,105285,26.958492279052734,0.0035477899946272373,0.003542415564879775,0.03383273258805275,44501,42348,-12.98440933227539,-12.859170913696289,1.125,1.1953125,9.0,8.7421875,85386,85386,9.452417373657227,0.018603438511490822,2.2958456611377187e-06
geo,6cd995c675a4a2ebe7e28c6753b5f14fcbaf8f380ac18f8c7f7218e0e55ff4b8,6cd995c6,10.0,1,0,16,24963,-0.0703125,-0.06298828125,-0.00732421875,0.05224609375,-0.8131710886955261,102199,27.486351013183594,0.004388710483908653,0.0043286411091685295,0.03683106601238251,61696,59681,-13.5853271484375,-13.458789825439453,0.357421875,0.427734375,10.392578125,10.072265625,85386,85386,9.297049522399902,0.04105885326862335,1.2588309346028836e-06
geo,6cd995c675a4a2ebe7e28c6753b5f14fcbaf8f380ac18f8c7f7218e0e55ff4b8,6cd995c6,10.0,1,0,17,24963,-0.1015625,-0.09765625,-0.00390625,0.05078125,-1.2970975637435913,115233,26.968887329101562,0.0033174895215779543,0.0033223142381757498,0.03244598209857941,54718,51675,-13.239234924316406,-13.097118377685547,0.60546875,0.70703125,9.33203125,9.10546875,85386,85386,9.510839462280273,0.02009662427008152,1.7793989854908432e-06
geo,6cd995c675a4a2ebe7e28c6753b5f14fcbaf8f380ac18f8c7f7218e0e55ff4b8,6cd995c6,10.0,1,0,18,24963,-0.0859375,-0.0859375,0.0,0.048828125,-1.1871037483215332,109937,27.54253387451172,0.003623941447585821,0.003617812879383564,0.034425556659698486,48887,45903,-13.002908706665039,-12.878087997436523,0.67578125,0.76171875,9.26171875,9.05078125,85386,85386,9.57328987121582,0.023725854232907295,2.253764250781387e-06
geo,6cd995c675a4a2ebe7e28c6753b5f14fcbaf8f380ac18f8c7f7218e0e55ff4b8,6cd995c6,10.0,1,0,19,24963,-0.06591796875,-0.06591796875,0.0,0.046875,-0.9485027194023132,103592,26.721508026123047,0.003322659758850932,0.0033247910905629396,0.03239880129694939,69712,67781,-13.565041542053223,-13.469066619873047,-0.158203125,-0.09228515625,9.220703125,9.02978515625,85386,85386,9.752913475036621,0.012980092316865921,1.284627842323971e-06
geo,6cd995c675a4a2ebe7e28c6753b5f14fcbaf8f380ac18f8c7f7218e0e55ff4b8,6cd995c6,10.0,1,0,20,24963,0.017578125,0.01171875,0.005859375,0.048828125,0.16187778115272522,54739,27.18216896057129,0.0036121183075010777,0.00359668442979455,0.03366395831108093,62007,62323,-13.30130386352539,-13.272167205810547,0.20703125,0.189453125,8.85546875,8.623046875,124498,124498,9.803377151489258,0.011727308854460716,1.6723113276384538e-06
geo,6cd995c675a4a2ebe7e28c6753b5f14fcbaf8f380ac18f8c7f7218e0e55ff4b8,6cd995c6,10.0,1,0,21,24963,-0.0013427734375,-0.0130615234375,0.01171875,0.048828125,-0.18042628467082977,74693,26.16332244873047,0.003433467820286751,0.0034337241668254137,0.03350798040628433,69776,69470,-13.616612434387207,-13.561999320983887,0.0242919921875,0.025634765625,9.9757080078125,9.786865234375,124498,124498,9.612064361572266,0.026228610426187515,1.2200576975374133e-06
geo,6cd995c675a4a2ebe7e28c6753b5f14fcbaf8f380ac18f8c7f7218e0e55ff4b8,6cd995c6,10.0,1,0,22,24963,0.05322265625,0.05322265625,0.0,0.046875,0.7658281326293945,29195,26.11452865600586,0.003056956920772791,0.0030563378240913153,0.031129639595746994,67539,69306,-13.339441299438477,-13.371254920959473,-0.08544921875,-0.138671875,8.39794921875,8.326171875,124498,124498,10.072507858276367,0.00714393425732851,1.6097344541776692e-06
geo,6cd995c675a4a2ebe7e28c6753b5f14fcbaf8f380ac18f8c7f7218e0e55ff4b8,6cd995c6,10.0,1,0,23,24963,0.070556640625,0.070556640625,0.0,0.046875,1.0152491331100464,18568,25.724552154541016,0.002933727577328682,0.0029298230074346066,0.030355818569660187,58898,61256,-12.983505249023438,-13.040112495422363,-0.041259765625,-0.11181640625,7.541259765625,7.51806640625,84120,84120,10.226363182067871,0.004329752177000046,2.2979222649155417e-06
geo,6cd995c675a4a2ebe7e28c6753b5f14fcbaf8f380ac18f8c7f7218e0e55ff4b8,6cd995c6,10.0,1,0,24,24963,0.02197265625,0.02197265625,0.0,0.046875,0.31616756319999695,48951,25.4981632232666,0.0028238885570317507,0.002821698784828186,0.029775302857160568,52441,53043,-12.796783447265625,-12.797025680541992,-0.025390625,-0.04736328125,7.369140625,7.42236328125,54977,54977,10.225142478942871,0.004393437877297401,2.7696669349097647e-06
geo,6cd995c675a4a2ebe7e28c6753b5f14fcbaf8f380ac18f8c7f7218e0e55ff4b8,6cd995c6,10.0,1,0,25,24963,0.04296875,0.02734375,0.015625,0.046875,0.3934529721736908,45619,25.772375106811523,0.00299640791490674,0.0029811752028763294,0.030648088082671165,60403,61193,-13.309822082519531,-13.313495635986328,-0.0966796875,-0.1396484375,8.1591796875,8.2021484375,19664,96438,9.858266830444336,0.005795683246105909,1.6581267345827655e-06
geo,6cd995c675a4a2ebe7e28c6753b5f14fcbaf8f380ac18f8c7f7218e0e55ff4b8,6cd995c6,10.0,1,0,26,24963,0.06451416015625,0.02545166015625,0.0390625,0.0498046875,0.3446846008300781,46351,27.073083877563477,0.003237607656046748,0.0032115813810378313,0.03177725523710251,56498,57126,-13.137718200683594,-13.135820388793945,0.07421875,0.00970458984375,7.89453125,7.92779541015625,19664,19664,9.936726570129395,0.005283389240503311,1.9695248738571536e-06
geo,6cd995c675a4a2ebe7e28c6753b5f14fcbaf8f380ac18f8c7f7218e0e55ff4b8,6cd995c6,10.0,1,0,27,24963,0.0625,0.03125,0.03125,0.046875,0.4496605396270752,38268,24.73658561706543,0.0027158278971910477,0.002710020635277033,0.02894647605717182,96216,97042,-14.810712814331055,-14.825910568237305,-1.171875,-1.234375,9.796875,9.796875,19664,19664,9.744803428649902,0.006645347457379103,3.6964866012567654e-07
geo,6cd995c675a4a2ebe7e28c6753b5f14fcbaf8f380ac18f8c7f7218e0e55ff4b8,6cd995c6,10.0,1,0,28,24963,0.0703125,0.0390625,0.03125,0.046875,0.562075674533844,36741,25.800806045532227,0.002816686639562249,0.002797370310872793,0.029605325311422348,96779,97698,-14.830696105957031,-14.856898307800293,-1.4453125,-1.515625,10.1328125,10.203125,2463,2463,9.743067741394043,0.009114542044699192,3.62335185855045e-07
geo,6cd995c675a4a2ebe7e28c6753b5f14fcbaf8f380ac18f8c7f7218e0e55ff4b8,6cd995c6,10.0,1,0,29,24963,0.23046875,0.16796875,0.0625,0.0703125,1.6112834215164185,7771,38.853355407714844,0.010044066235423088,0.010408211499452591,0.05327027291059494,69421,73779,-13.901424407958984,-14.112890243530273,-0.98828125,-1.21875,10.48828125,11.09375,198,198,9.388660430908203,0.03293750062584877,9.176732760352024e-07
geo,6cd995c675a4a2ebe7e28c6753b5f14fcbaf8f380ac18f8c7f7218e0e55ff4b8,6cd995c6,10.0,1,0,30,24963,0.126953125,0.142578125,-0.015625,0.0625,1.5386821031570435,7104,32.466434478759766,0.006543966010212898,0.006472906097769737,0.05179937928915024,34473,37423,-13.74376106262207,-13.892654418945312,0.5234375,0.396484375,12.6015625,12.853515625,791,791,5.024967193603516,0.3191168010234833,1.0743862048911978e-06
geo,6cd995c675a4a2ebe7e28c6753b5f14fcbaf8f380ac18f8c7f7218e0e55ff4b8,6cd995c6,10.0,1,0,31,24963,0.15625,0.1640625,-0.0078125,0.0546875,2.023472309112549,3658,30.421958923339844,0.005428791046142578,0.0052408380433917046,0.040009818971157074,64300,67881,-16.87454605102539,-16.991331100463867,-1.1875,-1.34375,15.375,15.53125,791,791,3.525216579437256,0.22323131561279297,4.693293931268272e-08
geo,6cd995c675a4a2ebe7e28c6753b5f14fcbaf8f380ac18f8c7f7218e0e55ff4b8,6cd995c6,10.0,1,1,0,4146,-0.015625,-0.00390625,-0.01171875,0.0234375,-0.1124151349067688,65577,13.077274322509766,0.000776503118686378,0.0007751488592475653,0.01591222733259201,27803,27748,-12.291259765625,-12.28727912902832,1.4921875,1.5078125,7.2578125,7.3046875,87044,87044,9.622868537902832,0.006516311317682266,4.591702236211859e-06
geo,6cd995c675a4a2ebe7e28c6753b5f14fcbaf8f380ac18f8c7f7218e0e55ff4b8,6cd995c6,10.0,1,1,1,4146,-0.0419921875,-0.0693359375,0.02734375,0.03515625,-1.3302456140518188,116774,18.465028762817383,0.0014708362286910415,0.001470570219680667,0.021567316725850105,106860,105610,-13.89212417602539,-13.795806884765625,-0.28515625,-0.2431640625,8.41015625,8.2431640625,12451,12451,10.749669075012207,0.004161130636930466,9.262476510230044e-07
geo,6cd995c675a4a2ebe7e28c6753b5f14fcbaf8f380ac18f8c7f7218e0e55ff4b8,6cd995c6,10.0,1,1,2,4146,-0.1171875,-0.12109375,0.00390625,0.05859375,-1.3939476013183594,117934,31.014738082885742,0.004383816383779049,0.004371494986116886,0.03702021390199661,115535,114006,-14.492183685302734,-14.327936172485352,-0.859375,-0.7421875,9.296875,9.1171875,12451,12451,10.63172721862793,0.005542505532503128,5.083052769805363e-07
geo,6cd995c675a4a2ebe7e28c6753b5f14fcbaf8f380ac18f8c7f7218e0e55ff4b8,6cd995c6,10.0,1,1,3,4146,-0.1796875,-0.1640625,-0.015625,0.078125,-1.4164305925369263,116073,44.23748016357422,0.008841099217534065,0.008822109550237656,0.052669502794742584,120575,119694,-15.231067657470703,-14.990819931030273,-1.59375,-1.4140625,9.59375,9.3515625,58812,58812,10.433712005615234,0.0035624129232019186,2.4279032118101895e-07
geo,6cd995c675a4a2ebe7e28c6753b5f14fcbaf8f380ac18f8c7f7218e0e55ff4b8,6cd995c6,10.0,1,1,4,4146,-0.1015625,-0.0859375,-0.015625,0.0859375,-0.6744908094406128,94966,47.572296142578125,0.010317442938685417,0.010320523753762245,0.05710688233375549,118105,118019,-15.237597465515137,-15.066688537597656,-1.4765625,-1.375,9.7890625,9.34375,124107,124107,10.334712982177734,0.004302603658288717,2.412101025583979e-07
geo,6cd995c675a4a2ebe7e28c6753b5f14fcbaf8f380ac18f8c7f7218e0e55ff4b8,6cd995c6,10.0,1,1,5,4146,-0.1171875,-0.0859375,-0.03125,0.09375,-0.618283212184906,93210,51.45978927612305,0.012428706511855125,0.012437695637345314,0.0629066526889801,119114,119015,-15.49557876586914,-15.31814193725586,-1.6796875,-1.5625,10.4921875,10.0,121701,121701,10.183175086975098,0.006715132389217615,1.863612624219968e-07
geo,6cd995c675a4a2ebe7e28c6753b5f14fcbaf8f380ac18f8c7f7218e0e55ff4b8,6cd995c6,10.0,1,1,6,4146,-0.234375,-0.22265625,-0.01171875,0.1015625,-1.4786913394927979,118103,55.38544845581055,0.015197031199932098,0.015111682005226612,0.06881804764270782,124238,123634,-16.40274429321289,-16.072160720825195,-2.40625,-2.171875,12.40625,11.671875,124107,124107,10.027871131896973,0.018379978835582733,7.522785239189034e-08
geo,6cd995c675a4a2ebe7e28c6753b5f14fcbaf8f380ac18f8c7f7218e0e55ff4b8,6cd995c6,10.0,1,1,7,4146,-0.125,-0.1015625,-0.0234375,0.1171875,-0.5845586657524109,91224,64.35555267333984,0.018947845324873924,0.01894228346645832,0.07606622576713562,113780,113207,-15.567874908447266,-15.356363296508789,-1.28125,-1.15625,10.65625,10.03125,37836,121701,9.880355834960938,0.007360521703958511,1.7336355995212216e-07
geo,6cd995c675a4a2ebe7e28c6753b5f14fcbaf8f380ac18f8c7f7218e0e55ff4b8,6cd995c6,10.0,1,1,8,4146,-0.06640625,-0.063232421875,-0.003173828125,0.121826171875,-0.35008639097213745,81688,66.31817626953125,0.01938813552260399,0.01965242065489292,0.07745393365621567,107398,107355,-15.21763801574707,-15.037453651428223,-0.86328125,-0.796875,10.30078125,9.984375,124107,124107,9.828341484069824,0.007322113495320082,2.4607288651168346e-07
geo,6cd995c675a4a2ebe7e28c6753b5f14fcbaf8f380ac18f8c7f7218e0e55ff4b8,6cd995c6,10.0,1,1,9,4146,-0.140625,-0.09375,-0.046875,0.125,-0.5058680772781372,87516,69.34840393066406,0.020883290097117424,0.021056445315480232,0.07999119162559509,110610,110122,-15.438921928405762,-15.242185592651367,-1.3359375,-1.1953125,10.4609375,9.9453125,124498,124498,9.829252243041992,0.00688793184235692,1.9722475030903297e-07
geo,6cd995c675a4a2ebe7e28c6753b5f14fcbaf8f380ac18f8c7f7218e0e55ff4b8,6cd995c6,10.0,1,1,10,4146,-0.28125,-0.236328125,-0.044921875,0.134765625,-1.182802677154541,112499,72.59174346923828,0.023413723334670067,0.02359713800251484,0.08474190533161163,119358,117912,-16.33196449279785,-15.979284286499023,-2.109375,-1.828125,11.859375,11.140625,124498,124498,9.699792861938477,0.01141771674156189,8.074542279246089e-08
geo,6cd995c675a4a2ebe7e28c6753b5f14fcbaf8f380ac18f8c7f7218e0e55ff4b8,6cd995c6,10.0,1,1,11,4146,-0.296875,-0.27734375,-0.01953125,0.1328125,-1.4084954261779785,116778,72.18926239013672,0.02251988835632801,0.022596992552280426,0.08410516381263733,118831,117016,-16.448753356933594,-16.04637336730957,-2.03125,-1.734375,12.40625,11.734375,124498,124498,9.542754173278809,0.017553482204675674,7.184510764091101e-08
geo,6cd995c675a4a2ebe7e28c6753b5f14fcbaf8f380ac18f8c7f7218e0e55ff4b8,6cd995c6,10.0,1,1,12,4146,-0.033203125,-0.0126953125,-0.0205078125,0.1357421875,-0.06308187544345856,67803,73.2789077758789,0.02593846246600151,0.025824807584285736,0.09001421928405762,90386,90916,-14.827730178833008,-14.660656929016113,-0.447265625,-0.4140625,10.509765625,9.9140625,77342,77342,9.313355445861816,0.013326982036232948,3.634114591477555e-07
geo,6cd995c675a4a2ebe7e28c6753b5f14fcbaf8f380ac18f8c7f7218e0e55ff4b8,6cd995c6,10.0,1,1,13,4146,0.19140625,0.19140625,0.0,0.1435546875,0.8993210196495056,23345,78.94524383544922,0.032118745148181915,0.03202137351036072,0.1012701541185379,63234,68709,-13.884575843811035,-13.88925552368164,0.50390625,0.3125,9.68359375,9.3125,124107,124107,9.081275939941406,0.014980857260525227,9.332657668892352e-07
geo,6cd995c675a4a2ebe7e28c6753b5f14fcbaf8f380ac18f8c7f7218e0e55ff4b8,6cd995c6,10.0,1,1,14,4146,0.099609375,0.162109375,-0.0625,0.16015625,0.6827162504196167,31340,88.68448638916016,0.0330469012260437,0.0331120565533638,0.10196518152952194,59416,64215,-13.60797119140625,-13.652166366577148,0.326171875,0.2265625,9.111328125,9.2734375,71326,71326,9.367425918579102,0.01114635169506073,1.2306461485422915e-06
geo,6cd995c675a4a2ebe7e28c6753b5f14fcbaf8f380ac18f8c7f7218e0e55ff4b8,6cd995c6,10.0,1,1,15,4146,-0.0078125,-0.0078125,0.0,0.15625,-0.03372453898191452,66029,85.3468017578125,0.033533189445734024,0.03369392082095146,0.10365527868270874,96731,97495,-15.27287483215332,-15.119141578674316,-0.80078125,-0.79296875,11.42578125,11.16796875,85386,85386,9.068374633789062,0.021341679617762566,2.3284918881927297e-07
geo,6cd995c675a4a2ebe7e28c6753b5f14fcbaf8f380ac18f8c7f7218e0e55ff4b8,6cd995c6,10.0,1,1,16,4146,0.142578125,0.173828125,-0.03125,0.1484375,0.789864182472229,27689,80.41332244873047,0.026931339874863625,0.027111481875181198,0.09302867203950882,59022,63700,-13.763763427734375,-13.823256492614746,0.4375,0.294921875,10.75,10.705078125,85386,85386,8.933752059936523,0.04910650849342346,1.0531093721510842e-06
geo,6cd995c675a4a2ebe7e28c6753b5f14fcbaf8f380ac18f8c7f7218e0e55ff4b8,6cd995c6,10.0,1,1,17,4146,0.123046875,0.138671875,-0.015625,0.140625,0.6651228070259094,32216,76.86808013916016,0.02611401677131653,0.02608737163245678,0.08881939947605133,86369,90614,-14.606656074523926,-14.640087127685547,-0.494140625,-0.6171875,10.556640625,10.5546875,85386,85386,9.220691680908203,0.017422106117010117,4.53325213811695e-07
geo,6cd995c675a4a2ebe7e28c6753b5f14fcbaf8f380ac18f8c7f7218e0e55ff4b8,6cd995c6,10.0,1,1,18,4146,0.0601806640625,0.0679931640625,-0.0078125,0.13671875,0.33543872833251953,47769,74.76776123046875,0.02563418075442314,0.025632724165916443,0.08949381113052368,69628,71863,-13.933927536010742,-13.90237808227539,0.0150146484375,-0.045166015625,9.9224853515625,9.920166015625,85386,85386,9.31328010559082,0.018107270821928978,8.883255873115559e-07
geo,6cd995c675a4a2ebe7e28c6753b5f14fcbaf8f380ac18f8c7f7218e0e55ff4b8,6cd995c6,10.0,1,1,19,4146,0.091796875,0.076171875,0.015625,0.1328125,0.3868403136730194,45082,73.09707641601562,0.02437317557632923,0.024319633841514587,0.08672285079956055,79732,82352,-14.178232192993164,-14.155531883239746,-0.451171875,-0.54296875,9.701171875,9.60546875,93938,85386,9.457738876342773,0.011366784572601318,6.957801019780163e-07
geo,6cd995c675a4a2ebe7e28c6753b5f14fcbaf8f380ac18f8c7f7218e0e55ff4b8,6cd995c6,10.0,1,1,20,4146,0.01953125,0.03125,-0.01171875,0.13671875,0.15416932106018066,55928,74.11756134033203,0.02461307868361473,0.024553868919610977,0.08781643956899643,91166,92616,-14.532215118408203,-14.481729507446289,-0.796875,-0.81640625,10.109375,9.87890625,93938,124498,9.585866928100586,0.012000108137726784,4.883589781456976e-07
geo,6cd995c675a4a2ebe7e28c6753b5f14fcbaf8f380ac18f8c7f7218e0e55ff4b8,6cd995c6,10.0,1,1,21,4146,-0.0029296875,-0.0029296875,0.0,0.1328125,-0.014878473244607449,66101,72.30481719970703,0.023668279871344566,0.023561900481581688,0.08504697680473328,67344,67158,-13.748507499694824,-13.670306205749512,0.1669921875,0.169921875,9.8330078125,9.830078125,98747,98747,9.438529014587402,0.019930582493543625,1.0692987189031555e-06
geo,6cd995c675a4a2ebe7e28c6753b5f14fcbaf8f380ac18f8c7f7218e0e55ff4b8,6cd995c6,10.0,1,1,22,4146,-0.02734375,-0.00390625,-0.0234375,0.125,-0.021077835932374,64579,69.72186279296875,0.022128555923700333,0.022142138332128525,0.08277358114719391,62505,62274,-13.308014869689941,-13.254739761352539,0.080078125,0.107421875,8.357421875,8.267578125,84120,84120,9.953020095825195,0.007079209666699171,1.6611260207355372e-06
geo,6cd995c675a4a2ebe7e28c6753b5f14fcbaf8f380ac18f8c7f7218e0e55ff4b8,6cd995c6,10.0,1,1,23,4146,-0.0667724609375,-0.0628662109375,-0.00390625,0.12109375,-0.3501640558242798,81581,66.86682891845703,0.02041207067668438,0.02035287581384182,0.07934622466564178,58960,56834,-13.095563888549805,-12.989498138427734,0.0240478515625,0.0908203125,8.0384521484375,7.5654296875,96836,84120,10.075164794921875,0.006363916676491499,2.0543236587400315e-06
geo,6cd995c675a4a2ebe7e28c6753b5f14fcbaf8f380ac18f8c7f7218e0e55ff4b8,6cd995c6,10.0,1,1,24,4146,0.052734375,0.052734375,0.0,0.1171875,0.3035208284854889,49592,65.47212982177734,0.019821779802441597,0.01985476166009903,0.07800120115280151,43666,44892,-12.597610473632812,-12.606890678405762,0.37109375,0.318359375,8.06640625,7.681640625,96836,96836,10.076468467712402,0.010767706669867039,3.3800824894569814e-06
geo,6cd995c675a4a2ebe7e28c6753b5f14fcbaf8f380ac18f8c7f7218e0e55ff4b8,6cd995c6,10.0,1,1,25,4146,0.15625,0.10546875,0.05078125,0.12109375,0.5874597430229187,34404,65.64122772216797,0.021366888657212257,0.021122470498085022,0.08033835142850876,39290,41783,-12.6612548828125,-12.726797103881836,0.78125,0.625,8.03125,8.0625,96438,96438,9.674805641174316,0.009754707105457783,3.1716617741039954e-06
geo,6cd995c675a4a2ebe7e28c6753b5f14fcbaf8f380ac18f8c7f7218e0e55ff4b8,6cd995c6,10.0,1,1,26,4146,0.076171875,0.005859375,0.0703125,0.1171875,0.03372453898191452,62605,65.72684478759766,0.02158614806830883,0.02132144570350647,0.08097684383392334,49865,49949,-13.014973640441895,-12.974952697753906,0.453125,0.376953125,8.234375,8.185546875,96438,96438,9.760250091552734,0.008390974253416061,2.2267361146077747e-06
geo,6cd995c675a4a2ebe7e28c6753b5f14fcbaf8f380ac18f8c7f7218e0e55ff4b8,6cd995c6,10.0,1,1,27,4146,0.0322265625,-0.0185546875,0.05078125,0.11328125,-0.11047693341970444,69081,61.040985107421875,0.01763942837715149,0.017454400658607483,0.07306787371635437,75690,75252,-14.07440185546875,-14.031150817871094,-0.2373046875,-0.26953125,9.3623046875,9.08203125,94038,2463,9.650240898132324,0.008985912427306175,7.719069117229083e-07
geo,6cd995c675a4a2ebe7e28c6753b5f14fcbaf8f380ac18f8c7f7218e0e55ff4b8,6cd995c6,10.0,1,1,28,4146,0.10546875,0.06640625,0.0390625,0.109375,0.4095122516155243,44077,60.36821365356445,0.018955552950501442,0.01865995116531849,0.07522781193256378,43067,44736,-12.8885498046875,-12.924683570861816,0.69921875,0.59375,8.67578125,8.65625,64356,2463,9.582246780395508,0.014805329032242298,2.5268177523685154e-06
geo,6cd995c675a4a2ebe7e28c6753b5f14fcbaf8f380ac18f8c7f7218e0e55ff4b8,6cd995c6,10.0,1,1,29,4146,0.0546875,-0.0390625,0.09375,0.125,-0.2107783704996109,75633,67.09400939941406,0.024865103885531425,0.02517007105052471,0.08747602254152298,31852,30995,-12.396644592285156,-12.385457992553711,0.671875,0.6171875,8.015625,8.5078125,198,198,9.600543975830078,0.012512600049376488,4.132431513426127e-06
geo,6cd995c675a4a2ebe7e28c6753b5f14fcbaf8f380ac18f8c7f7218e0e55ff4b8,6cd995c6,10.0,1,1,30,4146,0.03125,0.0625,-0.03125,0.11328125,0.3721328377723694,43476,62.73598861694336,0.028810899704694748,0.02993592619895935,0.1003415659070015,9677,10001,-12.01156997680664,-12.069839477539062,2.203125,2.171875,10.234375,10.515625,578,791,5.643014907836914,0.16911184787750244,6.073533768358175e-06
geo,6cd995c675a4a2ebe7e28c6753b5f14fcbaf8f380ac18f8c7f7218e0e55ff4b8,6cd995c6,10.0,1,1,31,4146,0.046875,-0.046875,0.09375,0.10546875,-0.2997736632823944,76755,60.723079681396484,0.02080712467432022,0.021110333502292633,0.0803091824054718,21005,20794,-14.782529830932617,-14.675630569458008,1.421875,1.375,13.265625,13.125,198,198,3.2080295085906982,0.2193898856639862,3.802146579801047e-07
geo,6cd995c675a4a2ebe7e28c6753b5f14fcbaf8f380ac18f8c7f7218e0e55ff4b8,6cd995c6,10.0,1,2,0,1114,-0.05078125,-0.05078125,0.0,0.0234375,-1.4613966941833496,120608,11.96777629852295,0.0006581126945093274,0.0006620367639698088,0.013887524604797363,49343,48076,-13.339644432067871,-13.286564826965332,0.97265625,1.0234375,9.27734375,9.2265625,63550,63550,9.365598678588867,0.017209380865097046,1.6094074908323819e-06
geo,6cd995c675a4a2ebe7e28c6753b5f14fcbaf8f380ac18f8c7f7218e0e55ff4b8,6cd995c6,10.0,1,2,1,1114,-0.015625,-0.0234375,0.0078125,0.046875,-0.3372454047203064,78817,26.26915168762207,0.003858235664665699,0.0038429545238614082,0.03529294952750206,126413,126512,-17.630069732666016,-17.527469635009766,-2.609375,-2.59375,14.671875,14.46875,63075,63075,9.410480499267578,0.0519125834107399,2.204743054790015e-08
geo,6cd995c675a4a2ebe7e28c6753b5f14fcbaf8f380ac18f8c7f7218e0e55ff4b8,6cd995c6,10.0,1,2,2,1114,-0.046875,-0.015625,-0.03125,0.046875,-0.2248302698135376,71135,25.65503692626953,0.0029847067780792713,0.0029686535708606243,0.030231058597564697,126278,126309,-17.904462814331055,-17.863121032714844,-3.171875,-3.125,14.109375,14.1875,63075,63075,9.331247329711914,0.02248091995716095,1.6756780851778785e-08
geo,6cd995c675a4a2ebe7e28c6753b5f14fcbaf8f380ac18f8c7f7218e0e55ff4b8,6cd995c6,10.0,1,2,3,1114,0.0,0.03125,-0.03125,0.04296875,0.49053874611854553,35761,23.07671356201172,0.002199627924710512,0.002194505650550127,0.0263373963534832,116437,116880,-16.290206909179688,-16.307621002197266,-2.09375,-2.09375,11.34375,11.40625,62893,84310,9.58729362487793,0.007108547259122133,8.41885494651251e-08
geo,6cd995c675a4a2ebe7e28c6753b5f14fcbaf8f380ac18f8c7f7218e0e55ff4b8,6cd995c6,10.0,1,2,4,1114,0.0546875,0.078125,-0.0234375,0.0390625,1.348981499671936,9851,19.963685989379883,0.0018739376682788134,0.0018659684574231505,0.024188706651329994,92076,93842,-14.93746566772461,-14.99946403503418,-0.6875,-0.7421875,10.5625,10.6171875,124107,124107,9.462369918823242,0.012588580138981342,3.2564250318500854e-07
geo,6cd995c675a4a2ebe7e28c6753b5f14fcbaf8f380ac18f8c7f7218e0e55ff4b8,6cd995c6,10.0,1,2,5,1114,0.068359375,0.099609375,-0.03125,0.03125,2.1499392986297607,4531,19.36051368713379,0.0020936578512191772,0.0020700283348560333,0.02482094056904316,61594,64108,-13.798673629760742,-13.88396167755127,0.365234375,0.296875,9.822265625,9.703125,67075,67075,9.292584419250488,0.018752869218587875,1.0169794677494792e-06
geo,6cd995c675a4a2ebe7e28c6753b5f14fcbaf8f380ac18f8c7f7218e0e55ff4b8,6cd995c6,10.0,1,2,6,1114,0.0859375,0.1015625,-0.015625,0.03515625,1.9485288858413696,3417,19.49531364440918,0.0020425175316631794,0.0020362285431474447,0.025519870221614838,49111,51828,-13.395248413085938,-13.488804817199707,1.0703125,0.984375,10.2421875,10.265625,77342,77342,9.08764934539795,0.04272117093205452,1.5223606624203967e-06
geo,6cd995c675a4a2ebe7e28c6753b5f14fcbaf8f380ac18f8c7f7218e0e55ff4b8,6cd995c6,10.0,1,2,7,1114,0.037109375,0.041015625,-0.00390625,0.02734375,1.0117361545562744,20934,16.084360122680664,0.0011691793333739042,0.0011711649131029844,0.018039721995592117,71161,72261,-14.300025939941406,-14.337080001831055,0.30078125,0.263671875,10.63671875,10.673828125,34391,34391,9.06342887878418,0.025647545233368874,6.159956456031068e-07
geo,6cd995c675a4a2ebe7e28c6753b5f14fcbaf8f380ac18f8c7f7218e0e55ff4b8,6cd995c6,10.0,1,2,8,1114,0.09375,0.109375,-0.015625,0.03125,2.3607177734375,2022,18.551206588745117,0.0016244930448010564,0.0016270040068775415,0.0225598756223917,28630,30671,-12.496696472167969,-12.603086471557617,1.9921875,1.8984375,8.4453125,8.5390625,71889,71889,9.209769248962402,0.01739828661084175,3.738984560186509e-06
geo,6cd995c675a4a2ebe7e28c6753b5f14fcbaf8f380ac18f8c7f7218e0e55ff4b8,6cd995c6,10.0,1,2,9,1114,0.0625,0.078125,-0.015625,0.03125,1.6862269639968872,6701,17.975200653076172,0.0013961605727672577,0.0013935902388766408,0.020873356610536575,12185,12953,-11.351269721984863,-11.427650451660156,2.953125,2.890625,7.796875,7.859375,95929,95929,9.2581787109375,0.02859867922961712,1.1754555089282803e-05
geo,6cd995c675a4a2ebe7e28c6753b5f14fcbaf8f380ac18f8c7f7218e0e55ff4b8,6cd995c6,10.0,1,2,10,1114,0.03125,0.046875,-0.015625,0.0390625,0.8093888759613037,22477,21.104694366455078,0.0018753986805677414,0.001866780105046928,0.024545181542634964,25535,26416,-12.400547981262207,-12.452462196350098,2.203125,2.171875,9.109375,9.203125,124498,124498,8.982665061950684,0.03721017763018608,4.116332547710044e-06
geo,6cd995c675a4a2ebe7e28c6753b5f14fcbaf8f380ac18f8c7f7218e0e55ff4b8,6cd995c6,10.0,1,2,11,1114,0.0,0.015625,-0.015625,0.033203125,0.31740742921829224,46566,19.278486251831055,0.0016638123197481036,0.0016632387414574623,0.02305479347705841,25434,25692,-12.41001033782959,-12.423864364624023,2.25,2.25,8.8125,8.8125,77342,77342,9.024043083190918,0.027391834184527397,4.077565790794324e-06
geo,6cd995c675a4a2ebe7e28c6753b5f14fcbaf8f380ac18f8c7f7218e0e55ff4b8,6cd995c6,10.0,1,2,12,1114,-0.022705078125,-0.007080078125,-0.015625,0.03125,-0.15281431376934052,67705,18.841747283935547,0.0016813208349049091,0.0016814693808555603,0.023111790418624878,73649,73468,-14.624292373657227,-14.623725891113281,-0.0167236328125,0.0059814453125,11.2042236328125,11.1815185546875,52700,52700,8.64910888671875,0.03271017223596573,4.4540030330608715e-07
geo,6cd995c675a4a2ebe7e28c6753b5f14fcbaf8f380ac18f8c7f7218e0e55ff4b8,6cd995c6,10.0,1,2,13,1114,0.0390625,0.0546875,-0.015625,0.03515625,1.0492078065872192,20980,19.859901428222656,0.0018360738176852465,0.0018368198070675135,0.02440350130200386,110876,111478,-16.56012535095215,-16.617488861083984,-1.859375,-1.8984375,13.609375,13.6484375,95929,95929,8.237537384033203,0.05230044573545456,6.427305265788164e-08
geo,6cd995c675a4a2ebe7e28c6753b5f14fcbaf8f380ac18f8c7f7218e0e55ff4b8,6cd995c6,10.0,1,2,14,1114,0.015625,0.015625,0.0,0.0390625,0.26979631185531616,44104,21.0664119720459,0.0021477509289979935,0.002157169161364436,0.02604590728878975,117018,117220,-16.698314666748047,-16.720989227294922,-2.828125,-2.84375,12.515625,12.46875,45625,45625,9.156732559204102,0.015257407911121845,5.597757635200651e-08
geo,6cd995c675a4a2ebe7e28c6753b5f14fcbaf8f380ac18f8c7f7218e0e55ff4b8,6cd995c6,10.0,1,2,15,1114,0.03125,0.0234375,0.0078125,0.0390625,0.40469443798065186,39517,20.707260131835938,0.0023885895498096943,0.002393520437180996,0.027887798845767975,120743,120886,-17.47168731689453,-17.48855972290039,-2.796875,-2.828125,14.796875,14.703125,45625,45625,8.477540969848633,0.06891971081495285,2.5831083050320558e-08
geo,6cd995c675a4a2ebe7e28c6753b5f14fcbaf8f380ac18f8c7f7218e0e55ff4b8,6cd995c6,10.0,1,2,16,1114,0.03125,0.03125,0.0,0.03515625,0.5995473265647888,31045,20.290510177612305,0.0020982108544558287,0.00210545863956213,0.02595890872180462,113885,114266,-16.401323318481445,-16.44584846496582,-2.46875,-2.5,11.65625,11.75,64700,64700,9.197712898254395,0.008694424293935299,7.533482460075902e-08
geo,6cd995c675a4a2ebe7e28c6753b5f14fcbaf8f380ac18f8c7f7218e0e55ff4b8,6cd995c6,10.0,1,2,17,1114,0.015625,0.015625,0.0,0.037109375,0.2839961051940918,43665,20.56021499633789,0.002133855363354087,0.0021390479523688555,0.02552749030292034,120621,120747,-17.05191993713379,-17.072010040283203,-2.984375,-3.0,12.484375,12.375,72460,72460,9.155675888061523,0.010383420623838902,3.930476921709669e-08
geo,6cd995c675a4a2ebe7e28c6753b5f14fcbaf8f380ac18f8c7f7218e0e55ff4b8,6cd995c6,10.0,1,2,18,1114,0.015625,0.0234375,-0.0078125,0.0390625,0.40469443798065186,39118,20.72493553161621,0.002149588894098997,0.0021565172355622053,0.026067906990647316,95914,96473,-15.246110916137695,-15.275959014892578,-1.2890625,-1.3046875,11.6640625,11.6796875,112465,112465,9.10053825378418,0.027818650007247925,2.391653026734275e-07
geo,6cd995c675a4a2ebe7e28c6753b5f14fcbaf8f380ac18f8c7f7218e0e55ff4b8,6cd995c6,10.0,1,2,19,1114,0.0234375,0.03125,-0.0078125,0.0390625,0.5395926237106323,35784,20.34162712097168,0.0021198636386543512,0.002118978649377823,0.025989774614572525,101185,101889,-15.426090240478516,-15.453202247619629,-1.6328125,-1.65625,10.6328125,10.59375,107786,116114,9.319496154785156,0.00828525610268116,1.9977177601049334e-07
geo,6cd995c675a4a2ebe7e28c6753b5f14fcbaf8f380ac18f8c7f7218e0e55ff4b8,6cd995c6,10.0,1,2,20,1114,-0.015625,-0.015625,0.0,0.0390625,-0.26979631185531616,78392,20.612476348876953,0.0021566865034401417,0.002151750959455967,0.02598828449845314,112355,112079,-15.972414016723633,-15.951864242553711,-2.21875,-2.203125,11.15625,11.015625,116114,116114,9.471905708312988,0.008097786456346512,1.1568278068807558e-07
geo,6cd995c675a4a2ebe7e28c6753b5f14fcbaf8f380ac18f8c7f7218e0e55ff4b8,6cd995c6,10.0,1,2,21,1114,0.015625,0.0234375,-0.0078125,0.0390625,0.40469443798065186,40326,20.997346878051758,0.002150994259864092,0.002143570687621832,0.026088472455739975,83013,83603,-14.51432991027832,-14.538886070251465,-0.63671875,-0.65234375,9.69921875,9.65234375,67707,67707,9.417326927185059,0.00810631737112999,4.971719249624584e-07
geo,6cd995c675a4a2ebe7e28c6753b5f14fcbaf8f380ac18f8c7f7218e0e55ff4b8,6cd995c6,10.0,1,2,22,1114,0.0546875,0.0625,-0.0078125,0.0390625,1.0791852474212646,16152,21.358192443847656,0.0020927495788782835,0.00208975444547832,0.025754166767001152,91254,92865,-14.590577125549316,-14.653362274169922,-1.265625,-1.3203125,9.703125,9.7578125,67707,67707,9.720919609069824,0.007540610618889332,4.6067310677244677e-07
geo,6cd995c675a4a2ebe7e28c6753b5f14fcbaf8f380ac18f8c7f7218e0e55ff4b8,6cd995c6,10.0,1,2,23,1114,0.046875,0.0625,-0.015625,0.037109375,1.1359844207763672,14751,20.19869613647461,0.0017680159071460366,0.0017711699474602938,0.023687051609158516,103577,104821,-14.899785995483398,-14.95941162109375,-2.015625,-2.0625,10.703125,10.6875,43556,43556,9.932451248168945,0.015045723877847195,3.3814671951404307e-07
geo,6cd995c675a4a2ebe7e28c6753b5f14fcbaf8f380ac18f8c7f7218e0e55ff4b8,6cd995c6,10.0,1,2,24,1114,0.0625,0.0751953125,-0.0126953125,0.0341796875,1.4838796854019165,8632,19.15835189819336,0.0015415627276524901,0.0015477427514269948,0.02206534519791603,100888,102602,-14.731868743896484,-14.800336837768555,-2.09375,-2.15625,10.40625,10.40625,43556,43556,10.016244888305664,0.013225364498794079,3.999730324721895e-07
geo,6cd995c675a4a2ebe7e28c6753b5f14fcbaf8f380ac18f8c7f7218e0e55ff4b8,6cd995c6,10.0,1,2,25,1114,0.4765625,0.4921875,-0.015625,0.04296875,7.725985527038574,1,22.722747802734375,0.002213060390204191,0.0022169549483805895,0.026386776939034462,82038,94344,-14.14710807800293,-14.642260551452637,-1.171875,-1.6484375,9.421875,9.9609375,95383,95383,9.828789710998535,0.008868650533258915,7.177761744969757e-07
geo,6cd995c675a4a2ebe7e28c6753b5f14fcbaf8f380ac18f8c7f7218e0e55ff4b8,6cd995c6,10.0,1,2,26,1114,0.4140625,0.427734375,-0.013671875,0.0390625,7.385673522949219,1,21.464570999145508,0.001960436813533306,0.0019628049340099096,0.02482050098478794,88584,98889,-14.348662376403809,-14.781135559082031,-1.3515625,-1.765625,10.1015625,10.515625,43556,43556,9.781858444213867,0.014305662363767624,5.867527193004207e-07
geo,6cd995c675a4a2ebe7e28c6753b5f14fcbaf8f380ac18f8c7f7218e0e55ff4b8,6cd995c6,10.0,1,2,27,1114,0.37109375,0.37890625,-0.0078125,0.0390625,6.54256010055542,1,19.642223358154297,0.0016117653576657176,0.00161752849817276,0.022495612502098083,85208,94081,-14.568958282470703,-14.951988220214844,-0.96484375,-1.3359375,10.33984375,10.7109375,64096,64096,9.546649932861328,0.01456527505069971,4.707407583737222e-07
geo,6cd995c675a4a2ebe7e28c6753b5f14fcbaf8f380ac18f8c7f7218e0e55ff4b8,6cd995c6,10.0,1,2,28,1114,0.296875,0.31640625,-0.01953125,0.03515625,6.0704169273376465,11,19.0921688079834,0.0015379850519821048,0.0015488974750041962,0.021968945860862732,71002,79876,-13.97401237487793,-14.287824630737305,-0.9453125,-1.2421875,10.2578125,10.4921875,2463,2463,9.627851486206055,0.024326229467988014,8.534213975508465e-07
geo,6cd995c675a4a2ebe7e28c6753b5f14fcbaf8f380ac18f8c7f7218e0e55ff4b8,6cd995c6,10.0,1,2,29,1114,0.2890625,0.296875,-0.0078125,0.04296875,4.660118103027344,17,24.2589054107666,0.002792918588966131,0.0027789040468633175,0.0295175239443779,70414,78303,-14.024359703063965,-14.324769973754883,-1.1171875,-1.40625,9.9296875,10.28125,578,44820,9.507085800170898,0.016661206260323524,8.115176228784549e-07
geo,6cd995c675a4a2ebe7e28c6753b5f14fcbaf8f380ac18f8c7f7218e0e55ff4b8,6cd995c6,10.0,1,2,30,1114,0.26171875,0.26611328125,-0.00439453125,0.04248046875,4.2252583503723145,26,22.3164119720459,0.0026731877587735653,0.0026943811681121588,0.03232010081410408,23267,27522,-13.653881072998047,-13.921016693115234,0.57421875,0.3125,12.42578125,12.625,578,578,4.7902913093566895,0.2928483784198761,1.17542458610842e-06
geo,6cd995c675a4a2ebe7e28c6753b5f14fcbaf8f380ac18f8c7f7218e0e55ff4b8,6cd995c6,10.0,1,2,31,1114,0.0625,0.09375,-0.03125,0.03125,2.023472309112549,4473,18.000652313232422,0.0010243922006338835,0.0010229027830064297,0.01702662743628025,11297,11995,-14.474609375,-14.532909393310547,1.7578125,1.6953125,13.4296875,13.4921875,13,13,2.645571708679199,0.351719468832016,5.173173462935665e-07
geo,06800fdee903d0587afca1a9cb82c1a7f86a35084fc8adaa0dbe5ed47fed84c2,06800fde,10.0,1,0,0,20936,0.015625,0.015625,0.0,0.0078125,1.348981499671936,7435,5.332462310791016,0.00022079370683059096,0.0002165343175875023,0.007094721309840679,125586,125653,-17.74779510498047,-17.766239166259766,-3.859375,-3.875,14.296875,14.3125,47523,47523,9.320014953613281,0.03171641007065773,1.959884698976566e-08
geo,06800fdee903d0587afca1a9cb82c1a7f86a35084fc8adaa0dbe5ed47fed84c2,06800fde,10.0,1,0,1,20936,0.0,-0.0078125,0.0078125,0.0078125,-0.674490749835968,83947,3.6202943325042725,7.880269549787045e-05,7.0046546170488e-05,0.005008125677704811,39956,39634,-12.039899826049805,-12.02729606628418,1.5234375,1.5234375,6.1953125,6.1640625,12451,12451,10.789830207824707,0.002895529381930828,5.90388572163647e-06
geo,06800fdee903d0587afca1a9cb82c1a7f86a35084fc8adaa0dbe5ed47fed84c2,06800fde,10.0,1,0,2,20936,-0.03125,-0.03125,0.0,0.01171875,-1.7986421585083008,121246,6.314238548278809,0.00021839469263795763,0.0002175396803067997,0.007816808298230171,53239,52037,-12.447304725646973,-12.41429328918457,1.1484375,1.1796875,6.8515625,6.8828125,12451,12451,10.702260971069336,0.0037136420141905546,3.928296337107895e-06
geo,06800fdee903d0587afca1a9cb82c1a7f86a35084fc8adaa0dbe5ed47fed84c2,06800fde,10.0,1,0,3,20936,-0.06713104248046875,-0.05931854248046875,-0.0078125,0.0166015625,-2.4100027084350586,126720,9.56595230102539,0.0004418734461069107,0.0004342022293712944,0.01147490181028843,92848,90967,-13.643762588500977,-13.57478141784668,-0.06884765625,-0.00171661376953125,8.06884765625,8.001716613769531,58812,58812,10.576998710632324,0.0037918000016361475,1.1873785297211725e-06
geo,06800fdee903d0587afca1a9cb82c1a7f86a35084fc8adaa0dbe5ed47fed84c2,06800fde,10.0,1,0,4,20936,-0.078125,-0.078125,0.0,0.01953125,-2.697962999343872,126915,11.110696792602539,0.0005787702975794673,0.0005798735655844212,0.013573946431279182,103532,101820,-14.176651954650879,-14.08575439453125,-0.494140625,-0.416015625,8.744140625,8.666015625,63075,63075,10.480658531188965,0.004372102208435535,6.96880420036905e-07
geo,06800fdee903d0587afca1a9cb82c1a7f86a35084fc8adaa0dbe5ed47fed84c2,06800fde,10.0,1,0,5,20936,-0.0576171875,-0.0576171875,0.0,0.0234375,-1.658123254776001,120958,12.462140083312988,0.0007380403112620115,0.0007413298590108752,0.015283296816051006,94136,92660,-13.931577682495117,-13.857328414916992,-0.2001953125,-0.142578125,8.8251953125,8.767578125,63075,63075,10.380865097045898,0.006057959049940109,8.904154356059735e-07
geo,06800fdee903d0587afca1a9cb82c1a7f86a35084fc8adaa0dbe5ed47fed84c2,06800fde,10.0,1,0,6,20936,-0.078125,-0.078125,0.0,0.0234375,-2.248302698135376,125743,12.970969200134277,0.000832499354146421,0.0008276871521957219,0.016043100506067276,94048,92056,-14.042695045471191,-13.939303398132324,-0.1953125,-0.1171875,9.1953125,8.9921875,124107,63075,10.278669357299805,0.007848895154893398,7.967737474245951e-07
geo,06800fdee903d0587afca1a9cb82c1a7f86a35084fc8adaa0dbe5ed47fed84c2,06800fde,10.0,1,0,7,20936,-0.015625,-0.015625,0.0,0.03125,-0.337245374917984,81123,15.205246925354004,0.0011442857794463634,0.0011364173842594028,0.018564144149422646,54559,53902,-12.94589614868164,-12.898048400878906,1.1796875,1.1953125,7.7578125,7.8046875,63075,63075,10.13204288482666,0.00558269489556551,2.3859906832512934e-06
geo,06800fdee903d0587afca1a9cb82c1a7f86a35084fc8adaa0dbe5ed47fed84c2,06800fde,10.0,1,0,8,20936,0.0,0.0,0.0,0.03125,0.0,63538,16.38409996032715,0.0012993551790714264,0.0013044436927884817,0.019924314692616463,36666,36289,-12.365846633911133,-12.332625389099121,1.78125,1.78125,7.59375,7.65625,63075,63075,10.086538314819336,0.008462614379823208,4.261682079231832e-06
geo,06800fdee903d0587afca1a9cb82c1a7f86a35084fc8adaa0dbe5ed47fed84c2,06800fde,10.0,1,0,9,20936,-0.03125,-0.0234375,-0.0078125,0.03271484375,-0.4832172691822052,84269,17.960290908813477,0.001459580147638917,0.0014629012439399958,0.02157624065876007,38791,37943,-12.471014022827148,-12.420448303222656,1.5390625,1.5703125,8.0859375,8.1171875,63075,63075,10.028295516967773,0.012461939826607704,3.836254563793773e-06
geo,06800fdee903d0587afca1a9cb82c1a7f86a35084fc8adaa0dbe5ed47fed84c2,06800fde,10.0,1,0,10,20936,-0.03125,-0.0234375,-0.0078125,0.0390625,-0.40469443798065186,81022,19.958532333374023,0.0018590681720525026,0.0018547701183706522,0.024198057129979134,42730,41974,-12.678153991699219,-12.625655174255371,1.4140625,1.4453125,7.8984375,7.9921875,63075,63075,9.958105087280273,0.00839837547391653,3.1185138595901662e-06
geo,06800fdee903d0587afca1a9cb82c1a7f86a35084fc8adaa0dbe5ed47fed84c2,06800fde,10.0,1,0,11,20936,-0.0546875,-0.05078125,-0.00390625,0.03515625,-0.9742644429206848,103817,19.70267105102539,0.001846001367084682,0.0018510788213461637,0.023615239188075066,49723,48108,-12.952730178833008,-12.870137214660645,1.234375,1.2890625,8.328125,8.1484375,124498,124498,9.887106895446777,0.009807530790567398,2.3697402866673656e-06
geo,06800fdee903d0587afca1a9cb82c1a7f86a35084fc8adaa0dbe5ed47fed84c2,06800fde,10.0,1,0,12,20936,-0.03125,-0.03125,0.0,0.03515625,-0.5995473265647888,88963,19.55426597595215,0.0019752730149775743,0.0019598486833274364,0.02480890415608883,31863,30903,-12.334142684936523,-12.261070251464844,1.7265625,1.7578125,7.2734375,7.0546875,99796,99796,9.798969268798828,0.006341086234897375,4.3989589357806835e-06
geo,06800fdee903d0587afca1a9cb82c1a7f86a35084fc8adaa0dbe5ed47fed84c2,06800fde,10.0,1,0,13,20936,-0.0625,-0.0625,0.0,0.0390625,-1.0791852474212646,107188,20.72211456298828,0.002295109210535884,0.002287101000547409,0.026873067021369934,46350,44496,-12.933361053466797,-12.826133728027344,1.0390625,1.1015625,7.8984375,7.7109375,99796,99796,9.699824333190918,0.006506692618131638,2.4160874545486877e-06
geo,06800fdee903d0587afca1a9cb82c1a7f86a35084fc8adaa0dbe5ed47fed84c2,06800fde,10.0,1,0,14,20936,0.0625,0.078125,-0.015625,0.041015625,1.2847442626953125,11182,22.354860305786133,0.0022146182600408792,0.002224572701379657,0.02683969959616661,12580,13322,-11.246725082397461,-11.288331031799316,2.515625,2.453125,6.671875,6.671875,71326,71326,9.75177001953125,0.010307839140295982,1.3049964763922617e-05
geo,06800fdee903d0587afca1a9cb82c1a7f86a35084fc8adaa0dbe5ed47fed84c2,06800fde,10.0,1,0,15,20936,0.0625,0.0625,0.0,0.04443359375,0.9487342834472656,20446,23.37241554260254,0.002738876733928919,0.002729509025812149,0.02958916313946247,24091,24916,-12.112627983093262,-12.119688034057617,2.015625,1.953125,8.171875,8.046875,85386,85386,9.43638801574707,0.01943357102572918,5.489749128173571e-06
geo,06800fdee903d0587afca1a9cb82c1a7f86a35084fc8adaa0dbe5ed47fed84c2,06800fde,10.0,1,0,16,20936,0.03125,0.0390625,-0.0078125,0.04296875,0.6131734251976013,32779,23.834392547607422,0.003059881506487727,0.0030337562784552574,0.031305037438869476,30225,30783,-12.433171272277832,-12.4222993850708,1.515625,1.484375,9.234375,9.078125,85386,85386,9.294922828674316,0.040811292827129364,3.984211161878193e-06
geo,06800fdee903d0587afca1a9cb82c1a7f86a35084fc8adaa0dbe5ed47fed84c2,06800fde,10.0,1,0,17,20936,-0.0078125,-0.0078125,0.0,0.04541015625,-0.11604142934083939,66487,23.579782485961914,0.0027623935602605343,0.0027567287907004356,0.02944295108318329,43316,43007,-12.862467765808105,-12.817689895629883,0.98828125,0.99609375,8.94921875,8.81640625,85386,85386,9.507749557495117,0.01997550018131733,2.593589442767552e-06
geo,06800fdee903d0587afca1a9cb82c1a7f86a35084fc8adaa0dbe5ed47fed84c2,06800fde,10.0,1,0,18,20936,0.0390625,0.0390625,0.0,0.046875,0.562075674533844,33556,24.226268768310547,0.003124241717159748,0.003110049292445183,0.031223416328430176,26821,27436,-12.162869453430176,-12.16724967956543,1.5234375,1.484375,8.4765625,8.390625,85386,85386,9.56208610534668,0.02506440132856369,5.2207501539669465e-06
geo,06800fdee903d0587afca1a9cb82c1a7f86a35084fc8adaa0dbe5ed47fed84c2,06800fde,10.0,1,0,19,20936,0.0546875,0.0546875,0.0,0.04296875,0.8584427833557129,22937,23.417612075805664,0.0025739329867064953,0.0025878334417939186,0.028373844921588898,24147,25105,-11.95326042175293,-11.987279891967773,1.4609375,1.40625,7.6015625,7.53125,85386,85386,9.7520112991333,0.012884922325611115,6.438207492465153e-06
geo,06800fdee903d0587afca1a9cb82c1a7f86a35084fc8adaa0dbe5ed47fed84c2,06800fde,10.0,1,0,20,20936,0.0625,0.05859375,0.00390625,0.04296875,0.9197601675987244,21800,23.578746795654297,0.002754951361566782,0.0027596254367381334,0.029367810115218163,26394,27398,-12.04653549194336,-12.070968627929688,1.46875,1.40625,7.59375,7.46875,124498,124498,9.798558235168457,0.011646081693470478,5.864839295099955e-06
geo,06800fdee903d0587afca1a9cb82c1a7f86a35084fc8adaa0dbe5ed47fed84c2,06800fde,10.0,1,0,21,20936,0.078125,0.0625,0.015625,0.04296875,0.9810774922370911,18082,23.042966842651367,0.002560650696977973,0.002560708438977599,0.028680268675088882,8534,8908,-10.887052536010742,-10.914031982421875,2.765625,2.6875,7.296875,7.1875,124498,124498,9.601123809814453,0.02759343758225441,1.8698774510994554e-05
geo,06800fdee903d0587afca1a9cb82c1a7f86a35084fc8adaa0dbe5ed47fed84c2,06800fde,10.0,1,0,22,20936,0.046875,0.046875,0.0,0.041015625,0.7708466053009033,25593,22.715055465698242,0.0022519517224282026,0.002241825219243765,0.026679331436753273,8153,8450,-10.743280410766602,-10.774251937866211,2.515625,2.46875,5.796875,5.78125,124498,124498,10.071283340454102,0.007108920253813267,2.1589998141280375e-05
geo,06800fdee903d0587afca1a9cb82c1a7f86a35084fc8adaa0dbe5ed47fed84c2,06800fde,10.0,1,0,23,20936,0.0,0.00390625,-0.00390625,0.04296875,0.06131734326481819,57243,22.389867782592773,0.002220811089500785,0.0022228769958019257,0.026344837620854378,11498,11417,-11.004463195800781,-10.99821949005127,1.9375,1.9375,5.53125,5.5,84120,84120,10.227140426635742,0.004197722300887108,1.662732393015176e-05
geo,06800fdee903d0587afca1a9cb82c1a7f86a35084fc8adaa0dbe5ed47fed84c2,06800fde,10.0,1,0,24,20936,0.03125,0.03515625,-0.00390625,0.04296875,0.5518561005592346,32509,22.574182510375977,0.0022368503268808126,0.002239990048110485,0.02650095894932747,6425,6590,-10.505311965942383,-10.52665901184082,2.265625,2.234375,5.109375,5.171875,54977,54977,10.224998474121094,0.0045349691063165665,2.739056435530074e-05
geo,06800fdee903d0587afca1a9cb82c1a7f86a35084fc8adaa0dbe5ed47fed84c2,06800fde,10.0,1,0,25,20936,0.046875,0.0390625,0.0078125,0.0390625,0.674490749835968,30479,21.91901397705078,0.002203949261456728,0.002196849323809147,0.026067666709423065,5374,5517,-10.407155990600586,-10.424731254577637,2.8125,2.765625,5.3125,5.296875,19664,96438,9.847238540649414,0.006129414774477482,3.0215485821827315e-05
geo,06800fdee903d0587afca1a9cb82c1a7f86a35084fc8adaa0dbe5ed47fed84c2,06800fde,10.0,1,0,26,20936,0.015625,0.0,0.015625,0.0390625,0.0,62081,22.369047164916992,0.0022227498702704906,0.002218525391072035,0.026376860216259956,7103,6962,-10.62437629699707,-10.606162071228027,2.578125,2.5625,5.484375,5.34375,19664,19664,9.937052726745605,0.005857684649527073,2.4315992050105706e-05
geo,06800fdee903d0587afca1a9cb82c1a7f86a35084fc8adaa0dbe5ed47fed84c2,06800fde,10.0,1,0,27,20936,0.015625,0.0,0.015625,0.0390625,0.0,60338,20.865686416625977,0.0018721292726695538,0.0018775733187794685,0.024007031694054604,3754,3702,-10.054035186767578,-10.045181274414062,3.578125,3.5625,5.046875,5.0,19664,19664,9.747657775878906,0.006689874455332756,4.301183798816055e-05
geo,06800fdee903d0587afca1a9cb82c1a7f86a35084fc8adaa0dbe5ed47fed84c2,06800fde,10.0,1,0,28,20936,0.03125,0.015625,0.015625,0.0390625,0.26979631185531616,49348,21.767372131347656,0.002016898710280657,0.0020233390387147665,0.024957871064543724,1281,1284,-9.217809677124023,-9.222002029418945,4.15625,4.125,4.59375,4.5625,2463,2463,9.736902236938477,0.009812882170081139,9.92558489087969e-05
geo,06800fdee903d0587afca1a9cb82c1a7f86a35084fc8adaa0dbe5ed47fed84c2,06800fde,10.0,1,0,29,20936,-0.03125,-0.08203125,0.05078125,0.0625,-0.8852691650390625,102955,34.267337799072266,0.008847824297845364,0.009219747968018055,0.04967251420021057,451,416,-8.505988121032715,-8.463676452636719,4.40625,4.4375,5.15625,5.5,198,198,9.358175277709961,0.035093534737825394,0.00020225360640324652
geo,06800fdee903d0587afca1a9cb82c1a7f86a35084fc8adaa0dbe5ed47fed84c2,06800fde,10.0,1,0,30,20936,-0.078125,-0.0703125,-0.0078125,0.0546875,-0.8672024607658386,102670,28.727418899536133,0.004934662953019142,0.004890983924269676,0.04105864092707634,3113,2845,-10.91687297821045,-10.79921817779541,3.390625,3.46875,9.796875,9.71875,791,791,4.89977502822876,0.3262803554534912,1.814940151234623e-05
geo,06800fdee903d0587afca1a9cb82c1a7f86a35084fc8adaa0dbe5ed47fed84c2,06800fde,10.0,1,0,31,20936,-0.1044921875,-0.1044921875,0.0,0.046875,-1.5035524368286133,119690,27.447181701660156,0.003144366666674614,0.0030604121275246143,0.0293559730052948,36721,34623,-15.506732940673828,-15.373490333557129,0.1884765625,0.29296875,13.9990234375,13.89453125,791,791,3.540569305419922,0.22141647338867188,1.8429410886255937e-07
geo,06800fdee903d0587afca1a9cb82c1a7f86a35084fc8adaa0dbe5ed47fed84c2,06800fde,10.0,1,1,0,17228,-0.0625,-0.0625,0.0,0.0234375,-1.7986421585083008,122721,12.838690757751465,0.0007306006737053394,0.0007295160321518779,0.014804456382989883,124026,123710,-17.523090362548828,-17.455589294433594,-3.5625,-3.5,13.875,13.8125,30148,30148,9.362589836120605,0.02604079619050026,2.4536834786204054e-08
geo,06800fdee903d0587afca1a9cb82c1a7f86a35084fc8adaa0dbe5ed47fed84c2,06800fde,10.0,1,1,1,17228,-0.12353515625,-0.18603515625,0.0625,0.09375,-1.3384426832199097,116202,50.211936950683594,0.012893532402813435,0.012611635029315948,0.06151508539915085,105388,102779,-14.598482131958008,-14.283954620361328,-0.16015625,-0.03662109375,10.47265625,9.66162109375,63075,63075,10.192309379577637,0.01615014299750328,4.570458429498103e-07
geo,06800fdee903d0587afca1a9cb82c1a7f86a35084fc8adaa0dbe5ed47fed84c2,06800fde,10.0,1,1,2,17228,-0.375,-0.3828125,0.0078125,0.1171875,-2.203336477279663,126072,62.22273254394531,0.0186739694327116,0.018695807084441185,0.07753300666809082,122217,120168,-16.449411392211914,-15.898443222045898,-1.9140625,-1.5390625,13.1015625,12.2890625,63075,63075,9.656091690063477,0.03515990450978279,7.179784233812825e-08
geo,06800fdee903d0587afca1a9cb82c1a7f86a35084fc8adaa0dbe5ed47fed84c2,06800fde,10.0,1,1,3,17228,-0.18359375,-0.13671875,-0.046875,0.125,-0.7377243041992188,98988,67.04071807861328,0.018893752247095108,0.018894843757152557,0.07647798955440521,104811,103149,-15.252510070800781,-15.012096405029297,-1.03125,-0.84765625,10.59375,10.41015625,84310,84310,9.65390396118164,0.009478207677602768,2.3763972478718642e-07
geo,06800fdee903d0587afca1a9cb82c1a7f86a35084fc8adaa0dbe5ed47fed84c2,06800fde,10.0,1,1,4,17228,0.119140625,0.1533203125,-0.0341796875,0.1201171875,0.8609353303909302,24316,65.22095489501953,0.018549615517258644,0.018526241183280945,0.07583129405975342,70292,74716,-13.952704429626465,-14.00479507446289,0.3671875,0.248046875,10.1328125,10.064453125,124107,124107,9.496299743652344,0.021930165588855743,8.71801205448719e-07
geo,06800fdee903d0587afca1a9cb82c1a7f86a35084fc8adaa0dbe5ed47fed84c2,06800fde,10.0,1,1,5,17228,0.171875,0.2138671875,-0.0419921875,0.1142578125,1.2625082731246948,12780,62.169559478759766,0.017941059544682503,0.01749935746192932,0.07260824739933014,41769,46665,-12.960896492004395,-13.090154647827148,1.28125,1.109375,8.78125,8.890625,124107,121701,9.449434280395508,0.015303916297852993,2.3504671844420955e-06
geo,06800fdee903d0587afca1a9cb82c1a7f86a35084fc8adaa0dbe5ed47fed84c2,06800fde,10.0,1,1,6,17228,-0.015625,0.015625,-0.03125,0.1171875,0.08993209898471832,59422,63.98296356201172,0.02200276404619217,0.02128034457564354,0.08066663146018982,45044,45053,-13.124211311340332,-13.066123008728027,1.34375,1.359375,9.34375,9.453125,77342,124107,9.345965385437012,0.022812170907855034,1.9963074464612873e-06
geo,06800fdee903d0587afca1a9cb82c1a7f86a35084fc8adaa0dbe5ed47fed84c2,06800fde,10.0,1,1,7,17228,0.001953125,0.033203125,-0.03125,0.0986328125,0.22705629467964172,51551,54.305870056152344,0.01254383847117424,0.012589117512106895,0.06412588804960251,71637,72540,-14.265056610107422,-14.251611709594727,0.388671875,0.38671875,10.298828125,10.17578125,77342,96090,9.184797286987305,0.018944749608635902,6.379176511472906e-07
geo,06800fdee903d0587afca1a9cb82c1a7f86a35084fc8adaa0dbe5ed47fed84c2,06800fde,10.0,1,1,8,17228,-0.0625,-0.0078125,-0.0546875,0.109375,-0.04817791283130646,64771,59.92657470703125,0.01510874554514885,0.015099406242370605,0.06916594505310059,40435,40173,-13.038890838623047,-13.002357482910156,1.5703125,1.6328125,8.4921875,8.2421875,71889,71889,9.267810821533203,0.010602093301713467,2.174110704800114e-06
geo,06800fdee903d0587afca1a9cb82c1a7f86a35084fc8adaa0dbe5ed47fed84c2,06800fde,10.0,1,1,9,17228,-0.175537109375,-0.143310546875,-0.0322265625,0.0947265625,-1.0204280614852905,106825,52.75489044189453,0.011596888303756714,0.011615816503763199,0.06053377687931061,81974,78541,-14.626529693603516,-14.461332321166992,-0.232421875,-0.056884765625,10.482421875,10.244384765625,95929,124498,9.308757781982422,0.015857577323913574,4.4440491819841554e-07
geo,06800fdee903d0587afca1a9cb82c1a7f86a35084fc8adaa0dbe5ed47fed84c2,06800fde,10.0,1,1,10,17228,-0.14453125,-0.12890625,-0.015625,0.09375,-0.9274248480796814,106136,50.0045280456543,0.009858312085270882,0.009872221387922764,0.05450880154967308,63906,60575,-14.059210777282715,-13.909262657165527,0.58984375,0.734375,10.78515625,10.640625,124498,124498,9.052077293395996,0.03785264119505882,7.837225552975724e-07
geo,06800fdee903d0587afca1a9cb82c1a7f86a35084fc8adaa0dbe5ed47fed84c2,06800fde,10.0,1,1,11,17228,-0.1767578125,-0.1474609375,-0.029296875,0.08984375,-1.1070445775985718,112049,48.20016098022461,0.010157924145460129,0.01011943630874157,0.05676078423857689,78768,75167,-14.741588592529297,-14.567108154296875,0.052734375,0.2294921875,11.322265625,11.0205078125,77342,77342,8.977415084838867,0.03273458033800125,3.961041556976852e-07
geo,06800fdee903d0587afca1a9cb82c1a7f86a35084fc8adaa0dbe5ed47fed84c2,06800fde,10.0,1,1,12,17228,-0.207763671875,-0.176513671875,-0.03125,0.08984375,-1.325154423713684,117235,48.281612396240234,0.011194905266165733,0.01113602239638567,0.058554187417030334,81219,77002,-14.939444541931152,-14.750175476074219,-0.2578125,-0.050048828125,11.3828125,11.237548828125,77342,77342,8.710864067077637,0.028534773737192154,3.249987514664099e-07
geo,06800fdee903d0587afca1a9cb82c1a7f86a35084fc8adaa0dbe5ed47fed84c2,06800fde,10.0,1,1,13,17228,-0.234375,-0.2109375,-0.0234375,0.09375,-1.5176043510437012,119145,50.913516998291016,0.013476764783263206,0.0132792629301548,0.0639083981513977,123322,122209,-17.993558883666992,-17.784757614135742,-3.203125,-2.96875,14.953125,14.71875,124107,124107,8.316152572631836,0.047814175486564636,1.532839455364865e-08
geo,06800fdee903d0587afca1a9cb82c1a7f86a35084fc8adaa0dbe5ed47fed84c2,06800fde,10.0,1,1,14,17228,-0.0859375,-0.0703125,-0.015625,0.09375,-0.5058680772781372,89022,50.772369384765625,0.012102875858545303,0.012019758112728596,0.06154478341341019,85517,83860,-14.881689071655273,-14.807936668395996,-0.82421875,-0.73828125,11.01171875,11.11328125,50340,50340,9.146371841430664,0.02085898444056511,3.443218474785681e-07
geo,06800fdee903d0587afca1a9cb82c1a7f86a35084fc8adaa0dbe5ed47fed84c2,06800fde,10.0,1,1,15,17228,-0.03125,-0.03125,0.0,0.09375,-0.2248302698135376,73410,50.12014389038086,0.012219924479722977,0.012186487205326557,0.06354711204767227,99316,98774,-15.866406440734863,-15.837801933288574,-1.0390625,-1.0078125,13.1015625,12.8828125,45625,45625,8.451726913452148,0.06298594176769257,1.28619618067205e-07
geo,06800fdee903d0587afca1a9cb82c1a7f86a35084fc8adaa0dbe5ed47fed84c2,06800fde,10.0,1,1,16,17228,-0.03125,0.0,-0.03125,0.09375,0.0,61776,51.0865478515625,0.013708075508475304,0.013805169612169266,0.06561818718910217,95715,95717,-15.334962844848633,-15.356505393981934,-1.2421875,-1.2109375,10.9921875,11.3984375,73106,85386,9.108565330505371,0.01300039142370224,2.1883171541503543e-07
geo,06800fdee903d0587afca1a9cb82c1a7f86a35084fc8adaa0dbe5ed47fed84c2,06800fde,10.0,1,1,17,17228,-0.078125,-0.0625,-0.015625,0.087890625,-0.47963792085647583,85541,48.568145751953125,0.011508004739880562,0.011458741500973701,0.06025789678096771,118484,118033,-16.785722732543945,-16.726970672607422,-2.625,-2.546875,12.5625,12.671875,94512,94512,9.116495132446289,0.014651350677013397,5.129242452994731e-08
geo,06800fdee903d0587afca1a9cb82c1a7f86a35084fc8adaa0dbe5ed47fed84c2,06800fde,10.0,1,1,18,17228,-0.1875,-0.1484375,-0.0390625,0.0859375,-1.165029525756836,110912,47.92613220214844,0.011727350763976574,0.011717160232365131,0.060835689306259155,125629,125144,-17.947250366210938,-17.80792808532715,-3.96875,-3.78125,13.96875,14.09375,93938,93938,9.11245059967041,0.018713699653744698,1.6054922724606513e-08
geo,06800fdee903d0587afca1a9cb82c1a7f86a35084fc8adaa0dbe5ed47fed84c2,06800fde,10.0,1,1,19,17228,-0.125,-0.109375,-0.015625,0.0859375,-0.8584427833557129,101450,46.58292007446289,0.01071365736424923,0.010647266171872616,0.058016322553157806,117148,116091,-16.48352813720703,-16.37559700012207,-2.5625,-2.4375,12.25,12.25,93938,93938,9.207069396972656,0.014501124620437622,6.938964958180804e-08
geo,06800fdee903d0587afca1a9cb82c1a7f86a35084fc8adaa0dbe5ed47fed84c2,06800fde,10.0,1,1,20,17228,-0.15625,-0.15625,0.0,0.0859375,-1.2263468503952026,112874,46.915218353271484,0.011120196431875229,0.010995867662131786,0.058695435523986816,120341,119076,-16.743574142456055,-16.57750129699707,-2.796875,-2.640625,12.671875,12.640625,117386,117386,9.2771635055542,0.017048396170139313,5.350053555730483e-08
geo,06800fdee903d0587afca1a9cb82c1a7f86a35084fc8adaa0dbe5ed47fed84c2,06800fde,10.0,1,1,21,17228,-0.1640625,-0.1484375,-0.015625,0.078125,-1.2815324068069458,114125,44.092430114746094,0.00994924083352089,0.009870543144643307,0.05590015649795532,106755,104238,-15.644050598144531,-15.490690231323242,-1.6328125,-1.46875,10.9453125,10.96875,117386,117386,9.297062873840332,0.009106757119297981,1.6064794294834428e-07
geo,06800fdee903d0587afca1a9cb82c1a7f86a35084fc8adaa0dbe5ed47fed84c2,06800fde,10.0,1,1,22,17228,-0.1953125,-0.1640625,-0.03125,0.078125,-1.4164305925369263,117379,43.18113327026367,0.008871414698660374,0.008825259283185005,0.05215241387486458,111170,108613,-15.527078628540039,-15.354669570922852,-2.125,-1.9296875,10.5,10.3671875,67707,67707,9.740072250366211,0.0065579405054450035,1.805824041412052e-07
geo,06800fdee903d0587afca1a9cb82c1a7f86a35084fc8adaa0dbe5ed47fed84c2,06800fde,10.0,1,1,23,17228,-0.1953125,-0.15625,-0.0390625,0.078125,-1.348981499671936,116043,42.511375427246094,0.00839769933372736,0.008429497480392456,0.051197249442338943,96142,92304,-14.471221923828125,-14.322415351867676,-1.5078125,-1.3125,9.1640625,9.0625,96836,49516,9.988485336303711,0.0049559869803488255,5.190726710679883e-07
geo,06800fdee903d0587afca1a9cb82c1a7f86a35084fc8adaa0dbe5ed47fed84c2,06800fde,10.0,1,1,24,17228,-0.15625,-0.109375,-0.046875,0.078125,-0.9442870616912842,106166,40.57033157348633,0.007271941285580397,0.007304564118385315,0.04769601672887802,94337,91499,-14.333162307739258,-14.234418869018555,-1.671875,-1.515625,9.046875,9.078125,96836,96836,10.118003845214844,0.005060513503849506,5.959182658443751e-07
geo,06800fdee903d0587afca1a9cb82c1a7f86a35084fc8adaa0dbe5ed47fed84c2,06800fde,10.0,1,1,25,17228,-0.13134765625,-0.09228515625,-0.0390625,0.0703125,-0.8852691054344177,104097,38.10638427734375,0.006474622525274754,0.006501663476228714,0.04493233188986778,56652,53951,-13.224693298339844,-13.143899917602539,-0.10400390625,0.02734375,8.04150390625,7.97265625,100765,100765,9.815571784973145,0.005610087886452675,1.8054633983410895e-06
geo,06800fdee903d0587afca1a9cb82c1a7f86a35084fc8adaa0dbe5ed47fed84c2,06800fde,10.0,1,1,26,17228,-0.115234375,-0.08013916015625,-0.03509521484375,0.06646728515625,-0.813228964805603,99894,37.47050476074219,0.0059932223521173,0.0059884339570999146,0.0431249737739563,70845,68471,-13.670440673828125,-13.600401878356934,-0.5390625,-0.423828125,8.7265625,8.548828125,73627,73627,9.837565422058105,0.007126901764422655,1.1561203336896142e-06
geo,06800fdee903d0587afca1a9cb82c1a7f86a35084fc8adaa0dbe5ed47fed84c2,06800fde,10.0,1,1,27,17228,-0.01953125,0.01171875,-0.03125,0.0625,0.1264670193195343,60075,35.21103286743164,0.005236235912889242,0.005219204816967249,0.0400792732834816,74290,74398,-14.112682342529297,-14.117912292480469,-0.408203125,-0.388671875,9.533203125,9.576171875,64096,64096,9.56671142578125,0.010260242968797684,7.429163701999641e-07
geo,06800fdee903d0587afca1a9cb82c1a7f86a35084fc8adaa0dbe5ed47fed84c2,06800fde,10.0,1,1,28,17228,-0.04296875,0.00390625,-0.046875,0.0625,0.042155671864748,62763,35.55649185180664,0.0052621131762862206,0.005275127477943897,0.04021703079342842,76819,76794,-14.109122276306152,-14.117012977600098,-1.0,-0.95703125,10.4375,10.45703125,2463,2463,9.698026657104492,0.025435173884034157,7.455658987964853e-07
geo,06800fdee903d0587afca1a9cb82c1a7f86a35084fc8adaa0dbe5ed47fed84c2,06800fde,10.0,1,1,29,17228,-0.04296875,-0.04296875,0.0,0.0703125,-0.4121887981891632,83315,37.66731643676758,0.00654712226241827,0.006603391841053963,0.04436732828617096,36242,35315,-12.585838317871094,-12.561883926391602,0.349609375,0.392578125,8.275390625,8.232421875,44820,44820,9.683137893676758,0.013427536934614182,3.4201084417873062e-06
geo,06800fdee903d0587afca1a9cb82c1a7f86a35084fc8adaa0dbe5ed47fed84c2,06800fde,10.0,1,1,30,17228,-0.140625,-0.09375,-0.046875,0.065185546875,-0.9700541496276855,104688,36.487789154052734,0.006806244608014822,0.006949444301426411,0.04383363947272301,1309,1142,-10.104679107666016,-10.019247055053711,3.984375,4.125,8.453125,8.375,578,578,5.19236946105957,0.19175174832344055,4.0887789509724826e-05
geo,06800fdee903d0587afca1a9cb82c1a7f86a35084fc8adaa0dbe5ed47fed84c2,06800fde,10.0,1,1,31,17228,-0.0615234375,-0.0302734375,-0.03125,0.0478515625,-0.42671865224838257,83211,28.80103874206543,0.0029492592439055443,0.0029746447689831257,0.03177942708134651,33355,32597,-15.978282928466797,-15.882941246032715,0.1337890625,0.1953125,14.8037109375,14.6171875,13,13,2.7221038341522217,0.3089510500431061,1.1500583951828958e-07
geo,06800fdee903d0587afca1a9cb82c1a7f86a35084fc8adaa0dbe5ed47fed84c2,06800fde,10.0,1,2,0,1135,-0.0625,-0.046875,-0.015625,0.03125,-1.0117361545562744,110733,15.08218765258789,0.001031632418744266,0.0010218443349003792,0.018036913126707077,5295,5008,-10.369922637939453,-10.324302673339844,3.140625,3.203125,5.359375,5.421875,77394,77394,9.60919189453125,0.006667251233011484,3.1361716537503526e-05
geo,06800fdee903d0587afca1a9cb82c1a7f86a35084fc8adaa0dbe5ed47fed84c2,06800fde,10.0,1,2,1,1135,0.0078125,-0.04296875,0.05078125,0.059814453125,-0.4845321476459503,86349,33.428466796875,0.004822875373065472,0.004798240959644318,0.038561150431632996,125953,126146,-15.584522247314453,-15.488816261291504,-1.828125,-1.8359375,9.734375,9.6484375,12451,12451,10.693358421325684,0.0028794764075428247,1.7050140854735218e-07
geo,06800fdee903d0587afca1a9cb82c1a7f86a35084fc8adaa0dbe5ed47fed84c2,06800fde,10.0,1,2,2,1135,-0.0078125,-0.02734375,0.01953125,0.1015625,-0.18159367144107819,72676,55.18601989746094,0.014549448154866695,0.01444322895258665,0.06701719760894775,120100,120866,-15.098165512084961,-14.972600936889648,-1.2890625,-1.28125,10.0390625,9.40625,63075,12451,10.480250358581543,0.00635125394910574,2.7730010287996265e-07
geo,06800fdee903d0587afca1a9cb82c1a7f86a35084fc8adaa0dbe5ed47fed84c2,06800fde,10.0,1,2,3,1135,0.046875,0.0703125,-0.0234375,0.125,0.3794010579586029,44739,68.68228149414062,0.021011512726545334,0.021037288010120392,0.08193521201610565,118099,120149,-15.354921340942383,-15.29106330871582,-1.546875,-1.59375,9.921875,9.65625,84310,63075,10.22006893157959,0.004369761794805527,2.1450745180118247e-07
geo,06800fdee903d0587afca1a9cb82c1a7f86a35084fc8adaa0dbe5ed47fed84c2,06800fde,10.0,1,2,4,1135,0.28563880920410156,0.31688880920410156,-0.03125,0.140625,1.5199187994003296,7678,75.70130920410156,0.02541542425751686,0.02549254149198532,0.0897974818944931,74989,85626,-13.608684539794922,-13.790346145629883,0.28515625,-0.0004825592041015625,8.52734375,8.375482559204102,124107,124107,10.137691497802734,0.006211575120687485,1.2297685998419183e-06
geo,06800fdee903d0587afca1a9cb82c1a7f86a35084fc8adaa0dbe5ed47fed84c2,06800fde,10.0,1,2,5,1135,0.298828125,0.34765625,-0.048828125,0.150390625,1.5592124462127686,7242,81.43206024169922,0.029189294204115868,0.029488086700439453,0.09632635861635208,67409,78794,-13.479808807373047,-13.685550689697266,0.455078125,0.15625,8.794921875,8.65625,121701,121701,9.954983711242676,0.009233774617314339,1.3989217677590204e-06
geo,06800fdee903d0587afca1a9cb82c1a7f86a35084fc8adaa0dbe5ed47fed84c2,06800fde,10.0,1,2,6,1135,0.49609375,0.515625,-0.01953125,0.16015625,2.1715312004089355,2106,87.40475463867188,0.03317379206418991,0.03339657559990883,0.10248979181051254,45523,60794,-12.853923797607422,-13.221656799316406,1.3046875,0.80859375,9.0703125,9.19140625,124107,124107,9.791333198547363,0.022740419954061508,2.615843868625234e-06
geo,06800fdee903d0587afca1a9cb82c1a7f86a35084fc8adaa0dbe5ed47fed84c2,06800fde,10.0,1,2,7,1135,0.197265625,0.236328125,-0.0390625,0.171875,0.9274248480796814,22240,93.75466918945312,0.039852775633335114,0.03966332972049713,0.11070312559604645,90117,96931,-14.649524688720703,-14.73149585723877,-0.201171875,-0.3984375,10.263671875,9.8984375,96090,37836,9.590608596801758,0.012452269904315472,4.3430242158137844e-07
geo,06800fdee903d0587afca1a9cb82c1a7f86a35084fc8adaa0dbe5ed47fed84c2,06800fde,10.0,1,2,8,1135,0.4228515625,0.4580078125,-0.03515625,0.18359375,1.682639241218567,5622,98.63287353515625,0.04239174723625183,0.04249123856425285,0.11366929858922958,81452,93922,-14.340004920959473,-14.647799491882324,0.1708984375,-0.251953125,9.3291015625,9.564453125,91847,124107,9.562475204467773,0.006664879620075226,5.91854529830016e-07
geo,06800fdee903d0587afca1a9cb82c1a7f86a35084fc8adaa0dbe5ed47fed84c2,06800fde,10.0,1,2,9,1135,0.15234375,0.205718994140625,-0.053375244140625,0.171539306640625,0.8088849782943726,27253,93.33858489990234,0.03777094930410385,0.03786461800336838,0.10794676095247269,94657,100156,-14.88123893737793,-14.947998046875,-0.65234375,-0.8046875,10.71484375,10.4296875,124498,124498,9.572922706604004,0.015508055686950684,3.444768594818015e-07
geo,06800fdee903d0587afca1a9cb82c1a7f86a35084fc8adaa0dbe5ed47fed84c2,06800fde,10.0,1,2,10,1135,0.24609375,0.26953125,-0.0234375,0.173828125,1.045839548110962,19049,94.44906616210938,0.04119144007563591,0.04132739454507828,0.11483697593212128,95603,102218,-15.10365104675293,-15.215555191040039,-0.67578125,-0.921875,11.67578125,11.296875,124498,124498,9.347452163696289,0.032456014305353165,2.7578312256082427e-07
geo,06800fdee903d0587afca1a9cb82c1a7f86a35084fc8adaa0dbe5ed47fed84c2,06800fde,10.0,1,2,11,1135,0.140625,0.166015625,-0.025390625,0.177734375,0.6300188899040222,33228,96.84770202636719,0.040293458849191666,0.0403146930038929,0.1127789095044136,105080,108997,-15.748178482055664,-15.765239715576172,-1.109375,-1.25,12.359375,12.1875,124498,124498,9.207620620727539,0.0337490439414978,1.447614721428181e-07
geo,06800fdee903d0587afca1a9cb82c1a7f86a35084fc8adaa0dbe5ed47fed84c2,06800fde,10.0,1,2,12,1135,0.0703125,0.09765625,-0.02734375,0.18359375,0.3587716817855835,46149,101.38981628417969,0.04941051825881004,0.04921014979481697,0.1259395033121109,112338,114644,-16.43085479736328,-16.335397720336914,-1.703125,-1.7734375,12.703125,12.0859375,77342,77342,8.833173751831055,0.024047372862696648,7.314260841440046e-08
geo,06800fdee903d0587afca1a9cb82c1a7f86a35084fc8adaa0dbe5ed47fed84c2,06800fde,10.0,1,2,13,1135,0.1328125,0.1328125,0.0,0.203125,0.4410131871700287,41324,110.79461669921875,0.05982960760593414,0.05983375385403633,0.13802093267440796,101264,104706,-15.849802017211914,-15.766464233398438,-1.078125,-1.2109375,12.265625,11.5859375,50340,124107,8.470709800720215,0.027759511023759842,1.307731025690373e-07
geo,06800fdee903d0587afca1a9cb82c1a7f86a35084fc8adaa0dbe5ed47fed84c2,06800fde,10.0,1,2,14,1135,0.220703125,0.283203125,-0.0625,0.2109375,0.9055662751197815,22710,115.03807830810547,0.061892442405223846,0.06101410090923309,0.13687792420387268,48399,56038,-13.412774085998535,-13.566418647766113,0.66015625,0.439453125,10.21484375,9.685546875,50340,50340,9.034955024719238,0.04084664583206177,1.4959126701796777e-06
geo,06800fdee903d0587afca1a9cb82c1a7f86a35084fc8adaa0dbe5ed47fed84c2,06800fde,10.0,1,2,15,1135,0.275390625,0.275390625,0.0,0.1912994384765625,0.9709826707839966,21362,105.26578521728516,0.054571136832237244,0.054126180708408356,0.1298251897096634,86456,93498,-15.144980430603027,-15.272237777709961,-0.376953125,-0.65234375,11.751953125,11.52734375,50340,50340,8.554999351501465,0.033606793731451035,2.646175119025429e-07
geo,06800fdee903d0587afca1a9cb82c1a7f86a35084fc8adaa0dbe5ed47fed84c2,06800fde,10.0,1,2,16,1135,0.3291015625,0.3603515625,-0.03125,0.1796875,1.3526471853256226,11202,98.65460205078125,0.04879375919699669,0.047781772911548615,0.12425195425748825,75038,84700,-14.551040649414062,-14.835251808166504,-0.1787109375,-0.5078125,11.4287109375,12.0703125,85386,85386,8.621397018432617,0.04405439645051956,4.792513550455624e-07
geo,06800fdee903d0587afca1a9cb82c1a7f86a35084fc8adaa0dbe5ed47fed84c2,06800fde,10.0,1,2,17,1135,0.560791015625,0.560791015625,0.0,0.171875,2.2007176876068115,2364,95.02000427246094,0.06162819266319275,0.0573950931429863,0.13164225220680237,72475,87528,-14.384684562683105,-14.787418365478516,0.037353515625,-0.5234375,11.650146484375,11.1484375,94512,85386,8.56812572479248,0.06492400169372559,5.659927637680084e-07
geo,06800fdee903d0587afca1a9cb82c1a7f86a35084fc8adaa0dbe5ed47fed84c2,06800fde,10.0,1,2,18,1135,0.490478515625,0.482666015625,0.0078125,0.1640625,1.984327793121338,3606,91.01686096191406,0.04959920793771744,0.04815623164176941,0.12229166179895401,72291,85726,-14.289963722229004,-14.630043029785156,-0.056396484375,-0.546875,11.118896484375,11.046875,93938,85386,8.724838256835938,0.04195880517363548,6.222252295629005e-07
geo,06800fdee903d0587afca1a9cb82c1a7f86a35084fc8adaa0dbe5ed47fed84c2,06800fde,10.0,1,2,19,1135,0.37109375,0.33984375,0.03125,0.1640625,1.397159457206726,10425,88.67646789550781,0.04534558951854706,0.04399612918496132,0.117208331823349,94147,102516,-14.999561309814453,-15.201906204223633,-0.98828125,-1.359375,11.67578125,11.109375,94512,85386,8.949912071228027,0.036016419529914856,3.0603655432059895e-07
geo,06800fdee903d0587afca1a9cb82c1a7f86a35084fc8adaa0dbe5ed47fed84c2,06800fde,10.0,1,2,20,1135,0.09375,0.078125,0.015625,0.1640625,0.3211860656738281,47001,90.0560073852539,0.04543201997876167,0.04403119534254074,0.11601967364549637,106383,108727,-15.454549789428711,-15.417572021484375,-1.515625,-1.609375,11.828125,11.296875,94512,124498,9.250222206115723,0.02661115489900112,1.9416650332004792e-07
geo,06800fdee903d0587afca1a9cb82c1a7f86a35084fc8adaa0dbe5ed47fed84c2,06800fde,10.0,1,2,21,1135,0.1484375,0.1484375,0.0,0.15625,0.6407662034034729,33624,87.43211364746094,0.03676415607333183,0.036176204681396484,0.1037830114364624,103758,107233,-15.364234924316406,-15.428548812866211,-1.3046875,-1.453125,11.8046875,12.015625,98747,98747,9.18867301940918,0.028451697900891304,2.1251889847917482e-07
geo,06800fdee903d0587afca1a9cb82c1a7f86a35084fc8adaa0dbe5ed47fed84c2,06800fde,10.0,1,2,22,1135,0.171875,0.2001953125,-0.0283203125,0.1533203125,0.8807045221328735,24086,85.31024932861328,0.034711360931396484,0.03457469865679741,0.10346890985965729,93160,98550,-14.485217094421387,-14.620386123657227,-1.078125,-1.25,9.578125,9.375,94512,84120,9.863943099975586,0.007393958047032356,5.118587864672008e-07
geo,06800fdee903d0587afca1a9cb82c1a7f86a35084fc8adaa0dbe5ed47fed84c2,06800fde,10.0,1,2,23,1135,0.0703125,0.1015625,-0.03125,0.1484375,0.46149370074272156,41279,82.08422088623047,0.030815310776233673,0.030850302428007126,0.09721744060516357,106015,108238,-14.869400978088379,-14.931909561157227,-1.8125,-1.8828125,10.1875,10.1328125,49516,49516,10.046548843383789,0.009261391125619411,3.4857899322560115e-07
geo,06800fdee903d0587afca1a9cb82c1a7f86a35084fc8adaa0dbe5ed47fed84c2,06800fde,10.0,1,2,24,1135,-0.078125,-0.0546875,-0.0234375,0.1484375,-0.24849660694599152,75719,79.96096801757812,0.029715385288000107,0.029978414997458458,0.09495103359222412,106218,105531,-14.866659164428711,-14.782633781433105,-1.96875,-1.890625,10.46875,10.078125,96836,96836,10.075087547302246,0.012303036637604237,3.4953603744725115e-07
geo,06800fdee903d0587afca1a9cb82c1a7f86a35084fc8adaa0dbe5ed47fed84c2,06800fde,10.0,1,2,25,1135,-0.015625,-0.0078125,-0.0078125,0.140625,-0.0374717079102993,65287,77.88680267333984,0.028583725914359093,0.028884220868349075,0.09277163445949554,111811,111960,-15.550262451171875,-15.529232025146484,-2.234375,-2.21875,10.609375,10.53125,96438,94038,9.760054588317871,0.007148251868784428,1.7644397587446292e-07
geo,06800fdee903d0587afca1a9cb82c1a7f86a35084fc8adaa0dbe5ed47fed84c2,06800fde,10.0,1,2,26,1135,-0.03125,-0.046875,0.015625,0.140625,-0.2248302549123764,74509,77.16060638427734,0.027546118944883347,0.027872255071997643,0.09175816178321838,116190,115879,-15.846794128417969,-15.776107788085938,-2.453125,-2.421875,11.015625,10.859375,49516,49516,9.728809356689453,0.007977189496159554,1.3116705588345212e-07
geo,06800fdee903d0587afca1a9cb82c1a7f86a35084fc8adaa0dbe5ed47fed84c2,06800fde,10.0,1,2,27,1135,-0.0390625,-0.0546875,0.015625,0.1328125,-0.2777315080165863,77939,71.7214584350586,0.02242085337638855,0.022707637399435043,0.08346070349216461,104917,104266,-15.406366348266602,-15.32127571105957,-1.5859375,-1.546875,10.6484375,10.484375,64096,94038,9.593948364257812,0.008583372458815575,2.0375117060211778e-07
geo,06800fdee903d0587afca1a9cb82c1a7f86a35084fc8adaa0dbe5ed47fed84c2,06800fde,10.0,1,2,28,1135,-0.234375,-0.19140625,-0.04296875,0.1328125,-0.9720602631568909,106158,72.52440643310547,0.025194237008690834,0.025007668882608414,0.08585649728775024,109561,106686,-15.666433334350586,-15.454813003540039,-2.171875,-1.9375,11.484375,11.1875,2463,2463,9.572870254516602,0.015267050825059414,1.5709214551407058e-07
geo,06800fdee903d0587afca1a9cb82c1a7f86a35084fc8adaa0dbe5ed47fed84c2,06800fde,10.0,1,2,29,1135,-0.25244140625,-0.26806640625,0.015625,0.1328125,-1.3613803386688232,116402,73.57622528076172,0.026906058192253113,0.027202539145946503,0.09093460440635681,53507,46580,-13.290310859680176,-13.02865219116211,-0.2255859375,0.02685546875,9.0380859375,8.66064453125,82,198,9.64391040802002,0.014232532121241093,1.6907964663914754e-06
geo,06800fdee903d0587afca1a9cb82c1a7f86a35084fc8adaa0dbe5ed47fed84c2,06800fde,10.0,1,2,30,1135,-0.265625,-0.140625,-0.125,0.140625,-0.674490749835968,95670,74.54190826416016,0.0356089323759079,0.03441011533141136,0.10133999586105347,19771,17485,-13.113511085510254,-12.903757095336914,1.1015625,1.3671875,11.6484375,11.5078125,578,578,5.402665615081787,0.23106098175048828,2.017783117480576e-06
geo,06800fdee903d0587afca1a9cb82c1a7f86a35084fc8adaa0dbe5ed47fed84c2,06800fde,10.0,1,2,31,1135,-0.328125,-0.3125,-0.015625,0.125,-1.6862269639968872,114894,79.1649398803711,0.017982106655836105,0.019278310239315033,0.06427101790904999,10378,8546,-14.210243225097656,-13.78525161743164,2.234375,2.5625,12.765625,12.3125,13,198,2.8578779697418213,0.2358359843492508,6.738601996403304e-07
geo,933bec9a691d087076e420e784ed25c820c0ed4911235e4a2d9f9320d472938e,933bec9a,25.0,1,0,0,20077,0.0,0.0,0.0,0.0078125,0.0,53503,4.010026931762695,8.70737640070729e-05,8.623962639831007e-05,0.0036933848168700933,106881,106839,-15.60576057434082,-15.605913162231445,-1.765625,-1.765625,12.203125,12.203125,47523,47523,9.283418655395508,0.03328542783856392,1.6691843995886302e-07
geo,933bec9a691d087076e420e784ed25c820c0ed4911235e4a2d9f9320d472938e,933bec9a,25.0,1,0,1,20077,-0.00390625,0.00390625,-0.0078125,0.0078125,0.337245374917984,43668,3.482898235321045,7.576553616672754e-05,6.895011756569147e-05,0.00454503670334816,67294,67453,-12.684167861938477,-12.696930885314941,0.76953125,0.7734375,6.73046875,6.7578125,12451,12451,10.841798782348633,0.0025962190702557564,3.099815785390092e-06
geo,933bec9a691d087076e420e784ed25c820c0ed4911235e4a2d9f9320d472938e,933bec9a,25.0,1,0,2,20077,0.0078125,0.0078125,0.0,0.0078125,0.674490749835968,14832,4.118295669555664,9.202578075928614e-05,9.39313176786527e-05,0.005634848494082689,83630,83957,-13.143735885620117,-13.160781860351562,0.345703125,0.337890625,7.466796875,7.505859375,12451,12451,10.781288146972656,0.0034240232780575752,1.9577084913180443e-06
geo,933bec9a691d087076e420e784ed25c820c0ed4911235e4a2d9f9320d472938e,933bec9a,25.0,1,0,3,20077,0.01318359375,0.01318359375,0.0,0.01171875,0.7588021755218506,33164,6.184792995452881,0.0002015401259995997,0.0002028360468102619,0.007813249714672565,94534,94813,-13.511441230773926,-13.528450012207031,-0.06103515625,-0.07421875,7.49853515625,7.54296875,58812,58812,10.733755111694336,0.0024469667114317417,1.3553629969464964e-06
geo,933bec9a691d087076e420e784ed25c820c0ed4911235e4a2d9f9320d472938e,933bec9a,25.0,1,0,4,20077,0.0078125,0.0078125,0.0,0.015625,0.337245374917984,40119,7.138247966766357,0.0002460498071741313,0.00025896361330524087,0.009068351238965988,106746,106765,-14.038751602172852,-14.055438995361328,-0.515625,-0.5234375,8.265625,8.3046875,63075,63075,10.663178443908691,0.0031100171618163586,7.999220201782009e-07
geo,933bec9a691d087076e420e784ed25c820c0ed4911235e4a2d9f9320d472938e,933bec9a,25.0,1,0,5,20077,0.0078125,0.0078125,0.0,0.015625,0.337245374917984,38323,8.269728660583496,0.00034517247695475817,0.00034124584635719657,0.010408974252641201,105841,105845,-14.09579849243164,-14.120513916015625,-0.53125,-0.5390625,8.84375,8.9140625,63075,63075,10.593666076660156,0.005236782133579254,7.555661341029918e-07
geo,933bec9a691d087076e420e784ed25c820c0ed4911235e4a2d9f9320d472938e,933bec9a,25.0,1,0,6,20077,0.00390625,0.00390625,0.0,0.015625,0.168622687458992,49350,8.557820320129395,0.00037296043592505157,0.0003683845861814916,0.010754041373729706,111452,111378,-14.453605651855469,-14.472562789916992,-0.8203125,-0.82421875,9.5078125,9.57421875,63075,63075,10.527758598327637,0.007113270461559296,5.282978463583277e-07
geo,933bec9a691d087076e420e784ed25c820c0ed4911235e4a2d9f9320d472938e,933bec9a,25.0,1,0,7,20077,0.0078125,0.013671875,-0.005859375,0.017578125,0.5246039032936096,34611,9.466352462768555,0.0004969673464074731,0.0005061979172751307,0.012051774188876152,111788,111739,-14.684447288513184,-14.723190307617188,-0.81640625,-0.82421875,9.81640625,9.94921875,63075,63075,10.408656120300293,0.0076884119771420956,4.193972529265011e-07
geo,933bec9a691d087076e420e784ed25c820c0ed4911235e4a2d9f9320d472938e,933bec9a,25.0,1,0,8,20077,-0.00390625,-0.00390625,0.0,0.0166015625,-0.15870371460914612,65964,10.408479690551758,0.0005665680509991944,0.0005698449094779789,0.013414379209280014,111859,111614,-14.730671882629395,-14.75106430053711,-0.84375,-0.83984375,10.46875,10.52734375,63075,63075,10.345407485961914,0.014095187187194824,4.004520235412201e-07
geo,933bec9a691d087076e420e784ed25c820c0ed4911235e4a2d9f9320d472938e,933bec9a,25.0,1,0,9,20077,-0.015625,-0.015625,0.0,0.021484375,-0.49053874611854553,85682,11.579100608825684,0.000685201317537576,0.0006815766100771725,0.014798521995544434,112423,111917,-14.83224868774414,-14.835914611816406,-1.0,-0.984375,10.9375,10.984375,63075,63075,10.261293411254883,0.02034848742187023,3.6177306128593045e-07
geo,933bec9a691d087076e420e784ed25c820c0ed4911235e4a2d9f9320d472938e,933bec9a,25.0,1,0,10,20077,-0.03125,-0.03125,0.0,0.0234375,-0.8993210792541504,103575,11.74514102935791,0.0007241291459649801,0.0007238991092890501,0.015280543826520443,114514,113800,-15.047918319702148,-15.039228439331055,-1.1640625,-1.1328125,11.0390625,11.0703125,63075,63075,10.22988510131836,0.018154146149754524,2.9158965730857744e-07
geo,933bec9a691d087076e420e784ed25c820c0ed4911235e4a2d9f9320d472938e,933bec9a,25.0,1,0,11,20077,-0.03125,-0.03125,0.0,0.0234375,-0.8993210792541504,102173,12.354905128479004,0.0007806737557984889,0.0007842938648536801,0.015596181154251099,113599,112936,-15.040060997009277,-15.025688171386719,-1.125,-1.09375,10.5,10.46875,63075,63075,10.234247207641602,0.010672755539417267,2.938897978310706e-07
geo,933bec9a691d087076e420e784ed25c820c0ed4911235e4a2d9f9320d472938e,933bec9a,25.0,1,0,12,20077,-0.0390625,-0.0390625,0.0,0.0234375,-1.124151349067688,109607,12.770256042480469,0.0008587171323597431,0.0008598364656791091,0.016159139573574066,106778,105716,-14.629105567932129,-14.617229461669922,-0.8828125,-0.84375,9.5703125,9.53125,63075,63075,10.240941047668457,0.006353222765028477,4.4326168335828697e-07
geo,933bec9a691d087076e420e784ed25c820c0ed4911235e4a2d9f9320d472938e,933bec9a,25.0,1,0,13,20077,-0.0234375,-0.0234375,0.0,0.0234375,-0.6744908094406128,95681,13.122653007507324,0.0008883806876838207,0.0009013178641907871,0.01682880148291588,109846,109126,-14.77786636352539,-14.775142669677734,-1.140625,-1.1171875,10.328125,10.3671875,63075,63075,10.198863983154297,0.011681582778692245,3.819919243142067e-07
geo,933bec9a691d087076e420e784ed25c820c0ed4911235e4a2d9f9320d472938e,933bec9a,25.0,1,0,14,20077,-0.03125,-0.0390625,0.0078125,0.0234375,-1.124151349067688,108985,12.935352325439453,0.0008068928145803511,0.0008018017979338765,0.016019385308027267,110894,109934,-14.803326606750488,-14.784645080566406,-1.2890625,-1.2578125,10.3515625,10.3203125,63075,63075,10.217178344726562,0.01165798306465149,3.723890813489561e-07
geo,933bec9a691d087076e420e784ed25c820c0ed4911235e4a2d9f9320d472938e,933bec9a,25.0,1,0,15,20077,-0.0546875,-0.05859375,0.00390625,0.0234375,-1.6862269639968872,120953,13.125619888305664,0.0008500564144924283,0.0008503849967382848,0.016488980501890182,107700,106268,-14.761232376098633,-14.725946426391602,-1.09375,-1.0390625,10.65625,10.6015625,63075,63075,10.060279846191406,0.01649031788110733,3.8839911553623097e-07
geo,933bec9a691d087076e420e784ed25c820c0ed4911235e4a2d9f9320d472938e,933bec9a,25.0,1,0,16,20077,-0.05859375,-0.06640625,0.0078125,0.0234375,-1.9110572338104248,123045,13.442917823791504,0.0009279343648813665,0.0009250667644664645,0.017133919522166252,103514,101771,-14.527026176452637,-14.484649658203125,-1.03125,-0.97265625,9.71875,9.66015625,63075,63075,10.079355239868164,0.008161917328834534,4.908995947516814e-07
geo,933bec9a691d087076e420e784ed25c820c0ed4911235e4a2d9f9320d472938e,933bec9a,25.0,1,0,17,20077,-0.03125,-0.03515625,0.00390625,0.0234375,-1.0117361545562744,105777,12.679198265075684,0.0008256008732132614,0.0008280600886791945,0.016178298741579056,107723,106737,-14.637918472290039,-14.626895904541016,-1.2265625,-1.1953125,10.2890625,10.2578125,63075,63075,10.126335144042969,0.012921593151986599,4.3937239979641163e-07
geo,933bec9a691d087076e420e784ed25c820c0ed4911235e4a2d9f9320d472938e,933bec9a,25.0,1,0,18,20077,-0.046875,-0.046875,0.0,0.0234375,-1.3489816188812256,114490,12.846481323242188,0.000863243592903018,0.000865834706928581,0.01656867377460003,102502,101169,-14.34725570678711,-14.324203491210938,-1.0859375,-1.0390625,9.9609375,9.9765625,63075,63075,10.165228843688965,0.012446464039385319,5.875786541764683e-07
geo,933bec9a691d087076e420e784ed25c820c0ed4911235e4a2d9f9320d472938e,933bec9a,25.0,1,0,19,20077,-0.0390625,-0.04296875,0.00390625,0.02685546875,-1.0791852474212646,112115,13.560164451599121,0.0008935771184042096,0.0008798715425655246,0.016815632581710815,94280,92830,-13.950950622558594,-13.926342010498047,-0.91796875,-0.87890625,9.35546875,9.37890625,63075,63075,10.258003234863281,0.010097349062561989,8.733314871278708e-07
geo,933bec9a691d087076e420e784ed25c820c0ed4911235e4a2d9f9320d472938e,933bec9a,25.0,1,0,20,20077,-0.02734375,-0.02734375,0.0,0.0234375,-0.7869059443473816,98965,13.691605567932129,0.0009171619894914329,0.000915338343475014,0.017020978033542633,99183,98341,-14.112550735473633,-14.103700637817383,-1.0234375,-0.99609375,8.7109375,8.65234375,63075,63075,10.29954719543457,0.004509300459176302,7.430141408804047e-07
geo,933bec9a691d087076e420e784ed25c820c0ed4911235e4a2d9f9320d472938e,933bec9a,25.0,1,0,21,20077,-0.0615234375,-0.0537109375,-0.0078125,0.0234375,-1.5457080602645874,116811,13.63913631439209,0.00103071762714535,0.0010369241936132312,0.01733214035630226,76648,74732,-13.428205490112305,-13.398086547851562,-0.27734375,-0.2158203125,8.33984375,8.4658203125,63075,124498,10.248724937438965,0.006168116815388203,1.4730057955603115e-06
geo,933bec9a691d087076e420e784ed25c820c0ed4911235e4a2d9f9320d472938e,933bec9a,25.0,1,0,22,20077,-0.068359375,-0.05908203125,-0.00927734375,0.02490234375,-1.6002622842788696,120325,13.583608627319336,0.0008740645134821534,0.0008808380225673318,0.016444437205791473,82409,80476,-13.556394577026367,-13.517047882080078,-0.5546875,-0.486328125,8.3984375,8.298828125,63075,63075,10.34796142578125,0.005753444507718086,1.2957841590832686e-06
geo,933bec9a691d087076e420e784ed25c820c0ed4911235e4a2d9f9320d472938e,933bec9a,25.0,1,0,23,20077,-0.0390625,-0.03515625,-0.00390625,0.02520751953125,-0.9406941533088684,105313,13.303133010864258,0.0007806051289662719,0.0007816331344656646,0.015554123558104038,77937,76639,-13.382453918457031,-13.359537124633789,-0.6484375,-0.609375,7.5234375,7.515625,34704,34704,10.427970886230469,0.002854048041626811,1.5419635701618972e-06
geo,933bec9a691d087076e420e784ed25c820c0ed4911235e4a2d9f9320d472938e,933bec9a,25.0,1,0,24,20077,-0.03125,-0.03125,0.0,0.0234375,-0.8993210792541504,101717,13.610236167907715,0.0008108227048069239,0.0008116542012430727,0.01588274911046028,80393,79275,-13.469917297363281,-13.449858665466309,-0.890625,-0.859375,8.203125,8.203125,54977,54977,10.421516418457031,0.005160138476639986,1.4128278280622908e-06
geo,933bec9a691d087076e420e784ed25c820c0ed4911235e4a2d9f9320d472938e,933bec9a,25.0,1,0,25,20077,-0.0595703125,-0.0458984375,-0.013671875,0.025390625,-1.2192717790603638,113316,14.018802642822266,0.0009331787005066872,0.0009355694055557251,0.017044134438037872,49723,48387,-12.764965057373047,-12.73787784576416,0.158203125,0.2177734375,7.529296875,7.5322265625,54977,54977,10.129385948181152,0.005323266144841909,2.8592103262781166e-06
geo,933bec9a691d087076e420e784ed25c820c0ed4911235e4a2d9f9320d472938e,933bec9a,25.0,1,0,26,20077,-0.05615234375,-0.03857421875,-0.017578125,0.029296875,-0.8880794644355774,105361,14.856327056884766,0.0009709286969155073,0.0009863742161542177,0.017464281991124153,56716,55609,-12.971680641174316,-12.95166015625,-0.107421875,-0.05126953125,7.919921875,7.95751953125,54977,54977,10.156341552734375,0.006398070603609085,2.325255536561599e-06
geo,933bec9a691d087076e420e784ed25c820c0ed4911235e4a2d9f9320d472938e,933bec9a,25.0,1,0,27,20077,-0.046875,-0.03125,-0.015625,0.0234375,-0.8993210792541504,98343,13.03536319732666,0.0007508820854127407,0.0007577500073239207,0.015181738883256912,27737,27262,-12.064862251281738,-12.051111221313477,1.21875,1.265625,7.21875,7.234375,112069,112069,9.957450866699219,0.00785887148231268,5.75833473703824e-06
geo,933bec9a691d087076e420e784ed25c820c0ed4911235e4a2d9f9320d472938e,933bec9a,25.0,1,0,28,20077,-0.0625,-0.046875,-0.015625,0.0234375,-1.3489816188812256,112662,13.013970375061035,0.0007961392402648926,0.0008018176886253059,0.015666412189602852,29800,28848,-12.165090560913086,-12.130210876464844,0.9609375,1.0234375,7.2890625,7.2890625,2463,2463,9.923348426818848,0.007627252489328384,5.209167284192517e-06
geo,933bec9a691d087076e420e784ed25c820c0ed4911235e4a2d9f9320d472938e,933bec9a,25.0,1,0,29,20077,-0.046875,-0.03125,-0.015625,0.0234375,-0.8993210792541504,96390,14.02083969116211,0.0009616769384592772,0.0009666080004535615,0.017275992780923843,3925,3796,-10.147497177124023,-10.11540699005127,2.59375,2.640625,6.59375,6.546875,198,198,9.43152141571045,0.028617210686206818,3.917400317732245e-05
geo,933bec9a691d087076e420e784ed25c820c0ed4911235e4a2d9f9320d472938e,933bec9a,25.0,1,0,30,20077,0.0,-0.0078125,0.0078125,0.0234375,-0.2248302698135376,70484,13.777276039123535,0.0003954179701395333,0.00039008312160149217,0.0070585994981229305,3350,3348,-10.926878929138184,-10.927430152893066,3.328125,3.328125,10.171875,10.171875,791,791,4.806536674499512,0.47000861167907715,1.796870492398739e-05
geo,933bec9a691d087076e420e784ed25c820c0ed4911235e4a2d9f9320d472938e,933bec9a,25.0,1,0,31,20077,0.0576171875,0.0263671875,0.03125,0.0234375,0.7588021755218506,26570,13.138463020324707,0.0009036492556333542,0.000894494354724884,0.016051894053816795,42164,42840,-15.334359169006348,-15.39915657043457,-0.1298828125,-0.1875,14.0673828125,14.125,791,791,4.307769775390625,0.28168198466300964,2.1896384794217738e-07
geo,933bec9a691d087076e420e784ed25c820c0ed4911235e4a2d9f9320d472938e,933bec9a,25.0,1,1,0,18775,0.0,0.0,0.0,0.0078125,0.0,34135,3.8058667182922363,0.00010353190009482205,0.00010368396760895848,0.004187950864434242,103590,103632,-15.523332595825195,-15.52426528930664,-1.578125,-1.578125,11.140625,11.140625,79337,79337,9.57147216796875,0.012491490691900253,1.812601340134279e-07
geo,933bec9a691d087076e420e784ed25c820c0ed4911235e4a2d9f9320d472938e,933bec9a,25.0,1,1,1,18775,-0.0078125,-0.015625,0.0078125,0.0078125,-1.348981499671936,108649,4.9262518882751465,0.0001538978103781119,0.00014645609189756215,0.007036265451461077,109368,109270,-14.758934020996094,-14.728342056274414,-0.361328125,-0.353515625,9.611328125,9.541015625,63075,63075,10.33377456665039,0.005813305731862783,3.8929283618927e-07
geo,933bec9a691d087076e420e784ed25c820c0ed4911235e4a2d9f9320d472938e,933bec9a,25.0,1,1,2,18775,-0.015625,-0.015625,0.0,0.0078125,-1.348981499671936,100919,5.389250755310059,0.00021012092474848032,0.00021234725136309862,0.008109256625175476,119630,119555,-16.11490249633789,-16.09119415283203,-1.6171875,-1.6015625,12.2421875,12.1640625,63075,63075,9.771440505981445,0.02080180123448372,1.0031982355940272e-07
geo,933bec9a691d087076e420e784ed25c820c0ed4911235e4a2d9f9320d472938e,933bec9a,25.0,1,1,3,18775,-0.00390625,-0.0009765625,-0.0029296875,0.0126953125,-0.05188390612602234,64420,6.574142932891846,0.0002528224722482264,0.0002430989989079535,0.00809348002076149,59139,59169,-13.445903778076172,-13.43899154663086,0.76171875,0.765625,9.05078125,8.984375,62893,62893,9.665328025817871,0.012337367981672287,1.4471654594672145e-06
geo,933bec9a691d087076e420e784ed25c820c0ed4911235e4a2d9f9320d472938e,933bec9a,25.0,1,1,4,18775,0.0078125,0.015625,-0.0078125,0.01171875,0.8993210792541504,23489,6.911759376525879,0.00025263027055189013,0.00024144335475284606,0.007762841414660215,42364,42690,-12.927408218383789,-12.936784744262695,1.375,1.3671875,8.75,8.7578125,124107,124107,9.533503532409668,0.015338202007114887,2.430512950013508e-06
geo,933bec9a691d087076e420e784ed25c820c0ed4911235e4a2d9f9320d472938e,933bec9a,25.0,1,1,5,18775,0.0546875,0.0625,-0.0078125,0.015625,2.697962999343872,320,8.060524940490723,0.0004011544806417078,0.0003949995734728873,0.011223725974559784,33498,34919,-12.59535026550293,-12.659333229064941,1.6015625,1.546875,7.9609375,8.078125,124107,124107,9.488340377807617,0.009711803868412971,3.3877306577778654e-06
geo,933bec9a691d087076e420e784ed25c820c0ed4911235e4a2d9f9320d472938e,933bec9a,25.0,1,1,6,18775,0.0546875,0.0625,-0.0078125,0.015625,2.697962999343872,496,8.635549545288086,0.0004166759317740798,0.0004216890665702522,0.01113354042172432,46621,48170,-13.191620826721191,-13.25296401977539,1.25,1.1953125,9.375,9.4296875,77342,77342,9.349281311035156,0.022002018988132477,1.8661728518054588e-06
geo,933bec9a691d087076e420e784ed25c820c0ed4911235e4a2d9f9320d472938e,933bec9a,25.0,1,1,7,18775,0.029296875,0.037109375,-0.0078125,0.015625,1.6019155979156494,8173,8.252877235412598,0.0004211736377328634,0.00042148021748289466,0.011408383026719093,83052,83930,-14.730323791503906,-14.768501281738281,-0.06787109375,-0.09716796875,10.94287109375,11.03466796875,34391,34391,9.138633728027344,0.02265322208404541,4.0059143202597625e-07
geo,933bec9a691d087076e420e784ed25c820c0ed4911235e4a2d9f9320d472938e,933bec9a,25.0,1,1,8,18775,0.125,0.125,0.0,0.0390625,2.1583704948425293,1637,20.94926643371582,0.001959491055458784,0.0019553997553884983,0.024512924253940582,69117,72408,-14.164928436279297,-14.290700912475586,0.466796875,0.341796875,10.158203125,10.220703125,91467,91467,9.187644958496094,0.01819288171827793,7.050984436318686e-07
geo,933bec9a691d087076e420e784ed25c820c0ed4911235e4a2d9f9320d472938e,933bec9a,25.0,1,1,9,18775,0.095703125,0.095703125,0.0,0.03125,2.0656280517578125,2674,17.355850219726562,0.0014286496443673968,0.001423901878297329,0.021216409280896187,83435,85774,-14.729269027709961,-14.816926956176758,-0.314453125,-0.41015625,11.001953125,11.03515625,95929,95929,9.142722129821777,0.024057310074567795,4.010141765320441e-07
geo,933bec9a691d087076e420e784ed25c820c0ed4911235e4a2d9f9320d472938e,933bec9a,25.0,1,1,10,18775,0.1220703125,0.1220703125,0.0,0.03125,2.6347296237945557,1674,18.416465759277344,0.001717402134090662,0.0017222536262124777,0.023686964064836502,84217,87062,-14.936745643615723,-15.045286178588867,-0.2138671875,-0.3359375,11.9013671875,11.9609375,124498,124498,8.859414100646973,0.0480564720928669,3.2587706755293766e-07
geo,933bec9a691d087076e420e784ed25c820c0ed4911235e4a2d9f9320d472938e,933bec9a,25.0,1,1,11,18775,0.0625,0.06640625,-0.00390625,0.03515625,1.2740380764007568,9080,18.15538787841797,0.0018145641079172492,0.001805375562980771,0.023795727640390396,102690,103843,-15.873581886291504,-15.939132690429688,-1.1015625,-1.1640625,12.2265625,12.2265625,77342,124498,9.003582000732422,0.026068707928061485,1.2770001944772957e-07
geo,933bec9a691d087076e420e784ed25c820c0ed4911235e4a2d9f9320d472938e,933bec9a,25.0,1,1,12,18775,0.0390625,0.05389404296875,-0.01483154296875,0.03204345703125,1.1344292163848877,19220,18.853193283081055,0.0015745118726044893,0.001576402224600315,0.022542499005794525,107513,108271,-16.187114715576172,-16.24005126953125,-1.640625,-1.6796875,12.328125,12.3046875,77342,77342,8.834224700927734,0.021089280024170876,9.333088968332959e-08
geo,933bec9a691d087076e420e784ed25c820c0ed4911235e4a2d9f9320d472938e,933bec9a,25.0,1,1,13,18775,0.0546875,0.0703125,-0.015625,0.03125,1.5176042318344116,10015,18.833566665649414,0.0015561941545456648,0.0015664398670196533,0.022588901221752167,87401,88988,-15.252585411071777,-15.330615997314453,-0.578125,-0.6328125,12.015625,12.0703125,72460,95929,8.32699203491211,0.03928311914205551,2.3762181911024527e-07
geo,933bec9a691d087076e420e784ed25c820c0ed4911235e4a2d9f9320d472938e,933bec9a,25.0,1,1,14,18775,0.04296875,0.05859375,-0.015625,0.03125,1.2646702527999878,17684,18.63009262084961,0.0015579377068206668,0.0015581371262669563,0.022192783653736115,44823,46182,-13.30843734741211,-13.372554779052734,0.6796875,0.63671875,10.0703125,10.17578125,50340,50340,9.04248046875,0.03923739492893219,1.6604243455731194e-06
geo,933bec9a691d087076e420e784ed25c820c0ed4911235e4a2d9f9320d472938e,933bec9a,25.0,1,1,15,18775,0.0078125,0.0234375,-0.015625,0.03125,0.5058680772781372,40003,18.11117935180664,0.002078814199194312,0.002092341659590602,0.025252539664506912,59564,60086,-14.18935775756836,-14.230595588684082,0.6796875,0.671875,11.0703125,11.203125,94512,50340,8.386064529418945,0.04419935867190361,6.880820819787914e-07
geo,933bec9a691d087076e420e784ed25c820c0ed4911235e4a2d9f9320d472938e,933bec9a,25.0,1,1,16,18775,-0.005859375,0.009765625,-0.015625,0.03125,0.2107783704996109,55947,16.676610946655273,0.0014043443370610476,0.0014012414030730724,0.0213039368391037,74619,74808,-14.583222389221191,-14.599615097045898,-0.2392578125,-0.2333984375,11.1767578125,11.2333984375,94512,94512,8.712644577026367,0.03315822780132294,4.640737358840852e-07
geo,933bec9a691d087076e420e784ed25c820c0ed4911235e4a2d9f9320d472938e,933bec9a,25.0,1,1,17,18775,-0.00390625,0.0078125,-0.01171875,0.02734375,0.19271165132522583,56280,15.577153205871582,0.0011465930147096515,0.0011482259724289179,0.019309744238853455,49972,50162,-13.699430465698242,-13.714664459228516,0.89453125,0.8984375,11.66796875,11.6640625,94512,94512,8.128244400024414,0.13114365935325623,1.1230857808186556e-06
geo,933bec9a691d087076e420e784ed25c820c0ed4911235e4a2d9f9320d472938e,933bec9a,25.0,1,1,18,18775,-0.015625,0.0,-0.015625,0.0302734375,0.0,59567,15.178006172180176,0.0011664454359561205,0.0011678037699311972,0.01916939951479435,39264,39344,-13.20743465423584,-13.218677520751953,1.2421875,1.2578125,10.1953125,10.1796875,94512,94512,8.516698837280273,0.04918719828128815,1.8368936025581206e-06
geo,933bec9a691d087076e420e784ed25c820c0ed4911235e4a2d9f9320d472938e,933bec9a,25.0,1,1,19,18775,-0.046875,-0.03125,-0.015625,0.03125,-0.674490749835968,94013,15.846527099609375,0.001249590190127492,0.0012482225429266691,0.01999211497604847,20670,20200,-12.1514892578125,-12.132610321044922,2.171875,2.21875,9.203125,9.21875,94512,94512,8.816986083984375,0.05242536589503288,5.280502591631375e-06
geo,933bec9a691d087076e420e784ed25c820c0ed4911235e4a2d9f9320d472938e,933bec9a,25.0,1,1,20,18775,-0.0546875,-0.04296875,-0.01171875,0.02734375,-1.0599141120910645,107292,15.690361976623535,0.0011951844207942486,0.001196029013954103,0.019892435520887375,39719,38690,-13.004826545715332,-12.967214584350586,1.2265625,1.28125,9.6484375,9.65625,94512,94512,9.072774887084961,0.03486090525984764,2.2494461973110447e-06
geo,933bec9a691d087076e420e784ed25c820c0ed4911235e4a2d9f9320d472938e,933bec9a,25.0,1,1,21,18775,-0.0625,-0.046875,-0.015625,0.03125,-1.0117361545562744,109930,15.374225616455078,0.0012584984069690108,0.0012685342226177454,0.020197303965687752,32732,31631,-12.6770601272583,-12.640628814697266,1.6328125,1.6953125,9.1171875,9.1796875,94512,94512,9.121095657348633,0.02844245359301567,3.1219269658322446e-06
geo,933bec9a691d087076e420e784ed25c820c0ed4911235e4a2d9f9320d472938e,933bec9a,25.0,1,1,22,18775,-0.05859375,-0.0498046875,-0.0087890625,0.0244140625,-1.375961184501648,112644,14.66506576538086,0.0011917341034859419,0.001198810525238514,0.01937328279018402,42747,41462,-12.873746871948242,-12.829038619995117,0.83203125,0.890625,8.73046875,8.796875,94512,94512,9.536242485046387,0.015870748087763786,2.564500391599722e-06
geo,933bec9a691d087076e420e784ed25c820c0ed4911235e4a2d9f9320d472938e,933bec9a,25.0,1,1,23,18775,-0.033203125,-0.025390625,-0.0078125,0.0234375,-0.7306983470916748,96096,14.462214469909668,0.000946017331443727,0.0009440073044970632,0.017229091376066208,48962,48217,-12.908751487731934,-12.883007049560547,0.365234375,0.3984375,8.197265625,8.2265625,94512,94512,9.8643159866333,0.008991407230496407,2.476283953001257e-06
geo,933bec9a691d087076e420e784ed25c820c0ed4911235e4a2d9f9320d472938e,933bec9a,25.0,1,1,24,18775,-0.03515625,-0.021484375,-0.013671875,0.025390625,-0.5707229375839233,94814,13.929945945739746,0.0008436013013124466,0.0008342633955180645,0.016094058752059937,30180,29528,-12.13400650024414,-12.103934288024902,0.84765625,0.8828125,6.80859375,6.8046875,77298,77298,10.000213623046875,0.004866342060267925,5.373632120608818e-06
geo,933bec9a691d087076e420e784ed25c820c0ed4911235e4a2d9f9320d472938e,933bec9a,25.0,1,1,25,18775,-0.0400390625,-0.0283203125,-0.01171875,0.0234375,-0.8150097131729126,102814,13.136290550231934,0.0008373806485906243,0.0008315829327329993,0.016199804842472076,53430,52571,-13.185982704162598,-13.155122756958008,0.2197265625,0.259765625,8.7177734375,8.677734375,77298,77298,9.713314056396484,0.011467833071947098,1.8767242409012397e-06
geo,933bec9a691d087076e420e784ed25c820c0ed4911235e4a2d9f9320d472938e,933bec9a,25.0,1,1,26,18775,-0.021484375,-0.013671875,-0.0078125,0.0234375,-0.3934529721736908,80775,13.070267677307129,0.0008288418175652623,0.0008255326538346708,0.015828562900424004,71796,71433,-13.78482437133789,-13.769451141357422,-0.31640625,-0.294921875,9.06640625,9.044921875,63924,63924,9.706900596618652,0.008929288014769554,1.0311619007552508e-06
geo,933bec9a691d087076e420e784ed25c820c0ed4911235e4a2d9f9320d472938e,933bec9a,25.0,1,1,27,18775,-0.0390625,-0.0234375,-0.015625,0.0234375,-0.6744908094406128,99147,12.19836139678955,0.0007790401577949524,0.0007704407908022404,0.015462592244148254,102420,101922,-15.283833503723145,-15.262495040893555,-1.4765625,-1.4375,10.1640625,10.125,113649,113649,9.648679733276367,0.005977391730993986,2.3031140017337748e-07
geo,933bec9a691d087076e420e784ed25c820c0ed4911235e4a2d9f9320d472938e,933bec9a,25.0,1,1,28,18775,-0.0390625,-0.03125,-0.0078125,0.0234375,-0.8993210792541504,103922,12.39016342163086,0.0007791664684191346,0.0007709077326580882,0.014916625805199146,37812,37089,-12.674979209899902,-12.641090393066406,0.625,0.6640625,8.0,7.9609375,2463,2463,9.680370330810547,0.009325718507170677,3.128430307697272e-06
geo,933bec9a691d087076e420e784ed25c820c0ed4911235e4a2d9f9320d472938e,933bec9a,25.0,1,1,29,18775,-0.0625,-0.0625,0.0,0.0234375,-1.7986421585083008,119432,13.358827590942383,0.00111137586645782,0.0010989109287038445,0.016880929470062256,65745,64175,-13.800819396972656,-13.735984802246094,-0.67578125,-0.61328125,9.61328125,9.55078125,97209,97209,9.60696029663086,0.015183625742793083,1.014799636323005e-06
geo,933bec9a691d087076e420e784ed25c820c0ed4911235e4a2d9f9320d472938e,933bec9a,25.0,1,1,30,18775,-0.0625,-0.0625,0.0,0.0234375,-1.7986421585083008,119511,13.083662033081055,0.006303318776190281,0.006197587586939335,0.048652488738298416,87838,86552,-16.172887802124023,-16.032880783081055,-2.171875,-2.109375,14.796875,14.484375,578,578,5.848827362060547,0.2525835931301117,9.466818795544896e-08
geo,933bec9a691d087076e420e784ed25c820c0ed4911235e4a2d9f9320d472938e,933bec9a,25.0,1,1,31,18775,0.0,-0.015625,0.015625,0.0234375,-0.4496605396270752,77787,12.760425567626953,0.0009992499835789204,0.0010073492303490639,0.014687305316329002,76508,76136,-17.85869026184082,-17.79266357421875,-1.515625,-1.515625,16.703125,16.640625,13,13,2.778193712234497,0.31487956643104553,1.7541607277848925e-08
geo,933bec9a691d087076e420e784ed25c820c0ed4911235e4a2d9f9320d472938e,933bec9a,25.0,1,2,0,1644,-0.015625,-0.015625,0.0,0.00390625,-2.697962999343872,118601,2.9338626861572266,9.026347834151238e-05,9.161773778032511e-05,0.003422379493713379,13842,13663,-11.443840026855469,-11.427482604980469,2.125,2.140625,7.625,7.609375,65954,65954,9.350404739379883,0.021953251212835312,1.0715277312556282e-05
geo,933bec9a691d087076e420e784ed25c820c0ed4911235e4a2d9f9320d472938e,933bec9a,25.0,1,2,1,1644,-0.015625,-0.017578125,0.001953125,0.01171875,-1.0117361545562744,108708,5.90111780166626,0.00020541247795335948,0.00020509026944637299,0.006979299709200859,122093,121902,-16.406681060791016,-16.392677307128906,-1.7890625,-1.7734375,10.7890625,10.7109375,63075,63075,9.961297035217285,0.0036332798190414906,7.493228082466885e-08
geo,933bec9a691d087076e420e784ed25c820c0ed4911235e4a2d9f9320d472938e,933bec9a,25.0,1,2,2,1644,-0.01953125,-0.01953125,0.0,0.01171875,-1.124151349067688,116953,5.974632263183594,0.0002298449689988047,0.00023162388242781162,0.007946031168103218,97636,97158,-15.103062629699707,-15.088741302490234,-0.56640625,-0.546875,11.44140625,11.421875,21067,21067,9.422290802001953,0.025689925998449326,2.759454389433813e-07
geo,933bec9a691d087076e420e784ed25c820c0ed4911235e4a2d9f9320d472938e,933bec9a,25.0,1,2,3,1644,-0.02001953125,-0.02001953125,0.0,0.01171875,-1.1522551774978638,118658,6.082923412322998,0.00020203128224238753,0.00020713846606668085,0.007006720174103975,74372,73765,-14.146600723266602,-14.125234603881836,-0.08349609375,-0.0634765625,9.27099609375,9.2509765625,124107,124107,9.57634162902832,0.007630482781678438,7.181404271250358e-07
geo,933bec9a691d087076e420e784ed25c820c0ed4911235e4a2d9f9320d472938e,933bec9a,25.0,1,2,4,1644,-0.03125,-0.03125,0.0,0.013671875,-1.5416932106018066,121097,6.394467353820801,0.00023893910110928118,0.0002525002637412399,0.007448052056133747,49470,48647,-13.33137321472168,-13.299052238464355,0.921875,0.953125,9.453125,9.421875,124107,124107,9.359508514404297,0.0206870436668396,1.622774561838014e-06
geo,933bec9a691d087076e420e784ed25c820c0ed4911235e4a2d9f9320d472938e,933bec9a,25.0,1,2,5,1644,-0.0078125,-0.00390625,-0.00390625,0.01171875,-0.2248302698135376,68251,7.222957611083984,0.00043223417014814913,0.00043172616278752685,0.010822764597833157,78303,78220,-14.469740867614746,-14.4712553024292,-0.27734375,-0.26953125,10.52734375,10.64453125,77342,77342,9.2374849319458,0.01940164715051651,5.198420467422693e-07
geo,933bec9a691d087076e420e784ed25c820c0ed4911235e4a2d9f9320d472938e,933bec9a,25.0,1,2,6,1644,0.0,0.015625,-0.015625,0.015625,0.674490749835968,30923,8.693079948425293,0.0008807270787656307,0.0008882934926077724,0.015823230147361755,94545,94782,-15.282706260681152,-15.310237884521484,-0.73828125,-0.73828125,12.92578125,13.05078125,77342,77342,8.709074974060059,0.09471101313829422,2.3057117459757137e-07
geo,933bec9a691d087076e420e784ed25c820c0ed4911235e4a2d9f9320d472938e,933bec9a,25.0,1,2,7,1644,-0.0390625,-0.03173828125,-0.00732421875,0.01318359375,-1.6237740516662598,120002,7.474576950073242,0.0004449718981049955,0.00044941273517906666,0.011968489736318588,106824,106260,-16.004867553710938,-15.976716995239258,-1.3203125,-1.28125,13.0703125,13.09375,77342,77342,8.86414909362793,0.053154390305280685,1.1198873295370504e-07
geo,933bec9a691d087076e420e784ed25c820c0ed4911235e4a2d9f9320d472938e,933bec9a,25.0,1,2,8,1644,0.0234375,0.015625,0.0078125,0.04638671875,0.22719688713550568,50925,24.642879486083984,0.0027268356643617153,0.002728693652898073,0.029170898720622063,40591,40956,-13.077276229858398,-13.086545944213867,1.4453125,1.421875,8.8671875,8.890625,71889,71889,9.172636985778809,0.01484505832195282,2.092237991746515e-06
geo,933bec9a691d087076e420e784ed25c820c0ed4911235e4a2d9f9320d472938e,933bec9a,25.0,1,2,9,1644,-0.041015625,-0.037109375,-0.00390625,0.0361328125,-0.6927202939987183,93792,20.847604751586914,0.0020475639030337334,0.0020381114445626736,0.02531919628381729,84650,83823,-14.783616065979004,-14.746209144592285,-0.466796875,-0.42578125,11.029296875,10.92578125,95929,95929,9.213778495788574,0.02341638132929802,3.798018894940469e-07
geo,933bec9a691d087076e420e784ed25c820c0ed4911235e4a2d9f9320d472938e,933bec9a,25.0,1,2,10,1644,0.03125,0.03125,0.0,0.0390625,0.5395926237106323,33733,20.890552520751953,0.002172570675611496,0.002168170874938369,0.026824695989489555,99216,99857,-15.640350341796875,-15.660497665405273,-0.96484375,-0.99609375,12.27734375,12.24609375,124498,124498,8.945802688598633,0.034630972892045975,1.6124347723689425e-07
geo,933bec9a691d087076e420e784ed25c820c0ed4911235e4a2d9f9320d472938e,933bec9a,25.0,1,2,11,1644,-0.0234375,-0.015625,-0.0078125,0.0390625,-0.26979631185531616,75284,20.28959846496582,0.0019127355189993978,0.0019195014610886574,0.025189151987433434,96928,96627,-15.569705963134766,-15.551124572753906,-0.8828125,-0.859375,13.0078125,12.921875,77342,77342,8.763386726379395,0.07715850323438644,1.730464305182977e-07
geo,933bec9a691d087076e420e784ed25c820c0ed4911235e4a2d9f9320d472938e,933bec9a,25.0,1,2,12,1644,0.03125,0.046875,-0.015625,0.0390625,0.8093888759613037,21451,20.49513053894043,0.001841624965891242,0.001849111053161323,0.024759680032730103,109284,109970,-16.323732376098633,-16.373891830444336,-1.828125,-1.859375,13.578125,13.546875,77342,77342,8.591500282287598,0.06420928984880447,8.14128782167245e-08
geo,933bec9a691d087076e420e784ed25c820c0ed4911235e4a2d9f9320d472938e,933bec9a,25.0,1,2,13,1644,-0.015625,0.0078125,-0.0234375,0.0390625,0.13489815592765808,54111,19.733800888061523,0.001840295852161944,0.0018485866021364927,0.02442883886396885,124101,124101,-18.092145919799805,-18.101076126098633,-3.484375,-3.46875,15.359375,15.34375,72460,72460,7.960989952087402,0.06503886729478836,1.3889316363702164e-08
geo,933bec9a691d087076e420e784ed25c820c0ed4911235e4a2d9f9320d472938e,933bec9a,25.0,1,2,14,1644,-0.046875,-0.0390625,-0.0078125,0.03515625,-0.7494341731071472,97478,18.673995971679688,0.0015688727144151926,0.0015646826941519976,0.022455289959907532,114323,113829,-16.46749496459961,-16.433103561401367,-2.609375,-2.5625,12.984375,13.0,50340,50340,9.097412109375,0.030711449682712555,7.051114891964971e-08
geo,933bec9a691d087076e420e784ed25c820c0ed4911235e4a2d9f9320d472938e,933bec9a,25.0,1,2,15,1644,-0.046875,-0.0390625,-0.0078125,0.03125,-0.8431134819984436,98951,17.380212783813477,0.0016591637395322323,0.0016507722903043032,0.023174121975898743,120569,120240,-17.387815475463867,-17.360979080200195,-2.765625,-2.71875,14.078125,14.15625,50340,50340,8.700484275817871,0.03652750328183174,2.8091031722965454e-08
geo,933bec9a691d087076e420e784ed25c820c0ed4911235e4a2d9f9320d472938e,933bec9a,25.0,1,2,16,1644,0.0,0.005859375,-0.005859375,0.029296875,0.13489815592765808,51573,15.907163619995117,0.0012218797346577048,0.001227069878950715,0.019508473575115204,118515,118545,-16.82517433166504,-16.836280822753906,-2.859375,-2.859375,12.484375,12.484375,94512,94512,9.164481163024902,0.013026118278503418,4.9308255256619304e-08
geo,933bec9a691d087076e420e784ed25c820c0ed4911235e4a2d9f9320d472938e,933bec9a,25.0,1,2,17,1644,0.015625,0.015625,0.0,0.03125,0.337245374917984,37186,14.8224515914917,0.0010990750743076205,0.0011002804385498166,0.018127761781215668,120587,120697,-17.19770050048828,-17.218889236450195,-2.796875,-2.8125,13.921875,13.9375,94512,94512,8.771458625793457,0.03778565675020218,3.39729737675043e-08
geo,933bec9a691d087076e420e784ed25c820c0ed4911235e4a2d9f9320d472938e,933bec9a,25.0,1,2,18,1644,0.015625,0.0234375,-0.0078125,0.0234375,0.6744908094406128,32087,14.116226196289062,0.0009805683512240648,0.000996568938717246,0.01748708449304104,111894,112240,-16.21416473388672,-16.240856170654297,-2.03125,-2.046875,12.34375,12.359375,94512,94512,9.02878475189209,0.020849715918302536,9.08401247556867e-08
geo,933bec9a691d087076e420e784ed25c820c0ed4911235e4a2d9f9320d472938e,933bec9a,25.0,1,2,19,1644,-0.0078125,-0.0078125,0.0,0.02734375,-0.19271165132522583,70681,14.293427467346191,0.0009734992636367679,0.0009771606419235468,0.01724150776863098,102775,102619,-15.551241874694824,-15.548016548156738,-1.5703125,-1.5625,11.8828125,11.875,94512,94512,9.185026168823242,0.025516510009765625,1.7627124293539964e-07
geo,933bec9a691d087076e420e784ed25c820c0ed4911235e4a2d9f9320d472938e,933bec9a,25.0,1,2,20,1644,-0.0234375,-0.03515625,0.01171875,0.02734375,-0.8672024607658386,102079,14.315713882446289,0.0009971549734473228,0.0009958057198673487,0.017998099327087402,106081,105523,-15.588672637939453,-15.552580833435059,-1.6875,-1.6640625,11.125,11.1640625,94512,94512,9.39282512664795,0.011519971303641796,1.6979524275484437e-07
geo,933bec9a691d087076e420e784ed25c820c0ed4911235e4a2d9f9320d472938e,933bec9a,25.0,1,2,21,1644,0.0,-0.009765625,0.009765625,0.025390625,-0.2594195306301117,72438,13.503016471862793,0.0009204258676618338,0.0009182922076433897,0.017198331654071808,104700,104546,-15.536689758300781,-15.522100448608398,-1.4765625,-1.4765625,11.0390625,11.0390625,67707,67707,9.323745727539062,0.011135386303067207,1.7885511738313653e-07
geo,933bec9a691d087076e420e784ed25c820c0ed4911235e4a2d9f9320d472938e,933bec9a,25.0,1,2,22,1644,0.015625,0.001953125,0.013671875,0.0234375,0.0562075674533844,53460,12.933189392089844,0.000767244549933821,0.0007683556177653372,0.015794718638062477,101634,101753,-15.060400009155273,-15.058673858642578,-1.5859375,-1.6015625,11.1484375,11.1015625,88970,88970,9.566372871398926,0.020001200959086418,2.8797273898817366e-07
geo,933bec9a691d087076e420e784ed25c820c0ed4911235e4a2d9f9320d472938e,933bec9a,25.0,1,2,23,1644,0.03125,0.015625,0.015625,0.0234375,0.4496605396270752,34473,12.334795951843262,0.0007407402736134827,0.0007434081635437906,0.015250432305037975,114343,114586,-15.50791072845459,-15.519340515136719,-2.484375,-2.515625,10.796875,10.703125,88970,88970,9.917015075683594,0.00899545568972826,1.840771801653318e-07
geo,933bec9a691d087076e420e784ed25c820c0ed4911235e4a2d9f9320d472938e,933bec9a,25.0,1,2,24,1644,0.03125,0.015625,0.015625,0.0224609375,0.4692109525203705,34540,11.86051082611084,0.0006571494741365314,0.0006632184376940131,0.014526146464049816,106158,106456,-14.904693603515625,-14.916658401489258,-2.171875,-2.203125,9.859375,9.859375,63924,63924,10.05971622467041,0.006439408287405968,3.3649126862655976e-07
geo,933bec9a691d087076e420e784ed25c820c0ed4911235e4a2d9f9320d472938e,933bec9a,25.0,1,2,25,1644,0.03125,0.015625,0.015625,0.0224609375,0.4692109525203705,35782,11.910563468933105,0.0006713429465889931,0.0006776430527679622,0.014693036675453186,114115,114297,-15.703943252563477,-15.717544555664062,-2.5,-2.53125,11.4375,11.40625,95383,77298,9.670806884765625,0.01403159461915493,1.5130876818147954e-07
geo,933bec9a691d087076e420e784ed25c820c0ed4911235e4a2d9f9320d472938e,933bec9a,25.0,1,2,26,1644,0.0,-0.015625,0.015625,0.0234375,-0.4496605396270752,86154,12.055990219116211,0.0006910357624292374,0.0006915832054801285,0.014771595597267151,119899,119767,-16.18856430053711,-16.16168212890625,-2.859375,-2.859375,12.484375,12.421875,63924,63924,9.5469970703125,0.024620162323117256,9.319569471699651e-08
geo,933bec9a691d087076e420e784ed25c820c0ed4911235e4a2d9f9320d472938e,933bec9a,25.0,1,2,27,1644,0.015625,0.0,0.015625,0.01953125,0.0,52181,11.285547256469727,0.0005805114051327109,0.0005927735473960638,0.013668826781213284,116582,116625,-16.29131317138672,-16.295631408691406,-2.5625,-2.578125,12.1875,12.203125,63924,63924,9.578890800476074,0.016509585082530975,8.409546836674053e-08
geo,933bec9a691d087076e420e784ed25c820c0ed4911235e4a2d9f9320d472938e,933bec9a,25.0,1,2,28,1644,0.0,-0.0078125,0.0078125,0.0234375,-0.2248302698135376,72804,11.64040470123291,0.0006575767183676362,0.0006513299886137247,0.014490170404314995,116236,116142,-16.20409393310547,-16.193838119506836,-3.03125,-3.03125,12.15625,12.21875,2463,2463,9.672170639038086,0.017459962517023087,9.175958126661499e-08
geo,933bec9a691d087076e420e784ed25c820c0ed4911235e4a2d9f9320d472938e,933bec9a,25.0,1,2,29,1644,-0.03125,-0.03125,0.0,0.0244140625,-0.8633481860160828,94704,13.543330192565918,0.0014081011759117246,0.0013495569583028555,0.017389386892318726,67357,66660,-13.859046936035156,-13.828516006469727,-0.8515625,-0.8203125,9.5390625,9.2578125,578,97209,9.608824729919434,0.013300084508955479,9.573976740284706e-07
geo,933bec9a691d087076e420e784ed25c820c0ed4911235e4a2d9f9320d472938e,933bec9a,25.0,1,2,30,1644,-0.0283203125,-0.0361328125,0.0078125,0.0234375,-1.0398399829864502,105832,13.662589073181152,0.013035798445343971,0.012725085020065308,0.0733480378985405,31095,30444,-13.864304542541504,-13.738997459411621,0.2470703125,0.275390625,12.8779296875,12.537109375,578,578,5.067519187927246,0.372926265001297,9.523773201181029e-07
geo,933bec9a691d087076e420e784ed25c820c0ed4911235e4a2d9f9320d472938e,933bec9a,25.0,1,2,31,1644,-0.013671875,-0.013671875,0.0,0.0234375,-0.3934529721736908,89334,11.916069030761719,0.0005952275823801756,0.0006050930824130774,0.015397167764604092,29132,28899,-15.837186813354492,-15.80344009399414,0.25390625,0.267578125,14.68359375,14.669921875,13,13,2.7468104362487793,0.3155010938644409,1.3243328567114077e-07
geo,c4b929f0a3fc5acbfb492f25a434328425c96a7cd11b346148dc14ada268d0c1,c4b929f0,25.0,1,0,0,15935,0.0,0.0,0.0,0.0078125,0.0,52174,3.9597580432891846,8.303786307806149e-05,8.768431143835187e-05,0.003822138998657465,31362,31336,-12.464559555053711,-12.465288162231445,1.375,1.375,9.0625,9.0625,47523,47523,9.283668518066406,0.033304598182439804,3.861095592583297e-06
geo,c4b929f0a3fc5acbfb492f25a434328425c96a7cd11b346148dc14ada268d0c1,c4b929f0,25.0,1,0,1,15935,-0.010498046875,-0.002685546875,-0.0078125,0.0078125,-0.23185619711875916,82491,3.4814810752868652,7.826902583474293e-05,6.988902896409854e-05,0.00461059994995594,96388,96113,-13.418078422546387,-13.424571990966797,0.03515625,0.045654296875,7.46484375,7.485595703125,12451,12451,10.84221076965332,0.0025974251329898834,1.4879988157190382e-06
geo,c4b929f0a3fc5acbfb492f25a434328425c96a7cd11b346148dc14ada268d0c1,c4b929f0,25.0,1,0,2,15935,-0.013671875,-0.013671875,0.0,0.0078125,-1.18035888671875,101451,4.089845657348633,9.14743504836224e-05,9.513276745565236e-05,0.005619505420327187,89229,88777,-13.293119430541992,-13.288661003112793,0.1962890625,0.2099609375,7.6162109375,7.6337890625,12451,12451,10.781360626220703,0.003424127819016576,1.6860543610164314e-06
geo,c4b929f0a3fc5acbfb492f25a434328425c96a7cd11b346148dc14ada268d0c1,c4b929f0,25.0,1,0,3,15935,-0.02734375,-0.02734375,0.0,0.01171875,-1.5738118886947632,121206,6.1919474601745605,0.0001971283636521548,0.00019953925220761448,0.007718878798186779,70278,69158,-12.865346908569336,-12.841062545776367,0.5859375,0.61328125,6.8515625,6.85546875,58812,58812,10.733221054077148,0.002444817218929529,2.5861327230813913e-06
geo,c4b929f0a3fc5acbfb492f25a434328425c96a7cd11b346148dc14ada268d0c1,c4b929f0,25.0,1,0,4,15935,-0.03125,-0.03125,0.0,0.015625,-1.348981499671936,118794,7.1812944412231445,0.0002460696850903332,0.0002641421742737293,0.00906315352767706,69848,68583,-12.92589282989502,-12.901180267333984,0.59765625,0.62890625,7.15234375,7.15234375,63075,63075,10.663744926452637,0.0031087049283087254,2.4341989046661183e-06
geo,c4b929f0a3fc5acbfb492f25a434328425c96a7cd11b346148dc14ada268d0c1,c4b929f0,25.0,1,0,5,15935,-0.03515625,-0.03515625,0.0,0.015625,-1.5176042318344116,121473,8.093440055847168,0.0003371420898474753,0.0003303225967101753,0.010352712124586105,63756,62423,-12.827510833740234,-12.805953025817871,0.73828125,0.7734375,7.57421875,7.6015625,63075,63075,10.593442916870117,0.005230274051427841,2.6858565433940385e-06
geo,c4b929f0a3fc5acbfb492f25a434328425c96a7cd11b346148dc14ada268d0c1,c4b929f0,25.0,1,0,6,15935,-0.02734375,-0.02734375,0.0,0.015625,-1.18035888671875,110269,8.517036437988281,0.00036942801671102643,0.0003672099264804274,0.010815327055752277,70263,69184,-13.056824684143066,-13.042742729187012,0.578125,0.60546875,8.109375,8.14453125,63075,63075,10.527421951293945,0.007101496681571007,2.135468093911186e-06
geo,c4b929f0a3fc5acbfb492f25a434328425c96a7cd11b346148dc14ada268d0c1,c4b929f0,25.0,1,0,7,15935,-0.046875,-0.04296875,-0.00390625,0.01806640625,-1.6041942834854126,117988,9.359358787536621,0.0004728202475234866,0.0004848772659897804,0.011858373880386353,49742,48545,-12.580320358276367,-12.56313705444336,1.2890625,1.3359375,7.7109375,7.7890625,63075,63075,10.407997131347656,0.007678102236241102,3.439032525420771e-06
geo,c4b929f0a3fc5acbfb492f25a434328425c96a7cd11b346148dc14ada268d0c1,c4b929f0,25.0,1,0,8,15935,-0.0625,-0.0625,0.0,0.01611328125,-2.616206645965576,124274,10.365909576416016,0.0005472236080095172,0.0005490079638548195,0.013299102894961834,44206,42418,-12.43403434753418,-12.3936767578125,1.453125,1.515625,8.171875,8.171875,63075,63075,10.345305442810059,0.014091833494603634,3.980773726652842e-06
geo,c4b929f0a3fc5acbfb492f25a434328425c96a7cd11b346148dc14ada268d0c1,c4b929f0,25.0,1,0,9,15935,-0.0703125,-0.0712890625,0.0009765625,0.0205078125,-2.344658374786377,126848,11.479615211486816,0.0006507912185043097,0.0006454474641941488,0.014416102319955826,50094,47827,-12.653044700622559,-12.598145484924316,1.1796875,1.25,8.7578125,8.75,63075,63075,10.26118278503418,0.020338647067546844,3.1978088372852653e-06
geo,c4b929f0a3fc5acbfb492f25a434328425c96a7cd11b346148dc14ada268d0c1,c4b929f0,25.0,1,0,10,15935,-0.0703125,-0.0703125,0.0,0.0224609375,-2.1114492416381836,126516,11.670049667358398,0.0006774792564101517,0.0006770206964574754,0.01477164588868618,54956,52726,-12.846686363220215,-12.796530723571777,1.0390625,1.109375,8.8359375,8.828125,63075,63075,10.229246139526367,0.018119821324944496,2.634844577187323e-06
geo,c4b929f0a3fc5acbfb492f25a434328425c96a7cd11b346148dc14ada268d0c1,c4b929f0,25.0,1,0,11,15935,-0.0703125,-0.0703125,0.0,0.0234375,-2.023472309112549,125611,12.221894264221191,0.0007730458164587617,0.0007757373969070613,0.015452179126441479,43752,41434,-12.498244285583496,-12.451597213745117,1.40625,1.4765625,7.96875,7.8984375,63075,63075,10.241701126098633,0.010786129161715508,3.7332017654989613e-06
geo,c4b929f0a3fc5acbfb492f25a434328425c96a7cd11b346148dc14ada268d0c1,c4b929f0,25.0,1,0,12,15935,-0.03515625,-0.0380859375,0.0029296875,0.0224609375,-1.1437016725540161,112610,12.58549976348877,0.0008131760987453163,0.000815853476524353,0.015899572521448135,53429,52235,-12.819337844848633,-12.803545951843262,0.9296875,0.96484375,7.7578125,7.72265625,63075,63075,10.240066528320312,0.006335890851914883,2.7078981474915054e-06
geo,c4b929f0a3fc5acbfb492f25a434328425c96a7cd11b346148dc14ada268d0c1,c4b929f0,25.0,1,0,13,15935,0.00537109375,-0.00244140625,0.0078125,0.0234375,-0.0702594593167305,69226,13.054403305053711,0.0008268936071544886,0.0008402228122577071,0.016313638538122177,78861,78585,-13.581265449523926,-13.59635066986084,0.059814453125,0.054443359375,9.127685546875,9.195556640625,63075,63075,10.19791030883789,0.011636833660304546,1.2639542319448083e-06
geo,c4b929f0a3fc5acbfb492f25a434328425c96a7cd11b346148dc14ada268d0c1,c4b929f0,25.0,1,0,14,15935,0.044921875,0.03125,0.013671875,0.0234375,0.8993210792541504,23840,12.901519775390625,0.0008208294166252017,0.0008078961400315166,0.01615562103688717,90315,91111,-13.934999465942383,-13.989034652709961,-0.419921875,-0.46484375,9.482421875,9.58984375,63075,63075,10.217849731445312,0.01164849754422903,8.873738579495694e-07
geo,c4b929f0a3fc5acbfb492f25a434328425c96a7cd11b346148dc14ada268d0c1,c4b929f0,25.0,1,0,15,15935,0.04296875,0.03515625,0.0078125,0.0234375,1.0117361545562744,22202,13.057259559631348,0.0008338793413713574,0.0008317875326611102,0.01633375883102417,90841,91601,-14.0660982131958,-14.121432304382324,-0.39453125,-0.4375,9.95703125,10.0,63075,63075,10.059919357299805,0.016423091292381287,7.783432351970987e-07
geo,c4b929f0a3fc5acbfb492f25a434328425c96a7cd11b346148dc14ada268d0c1,c4b929f0,25.0,1,0,16,15935,0.0283966064453125,0.0147247314453125,0.013671875,0.025390625,0.39115598797798157,43234,13.505388259887695,0.001011149026453495,0.0010198133531957865,0.017540961503982544,73836,74285,-13.496267318725586,-13.5366849899292,0.0032501220703125,-0.025146484375,8.684249877929688,8.712646484375,63075,63075,10.077451705932617,0.008131434209644794,1.3760859474132303e-06
geo,c4b929f0a3fc5acbfb492f25a434328425c96a7cd11b346148dc14ada268d0c1,c4b929f0,25.0,1,0,17,15935,-0.0029296875,-0.0107421875,0.0078125,0.0234375,-0.309141606092453,82059,12.693552017211914,0.0008048583404161036,0.0008114295778796077,0.01593131572008133,65717,65365,-13.19795036315918,-13.209249496459961,0.216796875,0.2197265625,8.845703125,8.8427734375,63075,63075,10.12417221069336,0.012877840548753738,1.8543981923357933e-06
geo,c4b929f0a3fc5acbfb492f25a434328425c96a7cd11b346148dc14ada268d0c1,c4b929f0,25.0,1,0,18,15935,-0.015625,-0.0234375,0.0078125,0.0234375,-0.6744908094406128,94691,12.840699195861816,0.0008074325160123408,0.0008146611507982016,0.015921926125884056,52619,51805,-12.789606094360352,-12.783347129821777,0.482421875,0.498046875,8.455078125,8.439453125,63075,63075,10.156641006469727,0.013108059763908386,2.7896176106878556e-06
geo,c4b929f0a3fc5acbfb492f25a434328425c96a7cd11b346148dc14ada268d0c1,c4b929f0,25.0,1,0,19,15935,-0.015625,-0.02734375,0.01171875,0.025390625,-0.7263746857643127,95094,13.536077499389648,0.0008326965034939349,0.0008360783103853464,0.01620754413306713,55109,54162,-12.798656463623047,-12.787559509277344,0.240234375,0.255859375,8.259765625,8.244140625,63075,63075,10.251655578613281,0.010685252025723457,2.7644841793517116e-06
geo,c4b929f0a3fc5acbfb492f25a434328425c96a7cd11b346148dc14ada268d0c1,c4b929f0,25.0,1,0,20,15935,-0.0390625,-0.046875,0.0078125,0.0234375,-1.3489816188812256,113363,13.454096794128418,0.0008393983589485288,0.000837857776787132,0.016417501494288445,32552,31450,-12.069894790649414,-12.03982162475586,1.0234375,1.0625,6.6953125,6.59375,63075,63075,10.29585075378418,0.00463285343721509,5.729428266931791e-06
geo,c4b929f0a3fc5acbfb492f25a434328425c96a7cd11b346148dc14ada268d0c1,c4b929f0,25.0,1,0,21,15935,-0.0625,-0.0625,0.0,0.0234375,-1.7986421585083008,119988,13.480779647827148,0.001028097583912313,0.0010333945974707603,0.017560217529535294,28745,27467,-11.94473648071289,-11.906076431274414,1.2109375,1.2734375,6.8515625,6.9765625,63075,124498,10.246118545532227,0.00613850262016058,6.493321052403189e-06
geo,c4b929f0a3fc5acbfb492f25a434328425c96a7cd11b346148dc14ada268d0c1,c4b929f0,25.0,1,0,22,15935,-0.0546875,-0.0546875,0.0,0.0234375,-1.5738118886947632,118639,13.200457572937012,0.0008088480681180954,0.0008164973696693778,0.015928838402032852,29537,28321,-11.933187484741211,-11.892951965332031,1.078125,1.1328125,6.796875,6.6796875,63075,63075,10.342042922973633,0.005879327189177275,6.568746812263271e-06
geo,c4b929f0a3fc5acbfb492f25a434328425c96a7cd11b346148dc14ada268d0c1,c4b929f0,25.0,1,0,23,15935,-0.04296875,-0.046875,0.00390625,0.025390625,-1.2452137470245361,115172,13.351740837097168,0.0007608180167153478,0.0007666507735848427,0.015441437251865864,30595,29473,-11.927818298339844,-11.889120101928711,0.8125,0.85546875,6.09375,6.05078125,34704,34704,10.424236297607422,0.0029261496383696795,6.604110240004957e-06
geo,c4b929f0a3fc5acbfb492f25a434328425c96a7cd11b346148dc14ada268d0c1,c4b929f0,25.0,1,0,24,15935,-0.046875,-0.046875,0.0,0.0234375,-1.3489816188812256,114329,13.356555938720703,0.0007536017219536006,0.0007497680489905179,0.015435293316841125,25644,24661,-11.720504760742188,-11.683420181274414,0.859375,0.90625,6.453125,6.4375,54977,54977,10.419734954833984,0.005157105624675751,8.125488420773763e-06
geo,c4b929f0a3fc5acbfb492f25a434328425c96a7cd11b346148dc14ada268d0c1,c4b929f0,25.0,1,0,25,15935,-0.0546875,-0.041015625,-0.013671875,0.025390625,-1.0895620584487915,110704,13.650097846984863,0.0008612360106781125,0.0008614284452050924,0.016151633113622665,30222,29318,-12.06231689453125,-12.038969039916992,0.859375,0.9140625,6.828125,6.8359375,54977,54977,10.127077102661133,0.005331128370016813,5.773010343546048e-06
geo,c4b929f0a3fc5acbfb492f25a434328425c96a7cd11b346148dc14ada268d0c1,c4b929f0,25.0,1,0,26,15935,-0.04296875,-0.02734375,-0.015625,0.02490234375,-0.7406172752380371,96350,14.082175254821777,0.0008690269314683974,0.0008636355632916093,0.016029616817831993,39291,38569,-12.39022445678711,-12.378423690795898,0.4765625,0.51953125,7.3671875,7.35546875,54977,54977,10.15310001373291,0.0065844994969666,4.159047421126161e-06
geo,c4b929f0a3fc5acbfb492f25a434328425c96a7cd11b346148dc14ada268d0c1,c4b929f0,25.0,1,0,27,15935,0.0,0.015625,-0.015625,0.0234375,0.4496605396270752,33783,12.86828899383545,0.0007126230048015714,0.0007128581637516618,0.014782989397644997,21712,22144,-11.759319305419922,-11.793087005615234,1.5234375,1.5234375,6.9140625,6.9765625,112069,112069,9.956995010375977,0.007865593768656254,7.816142897354439e-06
geo,c4b929f0a3fc5acbfb492f25a434328425c96a7cd11b346148dc14ada268d0c1,c4b929f0,25.0,1,0,28,15935,0.0234375,0.0390625,-0.015625,0.0234375,1.124151349067688,15351,12.90833568572998,0.0007463662186637521,0.0007442684145644307,0.015270765870809555,24932,25793,-11.931354522705078,-11.982625007629395,1.1953125,1.171875,7.0546875,7.140625,2463,2463,9.920812606811523,0.007622377015650272,6.580798071809113e-06
geo,c4b929f0a3fc5acbfb492f25a434328425c96a7cd11b346148dc14ada268d0c1,c4b929f0,25.0,1,0,29,15935,0.015625,0.015625,0.0,0.0234375,0.4496605396270752,34125,13.131856918334961,0.0007821894250810146,0.0007635805523023009,0.015593553893268108,11247,11535,-11.14822006225586,-11.17663860321045,1.59375,1.578125,7.53125,7.609375,198,198,9.446359634399414,0.02686394937336445,1.4400897271116264e-05
geo,c4b929f0a3fc5acbfb492f25a434328425c96a7cd11b346148dc14ada268d0c1,c4b929f0,25.0,1,0,30,15935,0.03125,0.0234375,0.0078125,0.0234375,0.6744908094406128,31043,13.547969818115234,0.0008295588195323944,0.0008417107164859772,0.017177078872919083,30627,31100,-13.506047248840332,-13.501399040222168,0.78515625,0.75390625,12.77734375,12.74609375,791,791,4.671755313873291,0.4825340211391449,1.362693637929624e-06
geo,c4b929f0a3fc5acbfb492f25a434328425c96a7cd11b346148dc14ada268d0c1,c4b929f0,25.0,1,0,31,15935,0.109375,0.078125,0.03125,0.02734375,1.9271165132522583,4190,14.584861755371094,0.0008282368071377277,0.0008306852541863918,0.01633467711508274,50790,52443,-15.767745971679688,-15.892410278320312,-0.5625,-0.671875,14.5,14.609375,791,791,4.313564300537109,0.28146523237228394,1.4195639153058437e-07
geo,c4b929f0a3fc5acbfb492f25a434328425c96a7cd11b346148dc14ada268d0c1,c4b929f0,25.0,1,1,0,23467,0.0,0.0,0.0,0.00390625,0.0,47637,3.2213988304138184,8.775255992077291e-05,8.331223216373473e-05,0.003979040309786797,16290,16267,-11.62751293182373,-11.62537956237793,2.484375,2.484375,6.578125,6.578125,15727,15727,9.563152313232422,0.00641325768083334,8.917339073377661e-06
geo,c4b929f0a3fc5acbfb492f25a434328425c96a7cd11b346148dc14ada268d0c1,c4b929f0,25.0,1,1,1,23467,0.0,-0.0078125,0.0078125,0.0078125,-0.674490749835968,74103,5.134977340698242,0.00021759176161140203,0.00021796859800815582,0.008911240845918655,44757,44495,-13.025949478149414,-13.006211280822754,2.078125,2.078125,8.859375,8.796875,73243,73243,9.518600463867188,0.01550529059022665,2.2024296413292177e-06
geo,c4b929f0a3fc5acbfb492f25a434328425c96a7cd11b346148dc14ada268d0c1,c4b929f0,25.0,1,1,2,23467,0.0,0.0,0.0,0.0078125,0.0,36923,5.396046161651611,0.00023094314383342862,0.00023434689501300454,0.0066138580441474915,6354,6356,-10.676426887512207,-10.675050735473633,4.21875,4.21875,6.71875,6.65625,21067,21067,9.185911178588867,0.019107455387711525,2.3082706320565194e-05
geo,c4b929f0a3fc5acbfb492f25a434328425c96a7cd11b346148dc14ada268d0c1,c4b929f0,25.0,1,1,3,23467,0.03125,0.03125,0.0,0.015625,1.348981499671936,4009,6.660514831542969,0.000248846277827397,0.0002410146116744727,0.007844897918403149,1165,1221,-9.081769943237305,-9.110692977905273,5.15625,5.125,4.59375,4.625,62893,62893,9.473899841308594,0.011242888867855072,0.00011372015433153138
geo,c4b929f0a3fc5acbfb492f25a434328425c96a7cd11b346148dc14ada268d0c1,c4b929f0,25.0,1,1,4,23467,0.0,0.001953125,-0.001953125,0.013671875,0.09635582566261292,38467,6.292966365814209,0.00023901733220554888,0.0002443956327624619,0.008715329691767693,2051,2061,-9.554832458496094,-9.563331604003906,4.78125,4.78125,5.34375,5.34375,124107,124107,9.369272232055664,0.014830313622951508,7.085801917128265e-05
geo,c4b929f0a3fc5acbfb492f25a434328425c96a7cd11b346148dc14ada268d0c1,c4b929f0,25.0,1,1,5,23467,0.0,0.0,0.0,0.015625,0.0,50777,7.127198696136475,0.0002473529311828315,0.00025040024775080383,0.007539447396993637,1231,1237,-9.139578819274902,-9.140188217163086,5.03125,5.03125,5.28125,5.28125,67075,67075,9.228445053100586,0.021103236824274063,0.00010733252565842122
geo,c4b929f0a3fc5acbfb492f25a434328425c96a7cd11b346148dc14ada268d0c1,c4b929f0,25.0,1,1,6,23467,0.03125,0.03125,0.0,0.015625,1.348981499671936,6056,8.10031509399414,0.00045528821647167206,0.00045059481635689735,0.011809595860540867,724,759,-8.78496265411377,-8.823753356933594,5.6875,5.65625,6.125,6.21875,77342,77342,8.944211959838867,0.06995081901550293,0.00015301682287827134
geo,c4b929f0a3fc5acbfb492f25a434328425c96a7cd11b346148dc14ada268d0c1,c4b929f0,25.0,1,1,7,23467,0.015625,0.015625,0.0,0.015625,0.674490749835968,22748,7.379817962646484,0.0003210418508388102,0.0003168637049384415,0.008425678126513958,17344,17547,-11.825013160705566,-11.840620994567871,2.78125,2.765625,8.53125,8.546875,77342,77342,9.122442245483398,0.037113919854164124,7.319173164432868e-06
geo,c4b929f0a3fc5acbfb492f25a434328425c96a7cd11b346148dc14ada268d0c1,c4b929f0,25.0,1,1,8,23467,-0.015625,-0.0224609375,0.0068359375,0.0458984375,-0.33006995916366577,77892,24.894542694091797,0.0027196439914405346,0.0027145319618284702,0.029154300689697266,41519,41017,-13.111146926879883,-13.084705352783203,1.3828125,1.3984375,8.7421875,8.7265625,67075,67075,9.217548370361328,0.01266440562903881,2.022559101533261e-06
geo,c4b929f0a3fc5acbfb492f25a434328425c96a7cd11b346148dc14ada268d0c1,c4b929f0,25.0,1,1,9,23467,-0.0048828125,-0.0048828125,0.0,0.0390625,-0.084311343729496,73192,20.893457412719727,0.001953796949237585,0.0019521652720868587,0.02474406734108925,67392,67145,-14.096826553344727,-14.082282066345215,0.197265625,0.2021484375,10.240234375,10.1728515625,95929,95929,9.222784996032715,0.02113991230726242,7.547897666881909e-07
geo,c4b929f0a3fc5acbfb492f25a434328425c96a7cd11b346148dc14ada268d0c1,c4b929f0,25.0,1,1,10,23467,-0.009765625,-0.017578125,0.0078125,0.0390625,-0.3035208284854889,79727,20.927051544189453,0.002105006016790867,0.0021105236373841763,0.02603381685912609,83567,83200,-14.872032165527344,-14.845163345336914,-0.259765625,-0.25,11.259765625,11.1875,124498,124498,9.027692794799805,0.026990588754415512,3.476630183740781e-07
geo,c4b929f0a3fc5acbfb492f25a434328425c96a7cd11b346148dc14ada268d0c1,c4b929f0,25.0,1,1,11,23467,-0.015625,-0.015625,0.0,0.03515625,-0.2997736632823944,73281,20.128196716308594,0.0018445225432515144,0.001841530087403953,0.023874832317233086,31910,31612,-12.760055541992188,-12.74219036102295,1.921875,1.9375,9.828125,9.75,77342,77342,8.934698104858398,0.05329404026269913,2.8732822556776227e-06
geo,c4b929f0a3fc5acbfb492f25a434328425c96a7cd11b346148dc14ada268d0c1,c4b929f0,25.0,1,1,12,23467,-0.015625,-0.0078125,-0.0078125,0.0390625,-0.13489815592765808,66274,19.809131622314453,0.0017253798432648182,0.0017211332451552153,0.023528268560767174,22160,22086,-12.304546356201172,-12.295211791992188,2.125,2.140625,9.125,9.046875,77342,77342,8.648056030273438,0.041604503989219666,4.531097602011869e-06
geo,c4b929f0a3fc5acbfb492f25a434328425c96a7cd11b346148dc14ada268d0c1,c4b929f0,25.0,1,1,13,23467,-0.015625,0.0,-0.015625,0.03515625,0.0,59225,19.51702117919922,0.001546609215438366,0.001553240930661559,0.022433146834373474,41083,41148,-13.332330703735352,-13.338722229003906,1.1796875,1.1953125,10.1328125,10.1171875,52700,52700,8.41917896270752,0.04078184813261032,1.621221485947899e-06
geo,c4b929f0a3fc5acbfb492f25a434328425c96a7cd11b346148dc14ada268d0c1,c4b929f0,25.0,1,1,14,23467,-0.0546875,-0.033203125,-0.021484375,0.033203125,-0.6744908094406128,95022,18.13909339904785,0.00147608807310462,0.0014797486364841461,0.021311957389116287,24861,24298,-12.303659439086914,-12.27364444732666,1.4609375,1.515625,8.3515625,8.296875,45625,45625,9.177141189575195,0.019214358180761337,4.535118023341056e-06
geo,c4b929f0a3fc5acbfb492f25a434328425c96a7cd11b346148dc14ada268d0c1,c4b929f0,25.0,1,1,15,23467,-0.078125,-0.0546875,-0.0234375,0.03125,-1.18035888671875,110459,17.501535415649414,0.0014666240895166993,0.0014676686841994524,0.021527867764234543,42082,40845,-13.394669532775879,-13.358365058898926,1.171875,1.25,11.078125,11.0625,45625,45625,8.39195442199707,0.09861373156309128,1.5232420764732524e-06
geo,c4b929f0a3fc5acbfb492f25a434328425c96a7cd11b346148dc14ada268d0c1,c4b929f0,25.0,1,1,16,23467,-0.046875,-0.03125,-0.015625,0.03125,-0.674490749835968,96307,15.84036922454834,0.0012339327950030565,0.0012325074058026075,0.01976872980594635,11587,11256,-11.343490600585938,-11.314788818359375,2.53125,2.578125,7.34375,7.234375,70341,70341,9.18492317199707,0.01832038164138794,1.1846352208522148e-05
geo,c4b929f0a3fc5acbfb492f25a434328425c96a7cd11b346148dc14ada268d0c1,c4b929f0,25.0,1,1,17,23467,-0.015625,-0.00390625,-0.01171875,0.02734375,-0.09635582566261292,65198,15.352787017822266,0.001165166962891817,0.0011662254109978676,0.01932583935558796,8056,8031,-10.918235778808594,-10.92422866821289,3.1875,3.203125,6.75,6.796875,94512,94512,9.238076210021973,0.015479537658393383,1.8124683265341446e-05
geo,c4b929f0a3fc5acbfb492f25a434328425c96a7cd11b346148dc14ada268d0c1,c4b929f0,25.0,1,1,18,23467,-0.03125,-0.0234375,-0.0078125,0.0234375,-0.6744908094406128,89828,14.35870361328125,0.0010361690074205399,0.0010337525745853782,0.018314801156520844,17411,17083,-11.822275161743164,-11.804697036743164,2.15625,2.1875,7.28125,7.3125,70341,103523,9.251382827758789,0.01066246535629034,7.339240710280137e-06
geo,c4b929f0a3fc5acbfb492f25a434328425c96a7cd11b346148dc14ada268d0c1,c4b929f0,25.0,1,1,19,23467,-0.046875,-0.03515625,-0.01171875,0.02734375,-0.8672024607658386,101370,14.80866813659668,0.0010572648607194424,0.0010589403100311756,0.0183462742716074,15881,15417,-11.639182090759277,-11.607210159301758,2.09375,2.140625,6.71875,6.734375,49516,49516,9.441717147827148,0.0072959777899086475,8.813885870040394e-06
geo,c4b929f0a3fc5acbfb492f25a434328425c96a7cd11b346148dc14ada268d0c1,c4b929f0,25.0,1,1,20,23467,-0.03125,-0.0283203125,-0.0029296875,0.0263671875,-0.7244530320167542,93100,14.010110855102539,0.0009120621252804995,0.0009205307578667998,0.016614247113466263,20168,19737,-11.896081924438477,-11.869293212890625,1.84375,1.875,7.34375,7.3125,124498,124498,9.514484405517578,0.010542591102421284,6.817062512709526e-06
geo,c4b929f0a3fc5acbfb492f25a434328425c96a7cd11b346148dc14ada268d0c1,c4b929f0,25.0,1,1,21,23467,-0.015625,-0.01171875,-0.00390625,0.02734375,-0.28906747698783875,73396,13.899445533752441,0.0009256200864911079,0.0009155430598184466,0.016704432666301727,6601,6536,-10.649170875549316,-10.63744831085205,3.09375,3.109375,6.15625,6.203125,67707,67707,9.53810977935791,0.011187917552888393,2.372050039411988e-05
geo,c4b929f0a3fc5acbfb492f25a434328425c96a7cd11b346148dc14ada268d0c1,c4b929f0,25.0,1,1,22,23467,-0.015625,-0.0078125,-0.0078125,0.0234375,-0.2248302698135376,72268,13.422066688537598,0.0007854479481466115,0.0007807519868947566,0.015165278688073158,6978,6881,-10.640681266784668,-10.626763343811035,2.5625,2.578125,6.0625,6.046875,86720,86720,9.749547958374023,0.010273564606904984,2.392273563600611e-05
geo,c4b929f0a3fc5acbfb492f25a434328425c96a7cd11b346148dc14ada268d0c1,c4b929f0,25.0,1,1,23,23467,-0.0390625,-0.0390625,0.0,0.0234375,-1.124151349067688,109536,12.182622909545898,0.0006368664326146245,0.0006338594248518348,0.013755174353718758,9310,8925,-10.825404167175293,-10.788162231445312,1.9140625,1.953125,5.8671875,5.796875,86720,86720,10.050124168395996,0.007025445345789194,1.9887798771378584e-05
geo,c4b929f0a3fc5acbfb492f25a434328425c96a7cd11b346148dc14ada268d0c1,c4b929f0,25.0,1,1,24,23467,-0.0390625,-0.03125,-0.0078125,0.0234375,-0.8993210792541504,103622,11.917439460754395,0.0005934387445449829,0.0005966142634861171,0.013531988486647606,10129,9796,-10.8720121383667,-10.838794708251953,1.6015625,1.640625,5.8671875,5.828125,96438,96438,10.118117332458496,0.006705516949295998,1.898213849926833e-05
geo,c4b929f0a3fc5acbfb492f25a434328425c96a7cd11b346148dc14ada268d0c1,c4b929f0,25.0,1,1,25,23467,-0.015625,-0.01171875,-0.00390625,0.01953125,-0.40469443798065186,74783,11.69911003112793,0.0006671934388577938,0.0006601741770282388,0.01412900909781456,34817,34550,-12.373394966125488,-12.361001968383789,0.447265625,0.462890625,7.865234375,7.787109375,77298,77298,9.909671783447266,0.011018709279596806,4.22963466917281e-06
geo,c4b929f0a3fc5acbfb492f25a434328425c96a7cd11b346148dc14ada268d0c1,c4b929f0,25.0,1,1,26,23467,-0.02734375,-0.01953125,-0.0078125,0.0234375,-0.562075674533844,90932,11.303678512573242,0.0006129200337454677,0.0006112660048529506,0.013832132332026958,28198,27781,-12.086280822753906,-12.066146850585938,0.77734375,0.8046875,7.59765625,7.6328125,63924,63924,9.896500587463379,0.01123608835041523,5.636310561385471e-06
geo,c4b929f0a3fc5acbfb492f25a434328425c96a7cd11b346148dc14ada268d0c1,c4b929f0,25.0,1,1,27,23467,-0.0234375,-0.0234375,0.0,0.01953125,-0.8093888759613037,93472,11.10314655303955,0.0005812619929201901,0.0005761163192801178,0.013058921322226524,40923,40444,-12.831039428710938,-12.8097505569458,0.67578125,0.69921875,8.13671875,8.17578125,63924,63924,9.626897811889648,0.009147078730165958,2.6763959795061965e-06
geo,c4b929f0a3fc5acbfb492f25a434328425c96a7cd11b346148dc14ada268d0c1,c4b929f0,25.0,1,1,28,23467,-0.019775390625,-0.019775390625,0.0,0.019287109375,-0.6915664672851562,99405,10.928540229797363,0.0005336151225492358,0.0005414177430793643,0.012442215345799923,45097,44584,-13.011877059936523,-12.990971565246582,0.023681640625,0.04345703125,8.913818359375,8.95654296875,2463,2463,9.659889221191406,0.016604887321591377,2.233642135252012e-06
geo,c4b929f0a3fc5acbfb492f25a434328425c96a7cd11b346148dc14ada268d0c1,c4b929f0,25.0,1,1,29,23467,-0.0458984375,-0.0537109375,0.0078125,0.0234375,-1.5457080602645874,118057,13.328153610229492,0.0009380248375236988,0.0009266537381336093,0.01673932373523712,37704,36549,-12.773554801940918,-12.72360610961914,0.19140625,0.2373046875,8.87109375,8.7001953125,578,578,9.452201843261719,0.020192161202430725,2.834755832736846e-06
geo,c4b929f0a3fc5acbfb492f25a434328425c96a7cd11b346148dc14ada268d0c1,c4b929f0,25.0,1,1,30,23467,0.0,-0.0078125,0.0078125,0.0234375,-0.2248302698135376,69324,12.91796588897705,0.008623817004263401,0.008407331071794033,0.057911649346351624,91787,91528,-17.003149032592773,-16.935420989990234,-2.625,-2.625,15.9375,15.6875,578,578,4.491662979125977,0.3445044755935669,4.126921382408e-08
geo,c4b929f0a3fc5acbfb492f25a434328425c96a7cd11b346148dc14ada268d0c1,c4b929f0,25.0,1,1,31,23467,0.015625,0.002197265625,0.013427734375,0.017822265625,0.08315639942884445,48926,11.564419746398926,0.0024875658564269543,0.0024583854246884584,0.02812471240758896,80092,80215,-18.01517677307129,-18.034038543701172,-1.8359375,-1.8515625,17.0859375,17.1640625,13,13,2.6761136054992676,0.39485377073287964,1.500058210979205e-08
geo,c4b929f0a3fc5acbfb492f25a434328425c96a7cd11b346148dc14ada268d0c1,c4b929f0,25.0,1,2,0,5332,0.0,0.0,0.0,0.005859375,0.0,42987,3.451679229736328,7.617304072482511e-05,7.476486644009128e-05,0.003480273298919201,8635,8629,-10.879190444946289,-10.879833221435547,2.78125,2.78125,6.34375,6.34375,51084,51084,9.54794979095459,0.010722178965806961,1.884636549220886e-05
geo,c4b929f0a3fc5acbfb492f25a434328425c96a7cd11b346148dc14ada268d0c1,c4b929f0,25.0,1,2,1,5332,0.0,-0.0078125,0.0078125,0.0078125,-0.674490749835968,77118,4.382381916046143,0.00010737937554949895,0.00011051470937673002,0.005884511861950159,113951,113985,-14.533504486083984,-14.51690673828125,-0.64453125,-0.64453125,8.64453125,8.61328125,112364,112364,10.568145751953125,0.0027698178309947252,4.877297214989085e-07
geo,c4b929f0a3fc5acbfb492f25a434328425c96a7cd11b346148dc14ada268d0c1,c4b929f0,25.0,1,2,2,5332,0.0087890625,0.0087890625,0.0,0.01171875,0.5058680772781372,43051,6.277642250061035,0.0002100792044075206,0.00021717496565543115,0.00825439766049385,85638,85896,-13.741341590881348,-13.734184265136719,0.251953125,0.2431640625,8.373046875,8.3193359375,63075,63075,10.286709785461426,0.004662074614316225,1.076988723980321e-06
geo,c4b929f0a3fc5acbfb492f25a434328425c96a7cd11b346148dc14ada268d0c1,c4b929f0,25.0,1,2,3,5332,0.03125,0.03271484375,-0.00146484375,0.01416015625,1.5583062171936035,3130,7.389674186706543,0.00027189773391000926,0.00027147328364662826,0.009299922734498978,66105,67205,-13.396001815795898,-13.420289039611816,0.5625,0.53125,8.625,8.65625,84310,84310,10.002817153930664,0.008471893146634102,1.5212140169751365e-06
geo,c4b929f0a3fc5acbfb492f25a434328425c96a7cd11b346148dc14ada268d0c1,c4b929f0,25.0,1,2,4,5332,0.0234375,0.0234375,0.0,0.015625,1.0117361545562744,15713,8.575648307800293,0.0003528572851791978,0.0003598129260353744,0.010793168097734451,48815,49511,-12.942047119140625,-12.95533275604248,1.125,1.1015625,8.375,8.3984375,124107,124107,9.888442039489746,0.01038859598338604,2.39519204114913e-06
geo,c4b929f0a3fc5acbfb492f25a434328425c96a7cd11b346148dc14ada268d0c1,c4b929f0,25.0,1,2,5,5332,0.00390625,0.01171875,-0.0078125,0.015625,0.5058680772781372,39798,9.405658721923828,0.00039879477117210627,0.0003980142646469176,0.010435393080115318,62486,62794,-13.496817588806152,-13.499866485595703,0.5703125,0.56640625,8.9921875,8.99609375,121701,121701,9.720712661743164,0.01105768047273159,1.3753290204476798e-06
geo,c4b929f0a3fc5acbfb492f25a434328425c96a7cd11b346148dc14ada268d0c1,c4b929f0,25.0,1,2,6,5332,0.03125,0.0390625,-0.0078125,0.021484375,1.2263468503952026,7803,10.409517288208008,0.0005307532846927643,0.0005292556015774608,0.012377682141959667,39580,40523,-12.760194778442383,-12.793697357177734,1.546875,1.515625,9.078125,9.109375,124107,124107,9.572681427001953,0.025170810520648956,2.872882305382518e-06
geo,c4b929f0a3fc5acbfb492f25a434328425c96a7cd11b346148dc14ada268d0c1,c4b929f0,25.0,1,2,7,5332,0.005859375,0.0078125,-0.001953125,0.017578125,0.2997736632823944,41623,9.089634895324707,0.00044416473247110844,0.0004468493862077594,0.010678373277187347,75871,76185,-14.262065887451172,-14.268621444702148,0.287109375,0.28125,10.275390625,10.34375,96090,96090,9.361717224121094,0.018561318516731262,6.398283858288778e-07
geo,c4b929f0a3fc5acbfb492f25a434328425c96a7cd11b346148dc14ada268d0c1,c4b929f0,25.0,1,2,8,5332,0.09375,0.1015625,-0.0078125,0.0322265625,2.1256678104400635,2420,17.99512481689453,0.0015917110722512007,0.0015955287963151932,0.021755214780569077,46601,49249,-13.18297290802002,-13.276399612426758,1.3828125,1.2890625,7.9921875,8.0859375,124107,124107,9.457295417785645,0.005567632615566254,1.8823812979462673e-06
geo,c4b929f0a3fc5acbfb492f25a434328425c96a7cd11b346148dc14ada268d0c1,c4b929f0,25.0,1,2,9,5332,0.10546875,0.10546875,0.0,0.03125,2.2764062881469727,1021,15.505398750305176,0.0011226319475099444,0.0011268304660916328,0.018607476726174355,52902,56055,-13.383033752441406,-13.481147766113281,0.8671875,0.76171875,8.8203125,8.92578125,95929,124498,9.506689071655273,0.010433628223836422,1.5410697642437299e-06
geo,c4b929f0a3fc5acbfb492f25a434328425c96a7cd11b346148dc14ada268d0c1,c4b929f0,25.0,1,2,10,5332,0.0986328125,0.0986328125,0.0,0.03125,2.128861427307129,2119,17.295536041259766,0.001525246654637158,0.0015116521390154958,0.02115180715918541,79204,81770,-14.51551628112793,-14.610926628112793,-0.029296875,-0.1279296875,10.716796875,10.8154296875,124498,124498,9.273889541625977,0.022399432957172394,4.965824587088719e-07
geo,c4b929f0a3fc5acbfb492f25a434328425c96a7cd11b346148dc14ada268d0c1,c4b929f0,25.0,1,2,11,5332,0.125,0.13037109375,-0.00537109375,0.03271484375,2.6878960132598877,394,17.19768524169922,0.0017357328906655312,0.0017398614436388016,0.02233712188899517,26011,28499,-12.379846572875977,-12.504863739013672,2.265625,2.140625,9.171875,9.171875,77342,77342,9.130256652832031,0.04043855518102646,4.2024344111268874e-06
geo,c4b929f0a3fc5acbfb492f25a434328425c96a7cd11b346148dc14ada268d0c1,c4b929f0,25.0,1,2,12,5332,0.12109375,0.15234375,-0.03125,0.0380859375,2.697962999343872,817,20.55327606201172,0.0019321562722325325,0.0019310438074171543,0.025201987475156784,54279,58527,-13.78243637084961,-13.941514015197754,0.75390625,0.6328125,10.99609375,11.0546875,77342,77342,8.707670211791992,0.06164625287055969,1.033627199831244e-06
geo,c4b929f0a3fc5acbfb492f25a434328425c96a7cd11b346148dc14ada268d0c1,c4b929f0,25.0,1,2,13,5332,0.1015625,0.1328125,-0.03125,0.0390625,2.2932684421539307,1613,21.296871185302734,0.001957845641300082,0.0019539007917046547,0.024749917909502983,86840,89762,-15.151948928833008,-15.300875663757324,-0.53515625,-0.63671875,11.72265625,11.82421875,124107,124107,8.488832473754883,0.03240984305739403,2.6277993470102956e-07
geo,c4b929f0a3fc5acbfb492f25a434328425c96a7cd11b346148dc14ada268d0c1,c4b929f0,25.0,1,2,14,5332,0.09716796875,0.12841796875,-0.03125,0.037109375,2.3340930938720703,1456,20.281970977783203,0.0018444438464939594,0.0018431522184982896,0.023828905075788498,57019,60905,-13.699607849121094,-13.833978652954102,0.1796875,0.08251953125,10.0078125,10.16748046875,50340,50340,9.214777946472168,0.024927213788032532,1.1228866014789673e-06
geo,c4b929f0a3fc5acbfb492f25a434328425c96a7cd11b346148dc14ada268d0c1,c4b929f0,25.0,1,2,15,5332,0.0576171875,0.0888671875,-0.03125,0.03125,1.9180831909179688,6841,19.31787109375,0.0019114178139716387,0.0019102204823866487,0.024539552628993988,76968,79127,-14.691502571105957,-14.796478271484375,-0.1044921875,-0.162109375,10.7294921875,10.974609375,50340,50340,8.831462860107422,0.01902482844889164,4.164486995250627e-07
geo,c4b929f0a3fc5acbfb492f25a434328425c96a7cd11b346148dc14ada268d0c1,c4b929f0,25.0,1,2,16,5332,0.03125,0.0625,-0.03125,0.03125,1.348981499671936,12426,18.088354110717773,0.0019257009262219071,0.001939457026310265,0.024404117837548256,110631,111416,-16.11520004272461,-16.196117401123047,-2.03125,-2.0625,11.59375,11.8125,50340,50340,9.11542797088623,0.010873240418732166,1.002899807645008e-07
geo,c4b929f0a3fc5acbfb492f25a434328425c96a7cd11b346148dc14ada268d0c1,c4b929f0,25.0,1,2,17,5332,0.015625,0.04296875,-0.02734375,0.02978515625,0.9730358719825745,20272,16.667137145996094,0.0013427247758954763,0.0013419848401099443,0.02067703567445278,120873,121136,-16.97079849243164,-17.030330657958984,-2.828125,-2.84375,13.390625,13.46875,94512,94512,9.091021537780762,0.027870869264006615,4.2626126628420025e-08
geo,c4b929f0a3fc5acbfb492f25a434328425c96a7cd11b346148dc14ada268d0c1,c4b929f0,25.0,1,2,18,5332,0.0625,0.0859375,-0.0234375,0.02734375,2.119828224182129,2206,15.718721389770508,0.001293135923333466,0.0013132747262716293,0.020206253975629807,97471,99284,-15.228887557983398,-15.330641746520996,-1.21875,-1.28125,10.90625,11.09375,93938,94512,9.17017936706543,0.013264857232570648,2.433202155316394e-07
geo,c4b929f0a3fc5acbfb492f25a434328425c96a7cd11b346148dc14ada268d0c1,c4b929f0,25.0,1,2,19,5332,0.0546875,0.0703125,-0.015625,0.03125,1.5176042318344116,5194,15.542328834533691,0.0012323330156505108,0.0012392639182507992,0.0198974609375,87319,89060,-14.669923782348633,-14.750288009643555,-0.87890625,-0.93359375,10.37890625,10.49609375,49516,49516,9.332101821899414,0.013690980151295662,4.25532817871499e-07
geo,c4b929f0a3fc5acbfb492f25a434328425c96a7cd11b346148dc14ada268d0c1,c4b929f0,25.0,1,2,20,5332,0.015625,0.03125,-0.015625,0.03125,0.674490749835968,26254,16.002185821533203,0.0012829574989154935,0.0012875143438577652,0.020225832238793373,93447,94197,-14.816141128540039,-14.855382919311523,-1.0703125,-1.0859375,10.2578125,10.3359375,77213,77213,9.492961883544922,0.010479554533958435,3.6764754440810066e-07
geo,c4b929f0a3fc5acbfb492f25a434328425c96a7cd11b346148dc14ada268d0c1,c4b929f0,25.0,1,2,21,5332,0.041015625,0.056640625,-0.015625,0.03125,1.2225145101547241,10942,15.837240219116211,0.0012974508572369814,0.0013016753364354372,0.02002999186515808,51956,53524,-13.277544975280762,-13.343988418579102,0.490234375,0.44921875,8.634765625,8.73828125,98747,98747,9.482757568359375,0.009630892425775528,1.712519292595971e-06
geo,c4b929f0a3fc5acbfb492f25a434328425c96a7cd11b346148dc14ada268d0c1,c4b929f0,25.0,1,2,22,5332,0.033203125,0.052734375,-0.01953125,0.02734375,1.3008036613464355,11381,15.23254108428955,0.001103703980334103,0.0011024796403944492,0.018421528860926628,70483,71980,-13.674192428588867,-13.736235618591309,-0.470703125,-0.50390625,8.720703125,8.81640625,67707,67707,9.853347778320312,0.007058735936880112,1.1517910252223373e-06
geo,c4b929f0a3fc5acbfb492f25a434328425c96a7cd11b346148dc14ada268d0c1,c4b929f0,25.0,1,2,23,5332,0.033203125,0.048828125,-0.015625,0.02734375,1.204447865486145,11180,14.736804962158203,0.0009449736680835485,0.0009527882211841643,0.01718810573220253,41769,43161,-12.55006217956543,-12.600763320922852,0.2890625,0.255859375,7.8984375,7.931640625,96836,96836,10.058116912841797,0.00954607967287302,3.5446817037154688e-06
geo,c4b929f0a3fc5acbfb492f25a434328425c96a7cd11b346148dc14ada268d0c1,c4b929f0,25.0,1,2,24,5332,0.020263671875,0.043701171875,-0.0234375,0.0234375,1.2576442956924438,17800,14.583686828613281,0.0009647562401369214,0.0009642658988013864,0.01735939458012581,41811,42841,-12.514945983886719,-12.554513931274414,0.06103515625,0.040771484375,7.87646484375,8.021728515625,96836,96836,10.145444869995117,0.009672381915152073,3.671368858704227e-06
geo,c4b929f0a3fc5acbfb492f25a434328425c96a7cd11b346148dc14ada268d0c1,c4b929f0,25.0,1,2,25,5332,0.05078125,0.0703125,-0.01953125,0.02734375,1.7344049215316772,4212,14.245145797729492,0.0009374978253617883,0.0009265653789043427,0.01728180982172489,35451,37182,-12.455863952636719,-12.528943061828613,0.640625,0.58984375,7.859375,7.97265625,77298,77298,9.773882865905762,0.010087190195918083,3.894816472893581e-06
geo,c4b929f0a3fc5acbfb492f25a434328425c96a7cd11b346148dc14ada268d0c1,c4b929f0,25.0,1,2,26,5332,0.060546875,0.080078125,-0.01953125,0.02734375,1.9752944707870483,3467,14.867117881774902,0.0009756415383890271,0.000971497967839241,0.017531394958496094,40242,42374,-12.652068138122559,-12.734397888183594,0.51953125,0.458984375,8.16796875,8.228515625,65087,65087,9.736650466918945,0.01128704845905304,3.2009334063332062e-06
geo,c4b929f0a3fc5acbfb492f25a434328425c96a7cd11b346148dc14ada268d0c1,c4b929f0,25.0,1,2,27,5332,0.078125,0.09375,-0.015625,0.0234375,2.697963237762451,675,14.054365158081055,0.0008320679771713912,0.0008343822555616498,0.016418756917119026,14401,15668,-11.417766571044922,-11.516826629638672,2.265625,2.1875,6.796875,6.875,65087,65087,9.60222339630127,0.00984401535242796,1.0998335710610263e-05
geo,c4b929f0a3fc5acbfb492f25a434328425c96a7cd11b346148dc14ada268d0c1,c4b929f0,25.0,1,2,28,5332,0.09375,0.1171875,-0.0234375,0.0234375,3.3724539279937744,217,14.210283279418945,0.0009008498163893819,0.0008976947283372283,0.01696586236357689,20006,21931,-11.767573356628418,-11.885774612426758,1.515625,1.421875,7.796875,7.953125,2463,2463,9.6450777053833,0.018860261887311935,7.751894372631796e-06
geo,c4b929f0a3fc5acbfb492f25a434328425c96a7cd11b346148dc14ada268d0c1,c4b929f0,25.0,1,2,29,5332,0.0625,0.0625,0.0,0.02734375,1.5416932106018066,5029,14.32479190826416,0.0011496293591335416,0.0011306802043691278,0.016823988407850266,11893,12632,-11.17996597290039,-11.24239730834961,1.8125,1.75,7.0625,7.125,97209,97209,9.599424362182617,0.016285737976431847,1.3950907487014774e-05
geo,c4b929f0a3fc5acbfb492f25a434328425c96a7cd11b346148dc14ada268d0c1,c4b929f0,25.0,1,2,30,5332,0.046875,0.048828125,-0.001953125,0.029296875,1.1241512298583984,8934,13.931745529174805,0.003930773586034775,0.00388325285166502,0.03734412044286728,3591,3766,-11.19898509979248,-11.184948921203613,3.109375,3.0625,10.015625,9.875,578,578,4.854496955871582,0.30624791979789734,1.3688080798601732e-05
geo,c4b929f0a3fc5acbfb492f25a434328425c96a7cd11b346148dc14ada268d0c1,c4b929f0,25.0,1,2,31,5332,0.0,0.0,0.0,0.0234375,0.0,59387,13.416903495788574,0.002034951001405716,0.002050456590950489,0.026707850396633148,17096,17003,-14.82009506225586,-14.771467208862305,1.296875,1.296875,13.578125,13.453125,578,578,2.903843641281128,0.28881481289863586,3.661967582502257e-07
geo,8c28ff35b194afba23cd2d11a5d5c08f253f6d21d481d49a35752f310f3be612,8c28ff35,50.0,1,0,0,7322,0.0,0.0,0.0,0.001953125,0.0,41275,2.2461912631988525,7.908718544058502e-05,7.763082976453006e-05,0.002415706869214773,5635,5628,-10.502532005310059,-10.502643585205078,3.34375,3.34375,7.09375,7.09375,47523,47523,9.283455848693848,0.03308146819472313,2.7466814572107978e-05
geo,8c28ff35b194afba23cd2d11a5d5c08f253f6d21d481d49a35752f310f3be612,8c28ff35,50.0,1,0,1,7322,0.0,0.0,0.0,0.0,0.0,12641,1.3128129243850708,1.6154888726305217e-05,1.6993653844110668e-05,0.0016813318943604827,120969,120973,-14.4729642868042,-14.474751472473145,-1.03125,-1.03125,8.53125,8.53125,12451,12451,10.84703254699707,0.00262752128764987,5.18169031238358e-07
geo,8c28ff35b194afba23cd2d11a5d5c08f253f6d21d481d49a35752f310f3be612,8c28ff35,50.0,1,0,2,7322,0.0,0.0,0.0,0.001953125,0.0,30839,1.9643676280975342,3.304103302070871e-05,3.1199713703244925e-05,0.002741033211350441,120136,120128,-14.519691467285156,-14.522337913513184,-1.046875,-1.046875,8.828125,8.828125,12451,12451,10.792943000793457,0.003374303225427866,4.945134719491762e-07
geo,8c28ff35b194afba23cd2d11a5d5c08f253f6d21d481d49a35752f310f3be612,8c28ff35,50.0,1,0,3,7322,0.0,0.0,0.0,0.005859375,0.0,57571,3.2357654571533203,6.495149136753753e-05,6.0428224969655275e-05,0.00390886515378952,118814,118785,-14.510305404663086,-14.508304595947266,-1.078125,-1.078125,8.390625,8.421875,58812,58812,10.75408935546875,0.0021991576068103313,4.99176849189098e-07
geo,8c28ff35b194afba23cd2d11a5d5c08f253f6d21d481d49a35752f310f3be612,8c28ff35,50.0,1,0,4,7322,0.0,0.0,0.0,0.0078125,0.0,55887,3.5174810886383057,7.703518349444494e-05,7.716791878920048e-05,0.004071123898029327,116958,116901,-14.509881019592285,-14.509260177612305,-1.0078125,-1.0078125,8.6640625,8.6640625,63075,63075,10.686395645141602,0.0028919666074216366,4.993887614546111e-07
geo,8c28ff35b194afba23cd2d11a5d5c08f253f6d21d481d49a35752f310f3be612,8c28ff35,50.0,1,0,5,7322,-0.0078125,-0.0078125,0.0,0.0078125,-0.674490749835968,103977,3.866781711578369,8.400740625802428e-05,8.331505523528904e-05,0.004342737141996622,120507,120371,-14.898584365844727,-14.889760971069336,-1.3515625,-1.34375,9.6015625,9.59375,63075,63075,10.616659164428711,0.005006484221667051,3.3855326364573557e-07
geo,8c28ff35b194afba23cd2d11a5d5c08f253f6d21d481d49a35752f310f3be612,8c28ff35,50.0,1,0,6,7322,0.0,0.0,0.0,0.0078125,0.0,47445,3.7253499031066895,8.621977030998096e-05,8.639658335596323e-05,0.005389198660850525,116866,116793,-14.727312088012695,-14.734254837036133,-1.1171875,-1.1171875,9.8046875,9.8046875,63075,63075,10.554435729980469,0.0072799986228346825,4.01799724158991e-07
geo,8c28ff35b194afba23cd2d11a5d5c08f253f6d21d481d49a35752f310f3be612,8c28ff35,50.0,1,0,7,7322,-0.01953125,-0.021484375,0.001953125,0.009765625,-1.4838796854019165,124963,4.708418846130371,0.00012001855066046119,0.00012044263712596148,0.0060218321159482,114339,113966,-14.800411224365234,-14.775952339172363,-0.94140625,-0.921875,10.00390625,9.984375,63075,63075,10.425776481628418,0.008258556947112083,3.7347632542150677e-07
geo,8c28ff35b194afba23cd2d11a5d5c08f253f6d21d481d49a35752f310f3be612,8c28ff35,50.0,1,0,8,7322,-0.01171875,-0.01171875,0.0,0.0078125,-1.0117361545562744,102268,4.547847747802734,0.00014470674796029925,0.00015237327897921205,0.006665609776973724,114783,114544,-14.863489151000977,-14.85775375366211,-1.0,-0.98828125,10.6875,10.73828125,63075,63075,10.366247177124023,0.015359997749328613,3.5064584835708956e-07
geo,8c28ff35b194afba23cd2d11a5d5c08f253f6d21d481d49a35752f310f3be612,8c28ff35,50.0,1,0,9,7322,-0.01953125,-0.01953125,0.0,0.0078125,-1.6862269639968872,122216,4.727784156799316,0.00012264552060514688,0.0001216775126522407,0.006162416189908981,103535,103006,-14.34623908996582,-14.331995010375977,-0.5234375,-0.50390625,10.5859375,10.56640625,63075,63075,10.270342826843262,0.023276731371879578,5.881763058823708e-07
geo,8c28ff35b194afba23cd2d11a5d5c08f253f6d21d481d49a35752f310f3be612,8c28ff35,50.0,1,0,10,7322,-0.0234375,-0.02734375,0.00390625,0.01171875,-1.5738118886947632,123716,5.28544282913208,0.00014724675565958023,0.00014881952665746212,0.006266357842832804,110941,110408,-14.794346809387207,-14.768495559692383,-0.921875,-0.8984375,10.984375,10.9609375,63075,63075,10.230634689331055,0.02214880846440792,3.757481294996978e-07
geo,8c28ff35b194afba23cd2d11a5d5c08f253f6d21d481d49a35752f310f3be612,8c28ff35,50.0,1,0,11,7322,-0.01953125,-0.01953125,0.0,0.00811767578125,-1.6228350400924683,119300,5.444192886352539,0.0001610659819561988,0.00016445378423668444,0.00679356325417757,109175,108728,-14.72603988647461,-14.70979118347168,-0.84375,-0.82421875,10.40625,10.38671875,63075,63075,10.259790420532227,0.013302684761583805,4.0231120124190056e-07
geo,8c28ff35b194afba23cd2d11a5d5c08f253f6d21d481d49a35752f310f3be612,8c28ff35,50.0,1,0,12,7322,-0.01953125,-0.01953125,0.0,0.009765625,-1.348981499671936,119269,5.546464443206787,0.0001642433344386518,0.00017022513202391565,0.00701389042660594,101605,101027,-14.343318939208984,-14.327516555786133,-0.62109375,-0.6015625,9.55859375,9.5390625,63075,63075,10.275923728942871,0.008356415666639805,5.898963877370988e-07
geo,8c28ff35b194afba23cd2d11a5d5c08f253f6d21d481d49a35752f310f3be612,8c28ff35,50.0,1,0,13,7322,-0.015625,-0.015625,0.0,0.0107421875,-0.9810774922370911,105739,5.725330829620361,0.00016473517462145537,0.00017132924403995275,0.006987971253693104,99784,99240,-14.265361785888672,-14.253211975097656,-0.63671875,-0.62109375,10.07421875,10.05859375,63075,63075,10.222509384155273,0.01512898225337267,6.377230192811112e-07
geo,8c28ff35b194afba23cd2d11a5d5c08f253f6d21d481d49a35752f310f3be612,8c28ff35,50.0,1,0,14,7322,-0.0078125,-0.0078125,0.0,0.009765625,-0.5395926237106323,87806,5.529818058013916,0.00016608367150183767,0.00016610586317256093,0.0072764866054058075,100442,100147,-14.262975692749023,-14.261786460876465,-0.75390625,-0.74609375,10.06640625,10.05859375,63075,63075,10.240898132324219,0.01504711527377367,6.392465365934186e-07
geo,8c28ff35b194afba23cd2d11a5d5c08f253f6d21d481d49a35752f310f3be612,8c28ff35,50.0,1,0,15,7322,-0.015625,-0.015625,0.0,0.01171875,-0.8993210792541504,104056,5.836560249328613,0.0001746508205542341,0.0001756716810632497,0.0071448106318712234,96556,96064,-14.232442855834961,-14.220406532287598,-0.5703125,-0.5546875,10.3203125,10.3046875,63075,63075,10.08598518371582,0.019997842609882355,6.590655630134279e-07
geo,8c28ff35b194afba23cd2d11a5d5c08f253f6d21d481d49a35752f310f3be612,8c28ff35,50.0,1,0,16,7322,-0.015625,-0.015625,0.0,0.01171875,-0.8993210792541504,104663,5.806538105010986,0.0001772656396497041,0.00018171023111790419,0.007208683993667364,91237,90669,-14.001642227172852,-13.989167213439941,-0.53125,-0.515625,9.40625,9.390625,63075,63075,10.134708404541016,0.010098254308104515,8.3016425378446e-07
geo,8c28ff35b194afba23cd2d11a5d5c08f253f6d21d481d49a35752f310f3be612,8c28ff35,50.0,1,0,17,7322,-0.01220703125,-0.01220703125,0.0,0.009765625,-0.8431134223937988,99753,5.546855926513672,0.00018082757014781237,0.00019273703219369054,0.007868951186537743,77618,77134,-13.503387451171875,-13.501466751098633,-0.1171875,-0.10498046875,9.3046875,9.35498046875,63075,63075,10.174713134765625,0.015015076845884323,1.3663229765370488e-06
geo,8c28ff35b194afba23cd2d11a5d5c08f253f6d21d481d49a35752f310f3be612,8c28ff35,50.0,1,0,18,7322,-0.013671875,-0.013671875,0.0,0.009765625,-0.9442870616912842,98658,5.6416850090026855,0.00016776991833467036,0.0001748342183418572,0.007479942869395018,80689,80186,-13.551090240478516,-13.545984268188477,-0.310546875,-0.296875,9.373046875,9.359375,63075,63075,10.208538055419922,0.01532847061753273,1.3026756278122775e-06
geo,8c28ff35b194afba23cd2d11a5d5c08f253f6d21d481d49a35752f310f3be612,8c28ff35,50.0,1,0,19,7322,-0.0078125,-0.0078125,0.0,0.009765625,-0.5395926237106323,90290,5.605122089385986,0.00015449797501787543,0.00015351803449448198,0.006825088988989592,80295,79957,-13.467811584472656,-13.463411331176758,-0.45703125,-0.44921875,9.08203125,9.07421875,63075,63075,10.296795845031738,0.012453161180019379,1.415806082150084e-06
geo,8c28ff35b194afba23cd2d11a5d5c08f253f6d21d481d49a35752f310f3be612,8c28ff35,50.0,1,0,20,7322,-0.029296875,-0.029296875,0.0,0.01171875,-1.6862269639968872,122783,6.208488464355469,0.00018075348634738475,0.0001896668109111488,0.007462038658559322,59195,58057,-12.855481147766113,-12.82973861694336,0.208984375,0.23828125,7.666015625,7.63671875,63075,63075,10.343198776245117,0.00557498587295413,2.6117731977137737e-06
geo,8c28ff35b194afba23cd2d11a5d5c08f253f6d21d481d49a35752f310f3be612,8c28ff35,50.0,1,0,21,7322,-0.0234375,-0.0234375,0.0,0.01171875,-1.3489816188812256,115620,6.433343887329102,0.00020696126739494503,0.00019792356761172414,0.007789005059748888,30923,30314,-12.008922576904297,-11.989029884338379,1.125,1.1484375,7.0625,7.0390625,63075,63075,10.286195755004883,0.007108794525265694,6.08963409831631e-06
geo,8c28ff35b194afba23cd2d11a5d5c08f253f6d21d481d49a35752f310f3be612,8c28ff35,50.0,1,0,22,7322,-0.015625,-0.015625,0.0,0.014524459838867188,-0.7255979180335999,96376,6.758236885070801,0.00022647624427918345,0.0002270662080263719,0.008417496457695961,27463,27148,-11.83671760559082,-11.826997756958008,1.1640625,1.1796875,6.8984375,6.8828125,63075,63075,10.367223739624023,0.007166910916566849,7.234005806822097e-06
geo,8c28ff35b194afba23cd2d11a5d5c08f253f6d21d481d49a35752f310f3be612,8c28ff35,50.0,1,0,23,7322,-0.0078125,-0.0078125,0.0,0.013671875,-0.38542330265045166,83210,6.670757293701172,0.00020021793898195028,0.00020723398483823985,0.0079584289342165,20087,19944,-11.466014862060547,-11.462427139282227,1.2734375,1.28125,5.7890625,5.8125,63075,63075,10.448589324951172,0.003423977643251419,1.0480282981006894e-05
geo,8c28ff35b194afba23cd2d11a5d5c08f253f6d21d481d49a35752f310f3be612,8c28ff35,50.0,1,0,24,7322,-0.03125,-0.03125,0.0,0.015625,-1.348981499671936,121374,6.994356632232666,0.0002141721488442272,0.0002147615741705522,0.00777269434183836,6023,5791,-10.437784194946289,-10.406432151794434,2.140625,2.171875,5.140625,5.109375,54977,54977,10.445045471191406,0.005005791783332825,2.930406844825484e-05
geo,8c28ff35b194afba23cd2d11a5d5c08f253f6d21d481d49a35752f310f3be612,8c28ff35,50.0,1,0,25,7322,-0.03125,-0.02734375,-0.00390625,0.01171875,-1.5738118886947632,113154,7.191516399383545,0.00025102394283749163,0.00024213350843638182,0.008913296274840832,7265,7080,-10.620953559875488,-10.600564956665039,2.265625,2.296875,5.359375,5.328125,54977,54977,10.164460182189941,0.005187110044062138,2.4399361791438423e-05
geo,8c28ff35b194afba23cd2d11a5d5c08f253f6d21d481d49a35752f310f3be612,8c28ff35,50.0,1,0,26,7322,0.0,0.00634765625,-0.00634765625,0.01416015625,0.302357941865921,41458,7.649768352508545,0.00026955976500175893,0.0002717958122957498,0.009402536787092686,15066,15176,-11.273374557495117,-11.28354549407959,1.5546875,1.5546875,6.2265625,6.1953125,54977,54977,10.187124252319336,0.006429798901081085,1.2706783309113234e-05
geo,8c28ff35b194afba23cd2d11a5d5c08f253f6d21d481d49a35752f310f3be612,8c28ff35,50.0,1,0,27,7322,-0.015625,-0.015625,0.0,0.015625,-0.674490749835968,87972,7.411975860595703,0.0002591927768662572,0.00025378947611898184,0.009052108973264694,1758,1743,-9.44722843170166,-9.439826011657715,3.796875,3.8125,4.578125,4.5625,112069,112069,9.991823196411133,0.007680248003453016,7.890796405263245e-05
geo,8c28ff35b194afba23cd2d11a5d5c08f253f6d21d481d49a35752f310f3be612,8c28ff35,50.0,1,0,28,7322,0.0,0.0,0.0,0.015625,0.0,59848,7.82054328918457,0.00028107553953304887,0.0002786115219350904,0.008840120397508144,1604,1607,-9.386547088623047,-9.38742733001709,3.71875,3.71875,4.46875,4.53125,2463,2463,9.945558547973633,0.007315227761864662,8.384446846321225e-05
geo,8c28ff35b194afba23cd2d11a5d5c08f253f6d21d481d49a35752f310f3be612,8c28ff35,50.0,1,0,29,7322,0.03125,0.03125,0.0,0.015625,1.348981499671936,8937,8.294416427612305,0.00037644512485712767,0.000374031369574368,0.010474415495991707,1035,1086,-9.102060317993164,-9.135087966918945,3.609375,3.578125,5.078125,5.046875,791,791,9.515117645263672,0.0178824532777071,0.0001114359765779227
geo,8c28ff35b194afba23cd2d11a5d5c08f253f6d21d481d49a35752f310f3be612,8c28ff35,50.0,1,0,30,7322,0.03125,0.015625,0.015625,0.015625,0.674490749835968,22729,9.131250381469727,0.000382482772693038,0.0003942442126572132,0.009548652917146683,147,155,-8.316889762878418,-8.353719711303711,5.8125,5.78125,7.5,7.53125,791,791,5.217391014099121,0.44180378317832947,0.0002443546836730093
geo,8c28ff35b194afba23cd2d11a5d5c08f253f6d21d481d49a35752f310f3be612,8c28ff35,50.0,1,0,31,7322,0.03125,0.03125,0.0,0.015625,1.348981499671936,6178,8.496779441833496,0.0009148465469479561,0.0009007947519421577,0.01755409501492977,15312,15614,-13.309624671936035,-13.330530166625977,1.625,1.59375,12.0,11.96875,791,791,4.608936309814453,0.26992133259773254,1.658454038988566e-06
geo,8c28ff35b194afba23cd2d11a5d5c08f253f6d21d481d49a35752f310f3be612,8c28ff35,50.0,1,1,0,12378,-0.015625,-0.01220703125,-0.00341796875,0.00439453125,-1.8735854625701904,100288,3.602864980697632,0.00010727523476816714,0.0001008811523206532,0.004951475188136101,123204,123148,-17.355609893798828,-17.34400177001953,-3.578125,-3.5625,13.578125,13.5625,6269,6269,9.325393676757812,0.022880159318447113,2.9010445601329593e-08
geo,8c28ff35b194afba23cd2d11a5d5c08f253f6d21d481d49a35752f310f3be612,8c28ff35,50.0,1,1,1,12378,0.0,0.0,0.0,0.0078125,0.0,43482,4.682321548461914,0.00019475210865493864,0.00019314010569360107,0.00721718929708004,124514,124497,-17.22186851501465,-17.227890014648438,-2.390625,-2.390625,12.453125,12.453125,12972,12972,9.597765922546387,0.008491046726703644,3.316175778422803e-08
geo,8c28ff35b194afba23cd2d11a5d5c08f253f6d21d481d49a35752f310f3be612,8c28ff35,50.0,1,1,2,12378,0.015625,0.015625,0.0,0.0078125,1.348981499671936,8033,4.633366584777832,0.0001501577062299475,0.00015097697905730456,0.005566297564655542,104851,105105,-15.514699935913086,-15.532190322875977,-1.046875,-1.0625,11.734375,11.75,21067,21067,9.442453384399414,0.022815272212028503,1.8283166980381793e-07
geo,8c28ff35b194afba23cd2d11a5d5c08f253f6d21d481d49a35752f310f3be612,8c28ff35,50.0,1,1,3,12378,0.0078125,0.0078125,0.0,0.0078125,0.674490749835968,28324,4.666202068328857,0.00015854112280067056,0.00014962954446673393,0.0056504299864172935,84906,85042,-14.59761905670166,-14.606807708740234,-0.59375,-0.6015625,9.96875,9.9765625,69833,69833,9.522381782531738,0.009765797294676304,4.574404783852515e-07
geo,8c28ff35b194afba23cd2d11a5d5c08f253f6d21d481d49a35752f310f3be612,8c28ff35,50.0,1,1,4,12378,0.017578125,0.017578125,0.0,0.0078125,1.5176042318344116,6363,4.706441879272461,0.00018036685651168227,0.00018513914255890995,0.006189996376633644,65838,66321,-13.946929931640625,-13.966694831848145,0.28515625,0.267578125,9.02734375,9.044921875,96410,96410,9.444046020507812,0.007302151992917061,8.768499810685171e-07
geo,8c28ff35b194afba23cd2d11a5d5c08f253f6d21d481d49a35752f310f3be612,8c28ff35,50.0,1,1,5,12378,0.00390625,0.00390625,0.0,0.0078125,0.337245374917984,47475,5.070470333099365,0.00014179872232489288,0.00014357059262692928,0.005648225545883179,81887,81952,-14.617332458496094,-14.618803977966309,-0.5078125,-0.51171875,10.5703125,10.57421875,67075,67075,9.256402969360352,0.01747436262667179,4.485110878249543e-07
geo,8c28ff35b194afba23cd2d11a5d5c08f253f6d21d481d49a35752f310f3be612,8c28ff35,50.0,1,1,6,12378,0.003662109375,-0.000732421875,0.00439453125,0.01123046875,-0.04398852586746216,67588,5.770190715789795,0.00019287060422357172,0.00018935259140562266,0.007239531725645065,77134,77083,-14.48786449432373,-14.485807418823242,-0.037841796875,-0.04150390625,11.725341796875,11.72900390625,77342,77342,9.004260063171387,0.06313228607177734,5.105054583509627e-07
geo,8c28ff35b194afba23cd2d11a5d5c08f253f6d21d481d49a35752f310f3be612,8c28ff35,50.0,1,1,7,12378,0.0,-0.005859375,0.005859375,0.009765625,-0.40469443798065186,70071,5.483418941497803,0.0001742999447742477,0.00016721336578484625,0.007004054728895426,121557,121513,-17.34465980529785,-17.338340759277344,-2.734375,-2.734375,13.859375,13.859375,77342,77342,9.161700248718262,0.03064502216875553,2.932985765369267e-08
geo,8c28ff35b194afba23cd2d11a5d5c08f253f6d21d481d49a35752f310f3be612,8c28ff35,50.0,1,1,8,12378,0.015625,0.015625,0.0,0.015625,0.674490749835968,24383,6.625679969787598,0.0002654819982126355,0.0002673169656191021,0.008849835023283958,54065,54372,-13.60348892211914,-13.612449645996094,0.85546875,0.83984375,9.51953125,9.47265625,71889,71889,9.222189903259277,0.01684069260954857,1.236174625773856e-06
geo,8c28ff35b194afba23cd2d11a5d5c08f253f6d21d481d49a35752f310f3be612,8c28ff35,50.0,1,1,9,12378,0.00390625,0.00390625,0.0,0.015625,0.168622687458992,57747,6.570467472076416,0.0002504197182133794,0.00024688703706488013,0.00800240132957697,82176,82157,-14.67336654663086,-14.673852920532227,-0.38671875,-0.390625,10.82421875,10.828125,95929,95929,9.267504692077637,0.021297868341207504,4.240703219693387e-07
geo,8c28ff35b194afba23cd2d11a5d5c08f253f6d21d481d49a35752f310f3be612,8c28ff35,50.0,1,1,10,12378,0.0,-0.001953125,0.001953125,0.013671875,-0.09635582566261292,64557,6.567479610443115,0.00031566389952786267,0.00031487710657529533,0.009540165774524212,29992,29885,-12.608135223388672,-12.600935935974121,1.9609375,1.9609375,8.7890625,8.7890625,124498,124498,9.109987258911133,0.021948132663965225,3.3446945053583477e-06
geo,8c28ff35b194afba23cd2d11a5d5c08f253f6d21d481d49a35752f310f3be612,8c28ff35,50.0,1,1,11,12378,-0.015625,-0.0234375,0.0078125,0.01171875,-1.3489816188812256,108760,7.011724948883057,0.0002970918139908463,0.0003021731972694397,0.01011858880519867,40113,39612,-13.123981475830078,-13.095001220703125,1.5078125,1.5234375,9.5546875,9.4765625,77342,77342,9.070535659790039,0.02817574515938759,1.9967665139120072e-06
geo,8c28ff35b194afba23cd2d11a5d5c08f253f6d21d481d49a35752f310f3be612,8c28ff35,50.0,1,1,12,12378,-0.015625,-0.015625,0.0,0.015625,-0.674490749835968,97851,7.4216694831848145,0.0003609777195379138,0.00036226550582796335,0.009710175916552544,40352,39951,-13.18022632598877,-13.160751342773438,1.2109375,1.2265625,9.4765625,9.3984375,52700,52700,8.943626403808594,0.024633115157485008,1.8875585965361097e-06
geo,8c28ff35b194afba23cd2d11a5d5c08f253f6d21d481d49a35752f310f3be612,8c28ff35,50.0,1,1,13,12378,-0.015625,-0.0234375,0.0078125,0.015625,-1.0117361545562744,103335,8.012017250061035,0.00041451863944530487,0.0004099692450836301,0.011110304854810238,55356,54779,-13.867706298828125,-13.84339427947998,0.65234375,0.66796875,10.72265625,10.70703125,95929,95929,8.619990348815918,0.04306478798389435,9.491430432717607e-07
geo,8c28ff35b194afba23cd2d11a5d5c08f253f6d21d481d49a35752f310f3be612,8c28ff35,50.0,1,1,14,12378,-0.0234375,-0.0234375,0.0,0.015625,-1.0117361545562744,109239,8.971887588500977,0.0004542096867226064,0.0004485639510676265,0.011458238586783409,41463,40853,-13.101907730102539,-13.074203491210938,0.8046875,0.828125,9.0703125,9.109375,45625,45625,9.244428634643555,0.017745990306138992,2.0413326637935825e-06
geo,8c28ff35b194afba23cd2d11a5d5c08f253f6d21d481d49a35752f310f3be612,8c28ff35,50.0,1,1,15,12378,0.0078125,0.0078125,0.0,0.015625,0.337245374917984,44946,9.488184928894043,0.0007984105031937361,0.0007965897675603628,0.015157856047153473,33648,33785,-13.031204223632812,-13.04276180267334,1.7578125,1.75,10.5546875,10.625,45625,45625,8.500823020935059,0.08403539657592773,2.1908867893216666e-06
geo,8c28ff35b194afba23cd2d11a5d5c08f253f6d21d481d49a35752f310f3be612,8c28ff35,50.0,1,1,16,12378,0.0078125,0.0078125,0.0,0.015625,0.337245374917984,41093,9.022322654724121,0.0007297949632629752,0.0007351473323069513,0.012883014976978302,79869,80097,-14.585518836975098,-14.592529296875,-0.58203125,-0.58984375,10.83203125,10.71484375,73106,73106,9.18625545501709,0.023435862734913826,4.6300922917907883e-07
geo,8c28ff35b194afba23cd2d11a5d5c08f253f6d21d481d49a35752f310f3be612,8c28ff35,50.0,1,1,17,12378,0.0067138671875,0.0067138671875,0.0,0.015625,0.28982025384902954,52740,9.193811416625977,0.0004874721053056419,0.0004868799587711692,0.011876658536493778,69210,69376,-14.167876243591309,-14.171098709106445,0.033447265625,0.0267333984375,10.154052734375,10.1607666015625,103523,103523,9.166919708251953,0.018064193427562714,7.030230335658416e-07
geo,8c28ff35b194afba23cd2d11a5d5c08f253f6d21d481d49a35752f310f3be612,8c28ff35,50.0,1,1,18,12378,0.0234375,0.0234375,0.0,0.015625,1.0117361545562744,22162,8.934173583984375,0.000496703723911196,0.0004916097968816757,0.011867200955748558,95072,95507,-15.205561637878418,-15.22516918182373,-1.0625,-1.0859375,11.4375,11.4609375,103523,103523,9.034295082092285,0.02309679053723812,2.490625945483771e-07
geo,8c28ff35b194afba23cd2d11a5d5c08f253f6d21d481d49a35752f310f3be612,8c28ff35,50.0,1,1,19,12378,0.03125,0.029296875,0.001953125,0.017578125,1.1241512298583984,13258,8.994534492492676,0.0004405900835990906,0.00044890178833156824,0.011774719692766666,46424,47115,-13.21444320678711,-13.238362312316895,0.7890625,0.7578125,8.8984375,8.9296875,103523,103523,9.338094711303711,0.01335311308503151,1.8240647250422626e-06
geo,8c28ff35b194afba23cd2d11a5d5c08f253f6d21d481d49a35752f310f3be612,8c28ff35,50.0,1,1,20,12378,0.03125,0.03125,0.0,0.015625,1.348981499671936,8642,9.064702987670898,0.00044059165520593524,0.000438562361523509,0.010748551227152348,37564,38319,-12.83106803894043,-12.86292839050293,1.125,1.09375,8.6875,8.65625,65167,55047,9.333639144897461,0.01586613990366459,2.6763195819512475e-06
geo,8c28ff35b194afba23cd2d11a5d5c08f253f6d21d481d49a35752f310f3be612,8c28ff35,50.0,1,1,21,12378,0.037109375,0.021484375,0.015625,0.015625,0.9274247884750366,21837,9.708251953125,0.0005028657615184784,0.0005054278299212456,0.013012193143367767,55503,56174,-13.499566078186035,-13.518351554870605,0.4765625,0.439453125,10.2109375,10.185546875,67707,67707,9.20823860168457,0.03730497509241104,1.3715541626879713e-06
geo,8c28ff35b194afba23cd2d11a5d5c08f253f6d21d481d49a35752f310f3be612,8c28ff35,50.0,1,1,22,12378,0.0625,0.05078125,0.01171875,0.01953125,1.753675937652588,2575,9.425202369689941,0.0005046918522566557,0.0005010139429941773,0.012611164711415768,41443,42794,-12.774293899536133,-12.81981372833252,0.703125,0.640625,9.171875,9.171875,67707,67707,9.600668907165527,0.02725772187113762,2.832661266438663e-06
geo,8c28ff35b194afba23cd2d11a5d5c08f253f6d21d481d49a35752f310f3be612,8c28ff35,50.0,1,1,23,12378,0.042236328125,0.042236328125,0.0,0.015625,1.823232889175415,6694,9.039844512939453,0.0004116857307963073,0.0004114154726266861,0.010987883433699608,51859,53364,-12.931255340576172,-12.971795082092285,0.0634765625,0.021240234375,8.5615234375,8.603759765625,67707,67707,9.95380973815918,0.012654632329940796,2.4211803975049406e-06
geo,8c28ff35b194afba23cd2d11a5d5c08f253f6d21d481d49a35752f310f3be612,8c28ff35,50.0,1,1,24,12378,0.0390625,0.0390625,0.0,0.015625,1.6862269639968872,6593,8.68277359008789,0.00035739107988774776,0.0003478206635918468,0.010050840675830841,23227,24012,-11.750275611877441,-11.788200378417969,0.921875,0.8828125,6.765625,6.7734375,67707,67707,10.103325843811035,0.0068421680480241776,7.887150786700659e-06
geo,8c28ff35b194afba23cd2d11a5d5c08f253f6d21d481d49a35752f310f3be612,8c28ff35,50.0,1,1,25,12378,0.0546875,0.0546875,0.0,0.015625,2.3607177734375,1751,8.674214363098145,0.00034733698703348637,0.0003472273238003254,0.009904194623231888,16014,16765,-11.425538063049316,-11.480846405029297,1.625,1.5703125,6.8125,6.8671875,67707,67707,9.872876167297363,0.009921629913151264,1.0913194273598492e-05
geo,8c28ff35b194afba23cd2d11a5d5c08f253f6d21d481d49a35752f310f3be612,8c28ff35,50.0,1,1,26,12378,0.03125,0.03125,0.0,0.015625,1.348981499671936,10844,8.89793586730957,0.0004021363565698266,0.00039767695125192404,0.01074185874313116,19207,19739,-11.628276824951172,-11.657630920410156,1.4453125,1.4140625,6.8046875,6.7734375,67707,67707,9.912883758544922,0.008037884719669819,8.91053059604019e-06
geo,8c28ff35b194afba23cd2d11a5d5c08f253f6d21d481d49a35752f310f3be612,8c28ff35,50.0,1,1,27,12378,0.0234375,0.0234375,0.0,0.015625,1.0117361545562744,15125,9.003375053405762,0.0003734507190529257,0.00037417365820147097,0.01055668480694294,18800,19220,-11.700533866882324,-11.728754997253418,1.9296875,1.90625,6.6953125,6.71875,2463,2463,9.688352584838867,0.006702857092022896,8.289393008453771e-06
geo,8c28ff35b194afba23cd2d11a5d5c08f253f6d21d481d49a35752f310f3be612,8c28ff35,50.0,1,1,28,12378,0.03125,0.03125,0.0,0.015625,1.348981499671936,10218,9.524392127990723,0.0004309159121476114,0.00043924886267632246,0.011032459326088428,7533,7747,-10.68371295928955,-10.713006973266602,2.390625,2.359375,6.734375,6.765625,2463,2463,9.70118522644043,0.019267449155449867,2.2915133740752935e-05
geo,8c28ff35b194afba23cd2d11a5d5c08f253f6d21d481d49a35752f310f3be612,8c28ff35,50.0,1,1,29,12378,0.0,0.0078125,-0.0078125,0.0205078125,0.256948858499527,42337,10.475367546081543,0.0006097445730119944,0.0006203647353686392,0.013378255069255829,2502,2502,-9.682175636291504,-9.687469482421875,3.296875,3.296875,5.515625,5.578125,97209,97209,9.626810073852539,0.015505652874708176,6.238562491489574e-05
geo,8c28ff35b194afba23cd2d11a5d5c08f253f6d21d481d49a35752f310f3be612,8c28ff35,50.0,1,1,30,12378,-0.0625,-0.0625,0.0,0.015625,-2.697962999343872,126204,10.258514404296875,0.0005467059090733528,0.0005487757734954357,0.010760165750980377,3310,3109,-10.683464050292969,-10.623477935791016,3.171875,3.234375,8.953125,8.890625,578,578,6.285900592803955,0.17722433805465698,2.2920838091522455e-05
geo,8c28ff35b194afba23cd2d11a5d5c08f253f6d21d481d49a35752f310f3be612,8c28ff35,50.0,1,1,31,12378,-0.015625,-0.03369140625,0.01806640625,0.01806640625,-1.2578341960906982,110001,11.603734016418457,0.00015084113692864776,0.00015988864470273256,0.0025992768350988626,13582,13253,-14.272270202636719,-14.257829666137695,1.8203125,1.8359375,13.3671875,13.3515625,13,13,2.8603341579437256,0.40450847148895264,6.333325472951401e-07
geo,8c28ff35b194afba23cd2d11a5d5c08f253f6d21d481d49a35752f310f3be612,8c28ff35,50.0,1,2,0,3487,0.0,0.0,0.0,0.005859375,0.0,27917,3.405440330505371,7.388459926005453e-05,7.995799387572333e-05,0.0040922826156020164,7221,7240,-10.777780532836914,-10.780658721923828,3.046875,3.046875,6.390625,6.390625,63364,63364,9.313863754272461,0.012436052784323692,2.0857842173427343e-05
geo,8c28ff35b194afba23cd2d11a5d5c08f253f6d21d481d49a35752f310f3be612,8c28ff35,50.0,1,2,1,3487,-0.0087890625,-0.0087890625,0.0,0.0078125,-0.7588021159172058,99410,5.177035331726074,0.00020102746202610433,0.00019682449055835605,0.006368075031787157,93860,93663,-15.243613243103027,-15.23213005065918,-0.043701171875,-0.034912109375,12.418701171875,12.409912109375,73267,73267,9.057441711425781,0.059313856065273285,2.397634091266809e-07
geo,8c28ff35b194afba23cd2d11a5d5c08f253f6d21d481d49a35752f310f3be612,8c28ff35,50.0,1,2,2,3487,0.015625,0.015625,0.0,0.01171875,0.8993210792541504,14031,6.190395355224609,0.0002541104331612587,0.0002511436468921602,0.007532722316682339,49371,49816,-13.456472396850586,-13.474685668945312,1.25,1.234375,10.5,10.515625,71497,71497,8.889110565185547,0.05200204998254776,1.431951432095957e-06
geo,8c28ff35b194afba23cd2d11a5d5c08f253f6d21d481d49a35752f310f3be612,8c28ff35,50.0,1,2,3,3487,0.0078125,0.0078125,0.0,0.01171875,0.4496605396270752,25048,6.10491943359375,0.00022809419897384942,0.00022723474830854684,0.007714012172073126,41812,42075,-12.983318328857422,-12.994632720947266,1.0703125,1.0625,8.3671875,8.375,15125,15125,9.507147789001465,0.009890992194414139,2.298351773788454e-06
geo,8c28ff35b194afba23cd2d11a5d5c08f253f6d21d481d49a35752f310f3be612,8c28ff35,50.0,1,2,4,3487,0.0,0.0,0.0,0.01171875,0.0,48025,5.796310901641846,0.0002470670733600855,0.0002536202664487064,0.00784890353679657,26411,26420,-12.313480377197266,-12.316762924194336,1.921875,1.921875,7.765625,7.828125,124107,124107,9.353001594543457,0.010589896701276302,4.4907969822816085e-06
geo,8c28ff35b194afba23cd2d11a5d5c08f253f6d21d481d49a35752f310f3be612,8c28ff35,50.0,1,2,5,3487,0.0048828125,0.0048828125,0.0,0.0107421875,0.30658671259880066,44523,5.708377838134766,0.00021963007748126984,0.0002248233649879694,0.007202599663287401,72529,72647,-14.27330207824707,-14.280442237854004,-0.162109375,-0.1669921875,10.537109375,10.6044921875,67075,67075,9.150291442871094,0.02384471520781517,6.326793595690106e-07
geo,8c28ff35b194afba23cd2d11a5d5c08f253f6d21d481d49a35752f310f3be612,8c28ff35,50.0,1,2,6,3487,0.013671875,0.013671875,0.0,0.01171875,0.7869059443473816,32021,5.975271701812744,0.00035240291617810726,0.000347098452039063,0.009591802954673767,65916,66238,-14.09415340423584,-14.112470626831055,0.375,0.361328125,11.4375,11.513671875,77342,77342,8.872806549072266,0.07018270343542099,7.568101523247606e-07
geo,8c28ff35b194afba23cd2d11a5d5c08f253f6d21d481d49a35752f310f3be612,8c28ff35,50.0,1,2,7,3487,0.005859375,0.005859375,0.0,0.01171875,0.3372454047203064,56952,6.087234973907471,0.00023571541532874107,0.0002343220403417945,0.008404848165810108,73285,73347,-14.38718032836914,-14.385284423828125,0.2099609375,0.2041015625,10.9150390625,10.9208984375,77342,77342,9.088546752929688,0.031050479039549828,5.645819101118832e-07
geo,8c28ff35b194afba23cd2d11a5d5c08f253f6d21d481d49a35752f310f3be612,8c28ff35,50.0,1,2,8,3487,0.015625,0.00390625,0.01171875,0.01171875,0.2248302698135376,42450,6.960319995880127,0.0003095761057920754,0.00031130423303693533,0.010121270082890987,41897,41988,-13.11069107055664,-13.112176895141602,1.328125,1.3125,8.859375,8.8125,71889,67075,9.234159469604492,0.01424547377973795,2.023481329160859e-06
geo,8c28ff35b194afba23cd2d11a5d5c08f253f6d21d481d49a35752f310f3be612,8c28ff35,50.0,1,2,9,3487,0.0078125,0.0,0.0078125,0.01171875,0.0,60147,6.9323883056640625,0.00033503290615044534,0.0003341269330121577,0.01029890589416027,60385,60382,-13.826353073120117,-13.82217025756836,0.427734375,0.419921875,9.759765625,9.767578125,95929,95929,9.239946365356445,0.017135772854089737,9.892160051094834e-07
geo,8c28ff35b194afba23cd2d11a5d5c08f253f6d21d481d49a35752f310f3be612,8c28ff35,50.0,1,2,10,3487,0.0078125,0.00341796875,0.00439453125,0.01123046875,0.20527979731559753,53419,6.720353603363037,0.00025914734578691423,0.0002550131466705352,0.008869086392223835,70153,70183,-14.296844482421875,-14.296663284301758,0.2392578125,0.2314453125,10.6357421875,10.5810546875,124498,124498,9.092508316040039,0.025704151019454002,6.179585625432082e-07
geo,8c28ff35b194afba23cd2d11a5d5c08f253f6d21d481d49a35752f310f3be612,8c28ff35,50.0,1,2,11,3487,-0.015625,-0.01953125,0.00390625,0.01171875,-1.124151349067688,104883,7.104784965515137,0.0003089857054874301,0.00030507449992001057,0.009695787914097309,21829,21521,-12.166582107543945,-12.142984390258789,2.4375,2.453125,8.4375,8.421875,77342,77342,9.084010124206543,0.024014856666326523,5.201403382670833e-06
geo,8c28ff35b194afba23cd2d11a5d5c08f253f6d21d481d49a35752f310f3be612,8c28ff35,50.0,1,2,12,3487,0.03125,0.03125,0.0,0.015625,1.348981499671936,8874,7.880604267120361,0.00037344894371926785,0.0003761967527680099,0.010432752780616283,19525,19938,-12.089897155761719,-12.11491584777832,2.328125,2.296875,8.734375,8.765625,52700,52700,8.891888618469238,0.034891147166490555,5.615965164906811e-06
geo,8c28ff35b194afba23cd2d11a5d5c08f253f6d21d481d49a35752f310f3be612,8c28ff35,50.0,1,2,13,3487,0.0,-0.00439453125,0.00439453125,0.01416015625,-0.20932471752166748,67694,8.24856948852539,0.00042147815111093223,0.0004152845358476043,0.011507795192301273,15870,15812,-11.915275573730469,-11.904989242553711,2.625,2.625,9.0,9.0,72460,72460,8.397329330444336,0.054189082235097885,6.6874658841697965e-06
geo,8c28ff35b194afba23cd2d11a5d5c08f253f6d21d481d49a35752f310f3be612,8c28ff35,50.0,1,2,14,3487,0.015625,0.012451171875,0.003173828125,0.012451171875,0.674490749835968,32243,8.043319702148438,0.0003801112179644406,0.0003787158930208534,0.010838150978088379,44550,44796,-13.32785415649414,-13.335225105285645,0.62890625,0.61328125,10.24609375,10.26171875,102781,102781,8.885228157043457,0.045878440141677856,1.6284952835121658e-06
geo,8c28ff35b194afba23cd2d11a5d5c08f253f6d21d481d49a35752f310f3be612,8c28ff35,50.0,1,2,15,3487,0.02789306640625,0.02789306640625,0.0,0.015625,1.2040714025497437,22073,8.844940185546875,0.00039347721030935645,0.00038892083102837205,0.010247034952044487,74555,75118,-14.763631820678711,-14.786111831665039,0.0400390625,0.01214599609375,11.4599609375,11.48785400390625,81959,81959,8.475259780883789,0.0367480143904686,3.874682761306758e-07
geo,8c28ff35b194afba23cd2d11a5d5c08f253f6d21d481d49a35752f310f3be612,8c28ff35,50.0,1,2,16,3487,0.0078125,0.0078125,0.0,0.015625,0.337245374917984,49235,8.460884094238281,0.00043375251698307693,0.00043116314918734133,0.010938906110823154,42092,42204,-13.238065719604492,-13.238388061523438,0.9140625,0.90625,9.2109375,9.15625,59724,59724,8.910087585449219,0.01782543957233429,1.781480591489526e-06
geo,8c28ff35b194afba23cd2d11a5d5c08f253f6d21d481d49a35752f310f3be612,8c28ff35,50.0,1,2,17,3487,0.0087890625,0.0040283203125,0.0047607421875,0.0147705078125,0.18395203351974487,54910,8.612030982971191,0.0004254576633684337,0.0004196388181298971,0.011121686547994614,66951,67036,-14.244305610656738,-14.245553970336914,0.2275390625,0.21875,10.5849609375,10.59375,94512,94512,8.79875373840332,0.02574937418103218,6.512934191960085e-07
geo,8c28ff35b194afba23cd2d11a5d5c08f253f6d21d481d49a35752f310f3be612,8c28ff35,50.0,1,2,18,3487,0.0,-0.001953125,0.001953125,0.01416015625,-0.09303320944309235,64825,8.527678489685059,0.000428387604188174,0.0004349369555711746,0.010680640116333961,41286,41205,-13.197919845581055,-13.195333480834961,1.1015625,1.1015625,9.7109375,9.7734375,112465,112465,8.900468826293945,0.030593059957027435,1.854454694694141e-06
geo,8c28ff35b194afba23cd2d11a5d5c08f253f6d21d481d49a35752f310f3be612,8c28ff35,50.0,1,2,19,3487,0.0078125,0.0,0.0078125,0.015625,0.0,58252,8.911056518554688,0.00047905961400829256,0.00048093011719174683,0.012269478291273117,38253,38256,-12.928781509399414,-12.926915168762207,1.140625,1.1328125,8.546875,8.6171875,94512,94512,9.281047821044922,0.012501507997512817,2.4271776055684313e-06
geo,8c28ff35b194afba23cd2d11a5d5c08f253f6d21d481d49a35752f310f3be612,8c28ff35,50.0,1,2,20,3487,0.01171875,0.00390625,0.0078125,0.015625,0.168622687458992,54695,9.199991226196289,0.0005379628855735064,0.000537469401024282,0.012552134692668915,90494,90642,-14.967527389526367,-14.972875595092773,-0.70703125,-0.71875,11.20703125,11.28125,102781,102781,9.107882499694824,0.02327219769358635,3.1599881822330644e-07
geo,8c28ff35b194afba23cd2d11a5d5c08f253f6d21d481d49a35752f310f3be612,8c28ff35,50.0,1,2,21,3487,-0.0126953125,-0.0205078125,0.0078125,0.015625,-0.8852691650390625,98947,9.139042854309082,0.00047967920545488596,0.0004899209598079324,0.012550056912004948,67487,66938,-13.997634887695312,-13.969825744628906,0.1904296875,0.203125,9.6845703125,9.671875,67707,67707,9.21390438079834,0.01339244470000267,8.334976655532955e-07
geo,8c28ff35b194afba23cd2d11a5d5c08f253f6d21d481d49a35752f310f3be612,8c28ff35,50.0,1,2,22,3487,0.0,-0.0078125,0.0078125,0.015625,-0.337245374917984,72998,8.857841491699219,0.00041785158100537956,0.0004156761569902301,0.011583875864744186,31398,31216,-12.421661376953125,-12.408836364746094,1.1875,1.1875,8.125,8.0625,95352,95352,9.538358688354492,0.013613934628665447,4.030333911941852e-06
geo,8c28ff35b194afba23cd2d11a5d5c08f253f6d21d481d49a35752f310f3be612,8c28ff35,50.0,1,2,23,3487,-0.00390625,-0.015625,0.01171875,0.015625,-0.674490749835968,95204,8.554570198059082,0.0004038495826534927,0.0004054488963447511,0.011276435106992722,44947,44512,-12.777179718017578,-12.755565643310547,0.357421875,0.361328125,8.330078125,8.326171875,13783,13783,9.848156929016113,0.011712465435266495,2.824498551490251e-06
geo,8c28ff35b194afba23cd2d11a5d5c08f253f6d21d481d49a35752f310f3be612,8c28ff35,50.0,1,2,24,3487,-0.0078125,-0.015625,0.0078125,0.015625,-0.674490749835968,94969,8.258334159851074,0.00036157036083750427,0.00036310561699792743,0.010750946588814259,42704,42298,-12.643558502197266,-12.624109268188477,0.220703125,0.228515625,7.841796875,7.771484375,63924,63924,9.955503463745117,0.008215266279876232,3.2282882784784306e-06
geo,8c28ff35b194afba23cd2d11a5d5c08f253f6d21d481d49a35752f310f3be612,8c28ff35,50.0,1,2,25,3487,0.00390625,-0.00390625,0.0078125,0.015625,-0.168622687458992,66482,8.535724639892578,0.00042446987936273217,0.0004190867184661329,0.011587662622332573,38509,38425,-12.646501541137695,-12.640497207641602,0.65234375,0.6484375,7.66015625,7.6015625,77298,77298,9.667618751525879,0.006830582860857248,3.218801339244237e-06
geo,8c28ff35b194afba23cd2d11a5d5c08f253f6d21d481d49a35752f310f3be612,8c28ff35,50.0,1,2,26,3487,-0.0078125,-0.015625,0.0078125,0.015625,-0.674490749835968,94149,8.63335132598877,0.00039422354893758893,0.0003952982369810343,0.011412345804274082,35083,34667,-12.520597457885742,-12.495515823364258,0.85546875,0.86328125,8.64453125,8.57421875,63924,63924,9.553487777709961,0.020732222124934196,3.6506787637335947e-06
geo,8c28ff35b194afba23cd2d11a5d5c08f253f6d21d481d49a35752f310f3be612,8c28ff35,50.0,1,2,27,3487,0.0,-0.015625,0.015625,0.015625,-0.674490749835968,83549,8.840397834777832,0.0004037377657368779,0.0004009729018434882,0.011518778279423714,18593,18429,-11.726938247680664,-11.710237503051758,2.046875,2.046875,7.078125,7.015625,63924,63924,9.575838088989258,0.009572955779731274,8.073380740825087e-06
geo,8c28ff35b194afba23cd2d11a5d5c08f253f6d21d481d49a35752f310f3be612,8c28ff35,50.0,1,2,28,3487,0.0234375,0.01171875,0.01171875,0.013671875,0.5781349539756775,33049,8.21533489227295,0.00037258974043652415,0.00036626149085350335,0.010916130617260933,14246,14409,-11.384108543395996,-11.396846771240234,1.796875,1.7734375,7.265625,7.2265625,2463,2463,9.629515647888184,0.016269167885184288,1.1374819223419763e-05
geo,8c28ff35b194afba23cd2d11a5d5c08f253f6d21d481d49a35752f310f3be612,8c28ff35,50.0,1,2,29,3487,0.015625,0.0078125,0.0078125,0.015625,0.337245374917984,39254,8.273350715637207,0.00035695068072527647,0.0003602148499339819,0.010612880811095238,3777,3821,-10.050230979919434,-10.058025360107422,3.0,2.984375,5.375,5.328125,97209,97209,9.647598266601562,0.009323371574282646,4.317577258916572e-05
geo,8c28ff35b194afba23cd2d11a5d5c08f253f6d21d481d49a35752f310f3be612,8c28ff35,50.0,1,2,30,3487,0.015625,0.015625,0.0,0.015625,0.674490749835968,25688,7.812777042388916,0.00030097842682152987,0.00030136224813759327,0.008291336707770824,4386,4473,-11.105896949768066,-11.116106033325195,2.84375,2.828125,9.84375,9.859375,578,578,5.7173261642456055,0.2830457091331482,1.5023469131847378e-05
geo,8c28ff35b194afba23cd2d11a5d5c08f253f6d21d481d49a35752f310f3be612,8c28ff35,50.0,1,2,31,3487,0.0234375,0.03125,-0.0078125,0.01171875,1.7986421585083008,5491,7.106694221496582,0.0004919765051454306,0.0004972536116838455,0.014823222532868385,16956,17270,-14.92167854309082,-14.922526359558105,1.2421875,1.21875,14.0078125,14.03125,13,13,2.6121163368225098,0.400970995426178,3.308242639832315e-07
geo,aab0eff75097c8394f32d3b96d89b89e20c9019765587d84288fda9bb1f019fe,aab0eff7,50.0,0,0,0,14022,0.0,0.0,0.0,0.001953125,0.0,44604,2.3674216270446777,8.133670780807734e-05,8.037948282435536e-05,0.0024952352978289127,122963,122962,-17.15886878967285,-17.158893585205078,-3.3125,-3.3125,13.75,13.75,47523,47523,9.283942222595215,0.033078573644161224,3.531815195856325e-08
geo,aab0eff75097c8394f32d3b96d89b89e20c9019765587d84288fda9bb1f019fe,aab0eff7,50.0,0,0,1,14022,0.0,0.0,0.0,0.00390625,0.0,56223,2.6883184909820557,5.500364932231605e-05,4.987367719877511e-05,0.0042827618308365345,111101,111148,-13.920307159423828,-13.912120819091797,-0.46875,-0.46875,7.96875,7.96875,12451,12451,10.839174270629883,0.0026017846539616585,9.005076435641968e-07
geo,aab0eff75097c8394f32d3b96d89b89e20c9019765587d84288fda9bb1f019fe,aab0eff7,50.0,0,0,2,14022,0.00390625,0.00390625,0.0,0.0009765625,2.697962999343872,7047,1.8714545965194702,3.1300834962166846e-05,3.1162460800260305e-05,0.0028814910911023617,112420,112499,-14.061787605285645,-14.06924057006836,-0.58984375,-0.59375,8.37109375,8.375,12451,12451,10.79332447052002,0.003377248765900731,7.817056371095532e-07
geo,aab0eff75097c8394f32d3b96d89b89e20c9019765587d84288fda9bb1f019fe,aab0eff7,50.0,0,0,3,14022,-0.00390625,-0.00390625,0.0,0.00390625,-0.674490749835968,100211,2.9576501846313477,5.092751234769821e-05,5.606117338174954e-05,0.003727234899997711,108786,108651,-13.984170913696289,-13.977433204650879,-0.55078125,-0.546875,7.89453125,7.890625,58812,58812,10.752824783325195,0.0022662263363599777,8.447958066426509e-07
geo,aab0eff75097c8394f32d3b96d89b89e20c9019765587d84288fda9bb1f019fe,aab0eff7,50.0,0,0,4,14022,-0.0078125,-0.0078125,0.0,0.005859375,-0.8993210792541504,102192,3.1163954734802246,6.332847260637209e-05,6.499788287328556e-05,0.00341766607016325,107964,107751,-14.052858352661133,-14.04509162902832,-0.55078125,-0.54296875,8.20703125,8.19921875,63075,63075,10.68655014038086,0.0028919416945427656,7.887169317655207e-07
geo,aab0eff75097c8394f32d3b96d89b89e20c9019765587d84288fda9bb1f019fe,aab0eff7,50.0,0,0,5,14022,-0.00390625,-0.00390625,0.0,0.0078125,-0.337245374917984,82301,3.7211856842041016,8.966192399384454e-05,8.922861161408946e-05,0.005285336636006832,107756,107592,-14.138050079345703,-14.139505386352539,-0.59765625,-0.59375,8.84765625,8.84375,63075,63075,10.620399475097656,0.005039772484451532,7.24307312793826e-07
geo,aab0eff75097c8394f32d3b96d89b89e20c9019765587d84288fda9bb1f019fe,aab0eff7,50.0,0,0,6,14022,-0.01171875,-0.01171875,0.0,0.0078125,-1.0117361545562744,111475,3.5516879558563232,8.227230864576995e-05,8.333397272508591e-05,0.004507546778768301,111722,111457,-14.43154239654541,-14.421953201293945,-0.81640625,-0.8046875,9.50390625,9.4921875,63075,63075,10.549687385559082,0.007243605796247721,5.400833060775767e-07
geo,aab0eff75097c8394f32d3b96d89b89e20c9019765587d84288fda9bb1f019fe,aab0eff7,50.0,0,0,7,14022,-0.00390625,-0.00390625,0.0,0.0078125,-0.337245374917984,83262,4.03543758392334,0.00010067391849588603,0.00010005079820984975,0.005297442898154259,108331,108234,-14.461291313171387,-14.46109390258789,-0.609375,-0.60546875,9.671875,9.66796875,63075,63075,10.429522514343262,0.008317310363054276,5.24253096045868e-07
geo,aab0eff75097c8394f32d3b96d89b89e20c9019765587d84288fda9bb1f019fe,aab0eff7,50.0,0,0,8,14022,-0.0078125,-0.0078125,0.0,0.0078125,-0.674490749835968,84826,4.1726226806640625,0.00010542584641370922,0.00010632774501573294,0.0057142628356814384,106352,106168,-14.411100387573242,-14.408636093139648,-0.546875,-0.5390625,10.234375,10.2265625,63075,63075,10.364855766296387,0.01534869335591793,5.512373491001199e-07
geo,aab0eff75097c8394f32d3b96d89b89e20c9019765587d84288fda9bb1f019fe,aab0eff7,50.0,0,0,9,14022,-0.009765625,-0.009765625,0.0,0.0078125,-0.8431134819984436,100226,4.324743747711182,0.00011137434921693057,0.0001156443904619664,0.006077227648347616,101004,100748,-14.239736557006836,-14.236469268798828,-0.41796875,-0.408203125,10.48046875,10.470703125,63075,63075,10.269292831420898,0.02330080047249794,6.542759933836351e-07
geo,aab0eff75097c8394f32d3b96d89b89e20c9019765587d84288fda9bb1f019fe,aab0eff7,50.0,0,0,10,14022,-0.0078125,-0.0078125,0.0,0.0078125,-0.674490749835968,83628,4.6310577392578125,0.00012314245395828038,0.0001265576429432258,0.0064505310729146,104643,104461,-14.468513488769531,-14.468001365661621,-0.60546875,-0.59765625,10.66796875,10.66015625,63075,63075,10.233508110046387,0.022358594462275505,5.20480455179495e-07
geo,aab0eff75097c8394f32d3b96d89b89e20c9019765587d84288fda9bb1f019fe,aab0eff7,50.0,0,0,11,14022,-0.01171875,-0.01171875,0.0,0.0078125,-1.0117361545562744,102388,5.032017230987549,0.00015032748342491686,0.00014910390018485487,0.006171432789415121,102585,102251,-14.406205177307129,-14.39631462097168,-0.5234375,-0.51171875,10.0859375,10.07421875,63075,63075,10.257333755493164,0.013296323828399181,5.539423568734492e-07
geo,aab0eff75097c8394f32d3b96d89b89e20c9019765587d84288fda9bb1f019fe,aab0eff7,50.0,0,0,12,14022,-0.0078125,-0.0078125,0.0,0.0078125,-0.674490749835968,87864,4.994874954223633,0.00014457969518844038,0.00013860472245141864,0.006374634336680174,106159,105936,-14.546859741210938,-14.542512893676758,-0.82421875,-0.81640625,9.76171875,9.75390625,63075,63075,10.273433685302734,0.008352945558726788,4.812592351299827e-07
geo,aab0eff75097c8394f32d3b96d89b89e20c9019765587d84288fda9bb1f019fe,aab0eff7,50.0,0,0,13,14022,-0.00390625,-0.00390625,0.0,0.0078125,-0.337245374917984,84675,5.0603532791137695,0.0001447900285711512,0.00014604374882765114,0.006751174572855234,106226,106032,-14.539970397949219,-14.541650772094727,-0.9140625,-0.91015625,10.3515625,10.34765625,63075,63075,10.222908973693848,0.015170418657362461,4.845862804359058e-07
geo,aab0eff75097c8394f32d3b96d89b89e20c9019765587d84288fda9bb1f019fe,aab0eff7,50.0,0,0,14,14022,0.0,0.0,0.0,0.0078125,0.0,55867,5.175079345703125,0.00014684884808957577,0.00014422700041905046,0.006804296746850014,108847,108758,-14.64799976348877,-14.653654098510742,-1.140625,-1.140625,10.453125,10.453125,63075,63075,10.23876953125,0.015072629787027836,4.3496521584529546e-07
geo,aab0eff75097c8394f32d3b96d89b89e20c9019765587d84288fda9bb1f019fe,aab0eff7,50.0,0,0,15,14022,-0.0078125,-0.0078125,0.0,0.010009765625,-0.5264317989349365,90306,5.6617937088012695,0.00021618366008624434,0.0002278488827869296,0.007320377044379711,96227,95910,-14.222559928894043,-14.215019226074219,-0.55859375,-0.55078125,10.30859375,10.23828125,63075,63075,10.082448959350586,0.019961178302764893,6.656113100689254e-07
geo,aab0eff75097c8394f32d3b96d89b89e20c9019765587d84288fda9bb1f019fe,aab0eff7,50.0,0,0,16,14022,-0.00390625,-0.00390625,0.0,0.009765625,-0.26979631185531616,88285,5.50417947769165,0.00016182906983885914,0.00015096469724085182,0.006138937547802925,63340,63104,-13.141864776611328,-13.13772201538086,0.330078125,0.333984375,8.544921875,8.541015625,63075,63075,10.13177490234375,0.010082608088850975,1.961375119208242e-06
geo,aab0eff75097c8394f32d3b96d89b89e20c9019765587d84288fda9bb1f019fe,aab0eff7,50.0,0,0,17,14022,-0.0078125,-0.0078125,0.0,0.0078125,-0.674490749835968,96351,5.200852394104004,0.00014402887609321624,0.0001400894543621689,0.006279546767473221,52917,52567,-12.781665802001953,-12.77634048461914,0.609375,0.6171875,8.578125,8.5703125,63075,63075,10.169648170471191,0.014942566864192486,2.8118561203882564e-06
geo,aab0eff75097c8394f32d3b96d89b89e20c9019765587d84288fda9bb1f019fe,aab0eff7,50.0,0,0,18,14022,-0.0078125,-0.0078125,0.0,0.0078125,-0.674490749835968,87297,5.253635406494141,0.00014430667215492576,0.00016035002772696316,0.006819828413426876,46602,46347,-12.573225021362305,-12.569974899291992,0.671875,0.6796875,8.390625,8.3828125,63075,63075,10.20573616027832,0.01525877509266138,3.4635204428923316e-06
geo,aab0eff75097c8394f32d3b96d89b89e20c9019765587d84288fda9bb1f019fe,aab0eff7,50.0,0,0,19,14022,0.0,-0.001953125,0.001953125,0.009765625,-0.13489815592765808,65722,5.580724239349365,0.00018782835104502738,0.00018522629397921264,0.0069695133715868,27046,27007,-11.846490859985352,-11.845439910888672,1.1640625,1.1640625,7.4609375,7.3984375,63075,63075,10.297357559204102,0.012455993331968784,7.163650479924399e-06
geo,aab0eff75097c8394f32d3b96d89b89e20c9019765587d84288fda9bb1f019fe,aab0eff7,50.0,0,0,20,14022,-0.0078125,-0.0078125,0.0,0.0087890625,-0.5995473265647888,81058,5.385315895080566,0.00015909613284748048,0.00015099640586413443,0.007045970764011145,54252,54044,-12.726675033569336,-12.726486206054688,0.3359375,0.34375,7.5390625,7.53125,63075,63075,10.343613624572754,0.005585323087871075,2.970812602143269e-06
geo,aab0eff75097c8394f32d3b96d89b89e20c9019765587d84288fda9bb1f019fe,aab0eff7,50.0,0,0,21,14022,-0.00390625,-0.003662109375,-0.000244140625,0.009033203125,-0.27344220876693726,66822,5.394872665405273,0.00015348037413787097,0.00015791012265253812,0.007165246177464724,41651,41673,-12.375043869018555,-12.381095886230469,0.75,0.75390625,7.4375,7.43359375,63075,63075,10.289094924926758,0.007172196172177792,4.222666120767826e-06
geo,aab0eff75097c8394f32d3b96d89b89e20c9019765587d84288fda9bb1f019fe,aab0eff7,50.0,0,0,22,14022,-0.005859375,-0.005859375,0.0,0.009765625,-0.40469443798065186,85887,5.526124477386475,0.00016061647329479456,0.00015153204731177539,0.006751631386578083,71160,70897,-13.19436264038086,-13.191650390625,-0.193359375,-0.1875,8.255859375,8.25,63075,63075,10.366276741027832,0.007165311370044947,1.8610631968840607e-06
geo,aab0eff75097c8394f32d3b96d89b89e20c9019765587d84288fda9bb1f019fe,aab0eff7,50.0,0,0,23,14022,0.007080078125,0.007080078125,0.0,0.009765625,0.48900580406188965,45381,5.5561842918396,0.0001544531260151416,0.00015296491619665176,0.0068518612533807755,57082,57355,-12.763609886169434,-12.773996353149414,-0.02490234375,-0.031982421875,7.11865234375,7.094482421875,63075,63075,10.446943283081055,0.0035352983977645636,2.86308772956545e-06
geo,aab0eff75097c8394f32d3b96d89b89e20c9019765587d84288fda9bb1f019fe,aab0eff7,50.0,0,0,24,14022,0.0009765625,0.0009765625,0.0,0.01171875,0.0562075674533844,50289,6.055755138397217,0.00017244093760382384,0.00016916995809879154,0.007301515433937311,46299,46380,-12.440389633178711,-12.44698715209961,0.1328125,0.1318359375,7.1171875,7.1494140625,54977,54977,10.446885108947754,0.004877113737165928,3.955554802814731e-06
geo,aab0eff75097c8394f32d3b96d89b89e20c9019765587d84288fda9bb1f019fe,aab0eff7,50.0,0,0,25,14022,0.01171875,0.01513671875,-0.00341796875,0.01220703125,0.8363685607910156,23075,6.296150207519531,0.0001993657206185162,0.00019083041115663946,0.00798153318464756,30146,30586,-12.042152404785156,-12.063061714172363,0.84375,0.83203125,6.78125,6.79296875,54977,54977,10.162592887878418,0.005190618336200714,5.890601642022375e-06
geo,aab0eff75097c8394f32d3b96d89b89e20c9019765587d84288fda9bb1f019fe,aab0eff7,50.0,0,0,26,14022,-0.01171875,-0.0068359375,-0.0048828125,0.0107421875,-0.42922139167785645,78284,6.607702255249023,0.00020579228294081986,0.00019192077161278576,0.008051799610257149,27212,27117,-11.907631874084473,-11.904726028442383,0.91796875,0.9296875,6.83203125,6.8203125,54977,54977,10.185029029846191,0.006247333250939846,6.738778665749123e-06
geo,aab0eff75097c8394f32d3b96d89b89e20c9019765587d84288fda9bb1f019fe,aab0eff7,50.0,0,0,27,14022,-0.0234375,-0.0234375,0.0,0.013671875,-1.156269907951355,111743,6.513522624969482,0.00020541831327136606,0.00020732708799187094,0.008140514604747295,14689,14424,-11.315289497375488,-11.298266410827637,1.9296875,1.953125,6.4453125,6.421875,112069,112069,9.989105224609375,0.0076735420152544975,1.2185187188151758e-05
geo,aab0eff75097c8394f32d3b96d89b89e20c9019765587d84288fda9bb1f019fe,aab0eff7,50.0,0,0,28,14022,-0.0078125,-0.0078125,0.0,0.0126953125,-0.4150712490081787,85824,6.377781391143799,0.00020250810484867543,0.00020398959168232977,0.00726974057033658,16689,16569,-11.452909469604492,-11.445469856262207,1.6484375,1.65625,6.6015625,6.59375,2463,2463,9.94219970703125,0.007817843928933144,1.0618535270623397e-05
geo,aab0eff75097c8394f32d3b96d89b89e20c9019765587d84288fda9bb1f019fe,aab0eff7,50.0,0,0,29,14022,0.0,-0.0078125,0.0078125,0.01171875,-0.4496605396270752,70478,7.275735378265381,0.0003434679238125682,0.00034174491884186864,0.00972306914627552,12651,12582,-11.253061294555664,-11.249991416931152,1.4609375,1.4609375,7.2265625,7.1640625,791,791,9.509383201599121,0.017836662009358406,1.296753907809034e-05
geo,aab0eff75097c8394f32d3b96d89b89e20c9019765587d84288fda9bb1f019fe,aab0eff7,50.0,0,0,30,14022,0.0,0.0,0.0,0.015625,0.0,57984,7.827454090118408,0.0006731664761900902,0.0006676865741610527,0.016898473724722862,6834,6846,-11.538420677185059,-11.511533737182617,2.625,2.625,10.75,10.6875,791,791,5.071682929992676,0.45456215739250183,9.748270713316742e-06
geo,aab0eff75097c8394f32d3b96d89b89e20c9019765587d84288fda9bb1f019fe,aab0eff7,50.0,0,0,31,14022,-0.015625,-0.015625,0.0,0.015625,-0.674490749835968,85500,9.757271766662598,0.0008412264287471771,0.0008296733722090721,0.01720760390162468,18088,17930,-13.610426902770996,-13.581502914428711,1.359375,1.375,12.328125,12.25,791,791,4.531956672668457,0.27739807963371277,1.2276277630007826e-06
geo,aab0eff75097c8394f32d3b96d89b89e20c9019765587d84288fda9bb1f019fe,aab0eff7,50.0,0,1,0,20338,0.0,0.0,0.0,0.00390625,0.0,31135,2.889617681503296,6.752515764674172e-05,5.9173522458877414e-05,0.003333586733788252,29181,29198,-12.367390632629395,-12.369644165039062,1.671875,1.671875,8.765625,8.765625,99193,99193,9.460790634155273,0.027275528758764267,4.255106887285365e-06
geo,aab0eff75097c8394f32d3b96d89b89e20c9019765587d84288fda9bb1f019fe,aab0eff7,50.0,0,1,1,20338,0.00390625,0.00390625,0.0,0.005859375,0.4496605396270752,19831,3.6041553020477295,0.00011020532110705972,0.00012046931078657508,0.00644255755469203,94408,94513,-14.230159759521484,-14.244569778442383,0.28125,0.27734375,9.65625,9.72265625,63075,63075,10.125767707824707,0.010317547246813774,6.605719704566582e-07
geo,aab0eff75097c8394f32d3b96d89b89e20c9019765587d84288fda9bb1f019fe,aab0eff7,50.0,0,1,2,20338,0.005859375,0.005859375,0.0,0.0078125,0.5058680772781372,28951,4.248010635375977,0.00013492311700247228,0.0001307125057792291,0.00649314746260643,100449,100557,-14.967815399169922,-14.981375694274902,-0.40234375,-0.408203125,10.90234375,10.908203125,63075,63075,9.640117645263672,0.017154904082417488,3.159078119097103e-07
geo,aab0eff75097c8394f32d3b96d89b89e20c9019765587d84288fda9bb1f019fe,aab0eff7,50.0,0,1,3,20338,-0.0008544921875,-0.0008544921875,0.0,0.0078125,-0.07377243041992188,72168,4.9870524406433105,0.0001489937276346609,0.0001553154143039137,0.006695758085697889,78615,78640,-14.183263778686523,-14.18820571899414,-0.00714111328125,-0.00628662109375,9.13214111328125,9.13128662109375,29365,29365,9.670289039611816,0.006402145139873028,6.922880402271403e-07
geo,aab0eff75097c8394f32d3b96d89b89e20c9019765587d84288fda9bb1f019fe,aab0eff7,50.0,0,1,4,20338,-0.0078125,-0.0078125,0.0,0.0078125,-0.674490749835968,87584,5.060060977935791,0.00018083864415530115,0.00019129141583107412,0.005907355807721615,103119,102961,-15.387635231018066,-15.380099296569824,-1.1015625,-1.09375,10.6015625,10.65625,124107,124107,9.540340423583984,0.008345167152583599,2.0760361962857132e-07
geo,aab0eff75097c8394f32d3b96d89b89e20c9019765587d84288fda9bb1f019fe,aab0eff7,50.0,0,1,5,20338,-0.0068359375,-0.0068359375,0.0,0.0078125,-0.590179443359375,86049,5.396971702575684,0.00019086989050265402,0.00019603664986789227,0.006840229965746403,79878,79703,-14.415489196777344,-14.411622047424316,-0.2294921875,-0.22265625,9.7294921875,9.72265625,67075,67075,9.442809104919434,0.009223533794283867,5.48823379631358e-07
geo,aab0eff75097c8394f32d3b96d89b89e20c9019765587d84288fda9bb1f019fe,aab0eff7,50.0,0,1,6,20338,0.0,0.0,0.0,0.0087890625,0.0,55158,5.467916488647461,0.0001798671146389097,0.00018166936933994293,0.006021677516400814,94549,94511,-15.093812942504883,-15.092769622802734,-0.66796875,-0.66796875,11.54296875,11.54296875,77342,77342,9.288446426391602,0.028700387105345726,2.785097024116112e-07
geo,aab0eff75097c8394f32d3b96d89b89e20c9019765587d84288fda9bb1f019fe,aab0eff7,50.0,0,1,7,20338,0.0078125,0.0078125,0.0,0.01171875,0.4496605396270752,30680,6.179452419281006,0.00021026011381763965,0.00020387012045830488,0.006528014317154884,100826,101057,-15.551105499267578,-15.559879302978516,-0.94140625,-0.94921875,11.56640625,11.57421875,77342,77342,9.189228057861328,0.018598027527332306,1.7629528770157776e-07
geo,aab0eff75097c8394f32d3b96d89b89e20c9019765587d84288fda9bb1f019fe,aab0eff7,50.0,0,1,8,20338,-0.015625,-0.015625,0.0,0.015625,-0.674490749835968,94252,6.962174415588379,0.0003243486862629652,0.0003252129827160388,0.008837806060910225,60530,60085,-13.82008171081543,-13.802621841430664,0.71484375,0.73046875,9.22265625,9.20703125,71889,71889,9.254812240600586,0.010077753104269505,9.954392226063646e-07
geo,aab0eff75097c8394f32d3b96d89b89e20c9019765587d84288fda9bb1f019fe,aab0eff7,50.0,0,1,9,20338,-0.0234375,-0.0234375,0.0,0.015625,-1.0117361545562744,109189,7.191220760345459,0.000307367998175323,0.0003143217763863504,0.008765554055571556,90749,90263,-15.031431198120117,-15.00979232788086,-0.68359375,-0.66015625,10.93359375,10.91015625,95929,95929,9.235234260559082,0.01660856232047081,2.9643697985193285e-07
geo,aab0eff75097c8394f32d3b96d89b89e20c9019765587d84288fda9bb1f019fe,aab0eff7,50.0,0,1,10,20338,-0.0234375,-0.0234375,0.0,0.015625,-1.0117361545562744,107480,7.477847099304199,0.0002972422807943076,0.0002990897046402097,0.0085064135491848,109356,109072,-16.19772720336914,-16.172197341918945,-1.578125,-1.5546875,13.328125,13.3046875,124498,124498,8.947798728942871,0.056721512228250504,9.234565823135199e-08
geo,aab0eff75097c8394f32d3b96d89b89e20c9019765587d84288fda9bb1f019fe,aab0eff7,50.0,0,1,11,20338,-0.0234375,-0.0234375,0.0,0.015625,-1.0117361545562744,106773,7.760416030883789,0.00040727818850427866,0.00040162261575460434,0.010427157394587994,57643,57108,-13.849115371704102,-13.829472541809082,0.859375,0.8828125,10.328125,10.3671875,124498,124498,9.033367156982422,0.029570121318101883,9.669535074863234e-07
geo,aab0eff75097c8394f32d3b96d89b89e20c9019765587d84288fda9bb1f019fe,aab0eff7,50.0,0,1,12,20338,0.03125,0.03125,0.0,0.015625,1.348981499671936,6192,7.855621337890625,0.00046538206515833735,0.000472802494186908,0.01118471659719944,14839,15194,-11.710037231445312,-11.74400520324707,2.765625,2.734375,7.796875,7.890625,52700,52700,8.934635162353516,0.019977228716015816,8.210988198698033e-06
geo,aab0eff75097c8394f32d3b96d89b89e20c9019765587d84288fda9bb1f019fe,aab0eff7,50.0,0,1,13,20338,0.03125,0.03125,0.0,0.015625,1.348981499671936,9096,8.101160049438477,0.00042920431587845087,0.00043654884211719036,0.010202528908848763,18829,19246,-12.08249568939209,-12.114534378051758,2.40625,2.375,8.46875,8.5,95929,95929,8.716255187988281,0.026950715109705925,5.657685505866539e-06
geo,aab0eff75097c8394f32d3b96d89b89e20c9019765587d84288fda9bb1f019fe,aab0eff7,50.0,0,1,14,20338,0.0,0.0,0.0,0.015625,0.0,45683,7.74209451675415,0.00036010987241752446,0.00036318862112239003,0.010466990992426872,16388,16426,-11.75829029083252,-11.764565467834473,2.109375,2.109375,7.703125,7.765625,102781,102781,9.141538619995117,0.017332615330815315,7.824190106475726e-06
geo,aab0eff75097c8394f32d3b96d89b89e20c9019765587d84288fda9bb1f019fe,aab0eff7,50.0,0,1,15,20338,0.0390625,0.0390625,0.0,0.015625,1.6862269639968872,6167,8.990211486816406,0.00046654132893308997,0.0004668767796829343,0.010347886011004448,29133,29882,-12.80256175994873,-12.841767311096191,1.9453125,1.90625,10.0546875,10.09375,45625,45625,8.481961250305176,0.0640639141201973,2.7537091682461323e-06
geo,aab0eff75097c8394f32d3b96d89b89e20c9019765587d84288fda9bb1f019fe,aab0eff7,50.0,0,1,16,20338,0.0078125,0.01416015625,-0.00634765625,0.01708984375,0.5588637590408325,31333,8.726611137390137,0.0004418932367116213,0.00045632588444277644,0.012047037482261658,37144,37441,-12.994096755981445,-13.011539459228516,1.1171875,1.109375,9.0078125,8.953125,33052,33052,9.005419731140137,0.018568577244877815,2.2737121980753727e-06
geo,aab0eff75097c8394f32d3b96d89b89e20c9019765587d84288fda9bb1f019fe,aab0eff7,50.0,0,1,17,20338,0.0,0.0078125,-0.0078125,0.015625,0.337245374917984,36745,9.22501277923584,0.00042431181645952165,0.0004251404316164553,0.011677457019686699,22600,22775,-12.280335426330566,-12.293682098388672,2.046875,2.046875,8.953125,8.953125,126991,126991,8.806915283203125,0.035893090069293976,4.6421382648986764e-06
geo,aab0eff75097c8394f32d3b96d89b89e20c9019765587d84288fda9bb1f019fe,aab0eff7,50.0,0,1,18,20338,0.0,0.0078125,-0.0078125,0.015625,0.337245374917984,40939,9.185872077941895,0.0005157723207958043,0.0005229148082435131,0.013143816031515598,13818,13918,-11.637062072753906,-11.650751113891602,2.59375,2.59375,7.40625,7.46875,49516,49516,8.908422470092773,0.01454058475792408,8.832591447571758e-06
geo,aab0eff75097c8394f32d3b96d89b89e20c9019765587d84288fda9bb1f019fe,aab0eff7,50.0,0,1,19,20338,-0.0078125,0.0078125,-0.015625,0.015625,0.337245374917984,47601,9.796262741088867,0.000516981934197247,0.0005117235123179853,0.013230709359049797,27959,28106,-12.55557918548584,-12.566263198852539,1.671875,1.6796875,9.265625,9.2578125,49516,49516,8.898664474487305,0.03725554794073105,3.5251796361990273e-06
geo,aab0eff75097c8394f32d3b96d89b89e20c9019765587d84288fda9bb1f019fe,aab0eff7,50.0,0,1,20,20338,0.0078125,0.0234375,-0.015625,0.015625,1.0117361545562744,21791,9.902339935302734,0.00048511556815356016,0.00048260431503877044,0.012627439573407173,37668,38304,-12.933185577392578,-12.968427658081055,1.234375,1.2265625,9.390625,9.4609375,124498,124498,9.078346252441406,0.028939139097929,2.4165115064533893e-06
geo,aab0eff75097c8394f32d3b96d89b89e20c9019765587d84288fda9bb1f019fe,aab0eff7,50.0,0,1,21,20338,0.015625,0.0184326171875,-0.0028076171875,0.0184326171875,0.6744908094406128,21329,9.20991325378418,0.000431954424129799,0.00043497199658304453,0.01131692249327898,58495,59073,-13.748574256896973,-13.770526885986328,0.57421875,0.55859375,10.42578125,10.44140625,49516,49516,8.926103591918945,0.03605200722813606,1.0692273235690664e-06
geo,aab0eff75097c8394f32d3b96d89b89e20c9019765587d84288fda9bb1f019fe,aab0eff7,50.0,0,1,22,20338,0.0361328125,0.0439453125,-0.0078125,0.015625,1.897005319595337,4568,8.882339477539062,0.0003915522829629481,0.000401926226913929,0.011195821687579155,60505,61725,-13.531221389770508,-13.576168060302734,0.130859375,0.0947265625,9.369140625,9.4677734375,76877,76877,9.46960163116455,0.015575109049677849,1.328817120338499e-06
geo,aab0eff75097c8394f32d3b96d89b89e20c9019765587d84288fda9bb1f019fe,aab0eff7,50.0,0,1,23,20338,0.03662109375,0.03662109375,0.0,0.015625,1.5808377265930176,5748,8.575132369995117,0.0004058694466948509,0.0004130928427912295,0.010571157559752464,54577,55817,-13.11040210723877,-13.147882461547852,0.0262451171875,-0.0103759765625,9.6612548828125,9.6353759765625,49516,49516,9.685589790344238,0.03177272900938988,2.024066134254099e-06
geo,aab0eff75097c8394f32d3b96d89b89e20c9019765587d84288fda9bb1f019fe,aab0eff7,50.0,0,1,24,20338,0.0035552978515625,0.0074615478515625,-0.00390625,0.013671875,0.3681093752384186,42189,8.17771053314209,0.0003051826497539878,0.0002981781435664743,0.009682229720056057,49381,49613,-12.852481842041016,-12.862546920776367,-0.0037078857421875,-0.00726318359375,8.253707885742188,8.25726318359375,49516,49516,9.996006965637207,0.010064172558486462,2.619618499011267e-06
geo,aab0eff75097c8394f32d3b96d89b89e20c9019765587d84288fda9bb1f019fe,aab0eff7,50.0,0,1,25,20338,0.009765625,0.017578125,-0.0078125,0.015625,0.7588021159172058,28076,8.114433288574219,0.0003214277094230056,0.0003258976503275335,0.009906310588121414,50750,51203,-13.084461212158203,-13.100103378295898,0.21875,0.208984375,8.59375,8.541015625,49516,49516,9.702445983886719,0.011212661862373352,2.0772592961293412e-06
geo,aab0eff75097c8394f32d3b96d89b89e20c9019765587d84288fda9bb1f019fe,aab0eff7,50.0,0,1,26,20338,0.0244140625,0.0244140625,0.0,0.015625,1.0538917779922485,11448,7.822587013244629,0.0002849183219950646,0.00029436207842081785,0.00897822342813015,51536,52367,-13.11349105834961,-13.140624046325684,0.26171875,0.2373046875,9.36328125,9.3876953125,63924,63924,9.582791328430176,0.02351282350718975,2.017823589994805e-06
geo,aab0eff75097c8394f32d3b96d89b89e20c9019765587d84288fda9bb1f019fe,aab0eff7,50.0,0,1,27,20338,-0.0078125,-0.0078125,0.0,0.015625,-0.337245374917984,71424,7.741476535797119,0.0003137890016660094,0.0003142350469715893,0.009698856621980667,54497,54363,-13.416191101074219,-13.413880348205566,0.47265625,0.48046875,9.27734375,9.26953125,63924,63924,9.507329940795898,0.01594122312963009,1.490809836468543e-06
geo,aab0eff75097c8394f32d3b96d89b89e20c9019765587d84288fda9bb1f019fe,aab0eff7,50.0,0,1,28,20338,-0.0078125,-0.00390625,-0.00390625,0.01318359375,-0.19984911382198334,66524,8.072199821472168,0.00033257383620366454,0.0003247288696002215,0.00971242692321539,22008,21927,-11.921272277832031,-11.917142868041992,1.3671875,1.375,7.3203125,7.3125,82,82,9.6016845703125,0.010042188689112663,6.647483132837806e-06
geo,aab0eff75097c8394f32d3b96d89b89e20c9019765587d84288fda9bb1f019fe,aab0eff7,50.0,0,1,29,20338,-0.0078125,-0.009765625,0.001953125,0.013671875,-0.4817791283130646,89210,8.105777740478516,0.0002900659164879471,0.0002984226739499718,0.009457106702029705,13991,13852,-11.37322998046875,-11.360774993896484,1.703125,1.7109375,6.984375,6.9765625,97209,97209,9.625631332397461,0.012414942495524883,1.1499236279632896e-05
geo,aab0eff75097c8394f32d3b96d89b89e20c9019765587d84288fda9bb1f019fe,aab0eff7,50.0,0,1,30,20338,-0.01171875,-0.01171875,0.0,0.015625,-0.5058680772781372,91832,8.099038124084473,0.0005834164330735803,0.0005872460315003991,0.014076665975153446,32856,32562,-13.80954360961914,-13.783720016479492,0.140625,0.15234375,12.359375,12.28515625,578,578,5.767931938171387,0.23453062772750854,1.0059848136734217e-06
geo,aab0eff75097c8394f32d3b96d89b89e20c9019765587d84288fda9bb1f019fe,aab0eff7,50.0,0,1,31,20338,-0.01171875,-0.01953125,0.0078125,0.01171875,-1.124151349067688,103989,7.384629726409912,7.314194226637483e-05,7.093074964359403e-05,0.0023819319903850555,55878,55394,-16.926374435424805,-16.912675857543945,-0.7890625,-0.77734375,15.9140625,15.90234375,13,13,2.8157477378845215,0.3633780777454376,4.456244084849459e-08
geo,aab0eff75097c8394f32d3b96d89b89e20c9019765587d84288fda9bb1f019fe,aab0eff7,50.0,0,2,0,5728,0.0078125,0.0078125,0.0,0.001953125,2.697962999343872,8897,2.438476085662842,5.120516652823426e-05,5.213978874962777e-05,0.002327488036826253,27917,28067,-12.27032470703125,-12.277856826782227,1.546875,1.5390625,6.953125,6.9609375,8597,8597,9.620304107666016,0.004906476475298405,4.688843091571471e-06
geo,aab0eff75097c8394f32d3b96d89b89e20c9019765587d84288fda9bb1f019fe,aab0eff7,50.0,0,2,1,5728,-0.001953125,-0.001953125,0.0,0.0030517578125,-0.4316740930080414,96939,2.816709041595459,6.412294169422239e-05,6.25408865744248e-05,0.003588397055864334,106946,106880,-14.8225736618042,-14.823335647583008,-0.302734375,-0.30078125,9.990234375,9.98828125,112364,112364,10.12807559967041,0.00796786043792963,3.652902194062335e-07
geo,aab0eff75097c8394f32d3b96d89b89e20c9019765587d84288fda9bb1f019fe,aab0eff7,50.0,0,2,2,5728,-0.001953125,-0.009765625,0.0078125,0.0078125,-0.8431134819984436,109865,4.073233127593994,0.00013493365258909762,0.0001338785805273801,0.007015376351773739,99465,99312,-14.94066333770752,-14.92650032043457,-0.404296875,-0.40234375,11.091796875,11.08984375,63075,63075,9.625171661376953,0.021303866058588028,3.246028654757538e-07
geo,aab0eff75097c8394f32d3b96d89b89e20c9019765587d84288fda9bb1f019fe,aab0eff7,50.0,0,2,3,5728,-0.005859375,-0.013671875,0.0078125,0.0078125,-1.18035888671875,110154,4.590976238250732,0.00014843630196992308,0.00013999632210470736,0.006982085295021534,70109,69750,-13.87952995300293,-13.864276885986328,0.251953125,0.2578125,8.498046875,8.4921875,15125,15125,9.696575164794922,0.004600993357598782,9.379867833558819e-07
geo,aab0eff75097c8394f32d3b96d89b89e20c9019765587d84288fda9bb1f019fe,aab0eff7,50.0,0,2,4,5728,-0.0029296875,-0.0029296875,0.0,0.0078125,-0.2529340386390686,84209,4.73717737197876,0.00013713879161514342,0.00013204559218138456,0.005197783000767231,83872,83796,-14.536714553833008,-14.532814025878906,-0.248046875,-0.2451171875,10.310546875,10.3076171875,124107,124107,9.472758293151855,0.014608260244131088,4.861665843236551e-07
geo,aab0eff75097c8394f32d3b96d89b89e20c9019765587d84288fda9bb1f019fe,aab0eff7,50.0,0,2,5,5728,-0.0146484375,-0.0146484375,0.0,0.010009765625,-0.9870596528053284,110376,5.642214775085449,0.00021329429000616074,0.0002074165386147797,0.007817237637937069,71416,70884,-14.086912155151367,-14.065633773803711,0.06689453125,0.08154296875,9.62060546875,9.54345703125,67075,67075,9.424505233764648,0.01148967258632183,7.623102646903135e-07
geo,aab0eff75097c8394f32d3b96d89b89e20c9019765587d84288fda9bb1f019fe,aab0eff7,50.0,0,2,6,5728,-0.001953125,-0.00341796875,0.00146484375,0.01220703125,-0.18885742127895355,91572,5.944028377532959,0.00026690762024372816,0.00027456460520625114,0.009441076777875423,77471,77283,-14.381881713867188,-14.368552207946777,0.03515625,0.037109375,10.96484375,10.900390625,77342,77342,9.285443305969238,0.03280946612358093,5.675813667949114e-07
geo,aab0eff75097c8394f32d3b96d89b89e20c9019765587d84288fda9bb1f019fe,aab0eff7,50.0,0,2,7,5728,-0.00030517578125,-0.00030517578125,0.0,0.0087890625,-0.02341981790959835,78836,5.506450176239014,0.00021142116747796535,0.00022699288092553616,0.0066753169521689415,80331,80335,-14.6195068359375,-14.620625495910645,-0.0152587890625,-0.01495361328125,10.5777587890625,10.63995361328125,34391,34391,9.172944068908691,0.017566729336977005,4.475369053125178e-07
geo,aab0eff75097c8394f32d3b96d89b89e20c9019765587d84288fda9bb1f019fe,aab0eff7,50.0,0,2,8,5728,0.00390625,0.0029296875,0.0009765625,0.0126953125,0.15565171837806702,59546,6.257274150848389,0.0002678024466149509,0.00025751430075615644,0.008551088161766529,55877,55858,-13.642243385314941,-13.640512466430664,0.859375,0.85546875,9.140625,9.08203125,71889,71889,9.294501304626465,0.01109103299677372,1.189183763017354e-06
geo,aab0eff75097c8394f32d3b96d89b89e20c9019765587d84288fda9bb1f019fe,aab0eff7,50.0,0,2,9,5728,0.0078125,0.0078125,0.0,0.01171875,0.4496605396270752,37498,6.074723243713379,0.000250030163442716,0.00025812306557781994,0.007536855526268482,99144,99292,-15.386211395263672,-15.392776489257812,-1.1015625,-1.109375,10.9140625,10.921875,95929,95929,9.352164268493652,0.01142274308949709,2.0789943278032297e-07
geo,aab0eff75097c8394f32d3b96d89b89e20c9019765587d84288fda9bb1f019fe,aab0eff7,50.0,0,2,10,5728,0.0,0.0,0.0,0.013671875,0.0,53090,6.420270919799805,0.00022492444259114563,0.00023217243142426014,0.007000301033258438,100354,100345,-15.598267555236816,-15.597081184387207,-1.0625,-1.0625,12.375,12.375,124498,124498,9.126380920410156,0.0398247167468071,1.681738552861134e-07
geo,aab0eff75097c8394f32d3b96d89b89e20c9019765587d84288fda9bb1f019fe,aab0eff7,50.0,0,2,11,5728,0.001953125,0.001953125,0.0,0.015625,0.084311343729496,58104,6.735433101654053,0.00026369132683612406,0.0002715795417316258,0.007732321508228779,84592,84579,-14.898824691772461,-14.899495124816895,-0.271484375,-0.2734375,10.771484375,10.7734375,77342,77342,9.165359497070312,0.016125710681080818,3.3847192071334575e-07
geo,aab0eff75097c8394f32d3b96d89b89e20c9019765587d84288fda9bb1f019fe,aab0eff7,50.0,0,2,12,5728,0.015625,0.015625,0.0,0.015625,0.674490749835968,21229,7.184920310974121,0.00037088539102114737,0.0003669751458801329,0.009283130057156086,111238,111457,-16.346336364746094,-16.362524032592773,-1.9140625,-1.9296875,11.9765625,12.0546875,52700,77342,9.057019233703613,0.012654101476073265,7.959326353557117e-08
geo,aab0eff75097c8394f32d3b96d89b89e20c9019765587d84288fda9bb1f019fe,aab0eff7,50.0,0,2,13,5728,0.015625,0.0078125,0.0078125,0.015625,0.337245374917984,37008,8.087136268615723,0.00035406980896368623,0.00035827173269353807,0.010610873810946941,122386,122468,-17.564760208129883,-17.56962013244629,-3.09375,-3.109375,13.78125,13.734375,95929,72460,8.798027038574219,0.022742729634046555,2.3535399407137447e-08
geo,aab0eff75097c8394f32d3b96d89b89e20c9019765587d84288fda9bb1f019fe,aab0eff7,50.0,0,2,14,5728,-0.015625,-0.0234375,0.0078125,0.015625,-1.0117361545562744,102098,8.537091255187988,0.00035600774572230875,0.00035540550015866756,0.010712223127484322,123950,123855,-17.61591148376465,-17.59039306640625,-3.734375,-3.71875,13.671875,13.65625,45625,45625,9.188581466674805,0.019369879737496376,2.2361804852266687e-08
geo,aab0eff75097c8394f32d3b96d89b89e20c9019765587d84288fda9bb1f019fe,aab0eff7,50.0,0,2,15,5728,-0.0390625,-0.046875,0.0078125,0.015625,-2.023472309112549,123833,9.187220573425293,0.0005625721532851458,0.0005565503961406648,0.012548055499792099,111042,110371,-16.499067306518555,-16.450336456298828,-1.7265625,-1.6875,13.4140625,13.375,45625,45625,8.576864242553711,0.045729782432317734,6.83197285411552e-08
geo,aab0eff75097c8394f32d3b96d89b89e20c9019765587d84288fda9bb1f019fe,aab0eff7,50.0,0,2,16,5728,-0.03125,-0.04296875,0.01171875,0.0185546875,-1.5619786977767944,119882,9.07837963104248,0.00040370423812419176,0.000399962707888335,0.011519360356032848,119155,118768,-16.8743896484375,-16.828828811645508,-2.796875,-2.765625,12.234375,12.203125,70341,70341,9.13703727722168,0.009657565504312515,4.69402827718568e-08
geo,aab0eff75097c8394f32d3b96d89b89e20c9019765587d84288fda9bb1f019fe,aab0eff7,50.0,0,2,17,5728,-0.046875,-0.0625,0.015625,0.015625,-2.697962999343872,126132,9.48270320892334,0.00045068428153172135,0.0004556751810014248,0.012444846332073212,121050,120643,-17.092670440673828,-17.026859283447266,-2.84375,-2.796875,12.90625,12.796875,49516,49516,9.098295211791992,0.01520059909671545,3.773527623707196e-08
geo,aab0eff75097c8394f32d3b96d89b89e20c9019765587d84288fda9bb1f019fe,aab0eff7,50.0,0,2,18,5728,-0.03515625,-0.05029296875,0.01513671875,0.01611328125,-2.1052286624908447,124664,9.208785057067871,0.00043547945097088814,0.0004344139015302062,0.012344568967819214,79659,78425,-14.5543212890625,-14.499072074890137,-0.41015625,-0.375,10.41015625,10.3125,24104,24104,9.103432655334473,0.0158566702157259,4.7768168087714e-07
geo,aab0eff75097c8394f32d3b96d89b89e20c9019765587d84288fda9bb1f019fe,aab0eff7,50.0,0,2,19,5728,-0.017578125,-0.029296875,0.01171875,0.017578125,-1.1241512298583984,114470,9.034741401672363,0.0003992751007899642,0.000408312538638711,0.0114631038159132,77096,76306,-14.321228981018066,-14.288198471069336,-0.451171875,-0.43359375,10.013671875,9.99609375,49516,49516,9.313741683959961,0.013466406613588333,6.030721806382644e-07
geo,aab0eff75097c8394f32d3b96d89b89e20c9019765587d84288fda9bb1f019fe,aab0eff7,50.0,0,2,20,5728,-0.015625,-0.03125,0.015625,0.015625,-1.348981499671936,106042,9.724949836730957,0.0005045587895438075,0.00048400741070508957,0.012722901999950409,94822,94204,-14.987488746643066,-14.95433235168457,-1.0625,-1.046875,10.6875,10.609375,124498,124498,9.34630012512207,0.013568711467087269,3.0975360232332605e-07
geo,aab0eff75097c8394f32d3b96d89b89e20c9019765587d84288fda9bb1f019fe,aab0eff7,50.0,0,2,21,5728,0.00390625,-0.00390625,0.0078125,0.015625,-0.168622687458992,67466,8.945186614990234,0.0005146522307768464,0.000521305890288204,0.01228291541337967,93453,93371,-14.885636329650879,-14.87920093536377,-0.96875,-0.97265625,11.34375,11.34765625,67707,67707,9.249002456665039,0.028958642855286598,3.4296539297429263e-07
geo,aab0eff75097c8394f32d3b96d89b89e20c9019765587d84288fda9bb1f019fe,aab0eff7,50.0,0,2,22,5728,0.015625,0.0,0.015625,0.015625,0.0,51722,9.23672866821289,0.00044259248534217477,0.0004410742549225688,0.011809948831796646,86511,86603,-14.36153507232666,-14.359024047851562,-0.8984375,-0.9140625,10.6484375,10.6015625,67707,67707,9.51697063446045,0.024401824921369553,5.792480237687414e-07
geo,aab0eff75097c8394f32d3b96d89b89e20c9019765587d84288fda9bb1f019fe,aab0eff7,50.0,0,2,23,5728,-0.00390625,-0.01171875,0.0078125,0.015625,-0.5058680772781372,90308,8.436809539794922,0.00035007926635444164,0.0003506992943584919,0.010398250073194504,79798,79460,-13.860990524291992,-13.847312927246094,-0.84375,-0.83984375,9.65625,9.65234375,67707,67707,9.8892183303833,0.014924651011824608,9.555387805448845e-07
geo,aab0eff75097c8394f32d3b96d89b89e20c9019765587d84288fda9bb1f019fe,aab0eff7,50.0,0,2,24,5728,-0.00390625,-0.005859375,0.001953125,0.013671875,-0.28906747698783875,84000,8.240958213806152,0.0003165357047691941,0.0003129772376269102,0.009903762489557266,69778,69515,-13.456180572509766,-13.44641399383545,-0.796875,-0.79296875,8.703125,8.66796875,67707,67707,10.0651216506958,0.008625303395092487,1.4323693449114216e-06
geo,aab0eff75097c8394f32d3b96d89b89e20c9019765587d84288fda9bb1f019fe,aab0eff7,50.0,0,2,25,5728,-0.0078125,-0.015625,0.0078125,0.015625,-0.674490749835968,95333,8.163555145263672,0.00035054655745625496,0.00035500904778018594,0.010490873828530312,74488,74036,-13.813969612121582,-13.797030448913574,-0.7578125,-0.75,9.8203125,9.75,67707,67707,9.762005805969238,0.018432186916470528,1.0015421594289364e-06
geo,aab0eff75097c8394f32d3b96d89b89e20c9019765587d84288fda9bb1f019fe,aab0eff7,50.0,0,2,26,5728,0.0234375,0.01953125,0.00390625,0.0130615234375,1.0085842609405518,22716,8.072173118591309,0.00031412672251462936,0.0003167269751429558,0.00993323139846325,84475,84910,-14.138816833496094,-14.154975891113281,-1.0,-1.0234375,10.0625,10.0234375,67707,67707,9.730326652526855,0.01696985401213169,7.237521231218125e-07
geo,aab0eff75097c8394f32d3b96d89b89e20c9019765587d84288fda9bb1f019fe,aab0eff7,50.0,0,2,27,5728,0.0078125,-0.001953125,0.009765625,0.017578125,-0.0749434158205986,64803,8.87869644165039,0.00036487483885139227,0.0003748565213754773,0.010973246768116951,20792,20747,-11.86524772644043,-11.86137580871582,1.8359375,1.828125,7.3515625,7.296875,64096,64096,9.616364479064941,0.010958008468151093,7.03053501638351e-06
geo,aab0eff75097c8394f32d3b96d89b89e20c9019765587d84288fda9bb1f019fe,aab0eff7,50.0,0,2,28,5728,0.00390625,-0.01123046875,0.01513671875,0.01611328125,-0.47009962797164917,76104,9.728514671325684,0.00041014369344338775,0.00040703790728002787,0.011365474201738834,40906,40708,-12.793853759765625,-12.784409523010254,0.388671875,0.384765625,8.861328125,8.865234375,2463,2463,9.675531387329102,0.01959412731230259,2.777793270070106e-06
geo,aab0eff75097c8394f32d3b96d89b89e20c9019765587d84288fda9bb1f019fe,aab0eff7,50.0,0,2,29,5728,0.015625,0.0,0.015625,0.015625,0.0,53034,9.93985366821289,0.00047321408055722713,0.00047496636398136616,0.01229765173047781,32684,32741,-12.466663360595703,-12.471034049987793,0.52734375,0.51171875,8.78515625,8.73828125,97209,97209,9.60129451751709,0.0251849964261055,3.852981080854079e-06
geo,aab0eff75097c8394f32d3b96d89b89e20c9019765587d84288fda9bb1f019fe,aab0eff7,50.0,0,2,30,5728,0.0,-0.0078125,0.0078125,0.01953125,-0.26979631185531616,68339,9.718647956848145,0.0006730807945132256,0.0006854971870779991,0.01371144037693739,14494,14451,-12.529038429260254,-12.542725563049316,1.3359375,1.3359375,11.2890625,11.2890625,578,578,5.639129161834717,0.28939124941825867,3.6199930946168024e-06
geo,aab0eff75097c8394f32d3b96d89b89e20c9019765587d84288fda9bb1f019fe,aab0eff7,50.0,0,2,31,5728,0.0,0.0234375,-0.0234375,0.015625,1.0117361545562744,16722,9.07867431640625,0.0008227762300521135,0.0008352890145033598,0.01766870729625225,27982,28222,-15.624670028686523,-15.642797470092773,0.08837890625,0.08837890625,14.59912109375,14.66162109375,13,13,2.9056789875030518,0.3585996627807617,1.6379175349356956e-07
