arm,target_length,prompt_sha8,example_id,layer,n_frozen_heads_in_layer,hit16_all_heads,hit16_frozen_heads,dense_answer_mass_all_heads,dense_answer_mass_frozen_heads,block_rank_median_all_heads,block_rank_median_frozen_heads
evq,16384,6cd995c6,passkey-L16384-d10p0-t00-s42,0,0,0.21875,nan,0.0005324250267408797,nan,31.5,nan
evq,16384,6cd995c6,passkey-L16384-d10p0-t00-s42,1,0,0.25,nan,0.00035464878736490846,nan,49.5,nan
evq,16384,6cd995c6,passkey-L16384-d10p0-t00-s42,2,0,0.25,nan,3.749222572772826e-05,nan,40.0,nan
evq,16384,6cd995c6,passkey-L16384-d10p0-t00-s42,3,0,0.3125,nan,0.00029035142334582487,nan,33.0,nan
evq,16384,6cd995c6,passkey-L16384-d10p0-t00-s42,4,0,0.40625,nan,0.0002961598674033894,nan,19.5,nan
evq,16384,6cd995c6,passkey-L16384-d10p0-t00-s42,5,0,0.25,nan,0.0005137088695880143,nan,60.5,nan
evq,16384,6cd995c6,passkey-L16384-d10p0-t00-s42,6,0,0.3125,nan,5.665067586030587e-05,nan,43.5,nan
evq,16384,6cd995c6,passkey-L16384-d10p0-t00-s42,7,0,0.25,nan,0.00013333719654452791,nan,48.5,nan
evq,16384,6cd995c6,passkey-L16384-d10p0-t00-s42,8,0,0.1875,nan,0.00014314328679090627,nan,61.5,nan
evq,16384,6cd995c6,passkey-L16384-d10p0-t00-s42,9,0,0.28125,nan,0.00016095943568577903,nan,47.5,nan
evq,16384,6cd995c6,passkey-L16384-d10p0-t00-s42,10,0,0.3125,nan,0.00016487333146991668,nan,32.5,nan
evq,16384,6cd995c6,passkey-L16384-d10p0-t00-s42,11,1,0.125,0.0,2.787310765931684e-05,0.0003593591973185539,36.5,42.0
evq,16384,6cd995c6,passkey-L16384-d10p0-t00-s42,12,0,0.09375,nan,3.6900352382339954e-06,nan,62.5,nan
evq,16384,6cd995c6,passkey-L16384-d10p0-t00-s42,13,5,0.71875,0.8,0.004944770097634559,0.012072314390252359,4.0,2.0
evq,16384,6cd995c6,passkey-L16384-d10p0-t00-s42,14,3,0.59375,0.6666666666666666,0.00106807938268777,0.0002522195378939311,8.0,7.0
evq,16384,6cd995c6,passkey-L16384-d10p0-t00-s42,15,1,0.53125,1.0,0.00044229672164086686,0.0017972548957914114,11.5,1.0
evq,16384,6cd995c6,passkey-L16384-d10p0-t00-s42,16,1,0.4375,0.0,0.07210086758611516,0.00033968884963542223,27.0,43.0
evq,16384,6cd995c6,passkey-L16384-d10p0-t00-s42,17,4,0.3125,0.75,0.002644247928544412,0.01455187770383759,36.5,6.5
evq,16384,6cd995c6,passkey-L16384-d10p0-t00-s42,18,0,0.59375,nan,0.0178155076935127,nan,12.0,nan
evq,16384,6cd995c6,passkey-L16384-d10p0-t00-s42,19,1,0.65625,1.0,0.0035034017135515683,0.019996948540210724,8.5,1.0
evq,16384,6cd995c6,passkey-L16384-d10p0-t00-s42,20,2,0.71875,1.0,0.020944700039122882,0.11338214948773384,3.5,1.0
evq,16384,6cd995c6,passkey-L16384-d10p0-t00-s42,21,1,0.3125,0.0,0.00030332477678748524,5.151396180735901e-07,33.5,48.0
evq,16384,6cd995c6,passkey-L16384-d10p0-t00-s42,22,1,0.53125,1.0,0.008041710842293881,0.1415923833847046,14.0,1.0
evq,16384,6cd995c6,passkey-L16384-d10p0-t00-s42,23,1,0.5625,1.0,0.014473495072223912,0.10870926082134247,14.5,1.0
evq,16384,6cd995c6,passkey-L16384-d10p0-t00-s42,24,1,0.46875,1.0,0.019391205174290802,0.0017179703572764993,16.0,14.0
evq,16384,6cd995c6,passkey-L16384-d10p0-t00-s42,25,0,0.28125,nan,0.03365439485750618,nan,46.5,nan
evq,16384,6cd995c6,passkey-L16384-d10p0-t00-s42,26,2,0.53125,0.5,0.0004267680993961774,0.0006617201961489627,16.0,21.0
evq,16384,6cd995c6,passkey-L16384-d10p0-t00-s42,27,1,0.4375,1.0,0.011870734687769845,0.12132583558559418,30.0,1.0
evq,16384,6cd995c6,passkey-L16384-d10p0-t00-s42,28,1,0.25,1.0,0.00044921775999119304,0.00042702024802565575,36.5,6.0
evq,16384,6cd995c6,passkey-L16384-d10p0-t00-s42,29,1,0.46875,0.0,0.0007310447513625973,0.00011914156493730843,18.0,21.0
evq,16384,6cd995c6,passkey-L16384-d10p0-t00-s42,30,4,0.375,0.25,0.000349813612590566,0.0004073053897286627,29.0,23.0
evq,16384,6cd995c6,passkey-L16384-d10p0-t00-s42,31,1,0.15625,1.0,9.79475385570351e-05,0.00012859511480201036,61.5,15.0
evq,16384,06800fde,passkey-L16384-d10p0-t01-s42,0,0,0.21875,nan,0.00037332716105771573,nan,31.5,nan
evq,16384,06800fde,passkey-L16384-d10p0-t01-s42,1,0,0.21875,nan,0.0003804785513281672,nan,49.5,nan
evq,16384,06800fde,passkey-L16384-d10p0-t01-s42,2,0,0.25,nan,3.4604445921129594e-05,nan,40.0,nan
evq,16384,06800fde,passkey-L16384-d10p0-t01-s42,3,0,0.3125,nan,0.0002817273437504819,nan,32.5,nan
evq,16384,06800fde,passkey-L16384-d10p0-t01-s42,4,0,0.4375,nan,0.0003077911118367638,nan,19.5,nan
evq,16384,06800fde,passkey-L16384-d10p0-t01-s42,5,0,0.21875,nan,0.00024034280039472722,nan,57.5,nan
evq,16384,06800fde,passkey-L16384-d10p0-t01-s42,6,0,0.28125,nan,6.009583093020672e-05,nan,43.5,nan
evq,16384,06800fde,passkey-L16384-d10p0-t01-s42,7,0,0.21875,nan,0.00011226783481366187,nan,49.0,nan
evq,16384,06800fde,passkey-L16384-d10p0-t01-s42,8,0,0.1875,nan,0.00018732450551656445,nan,62.0,nan
evq,16384,06800fde,passkey-L16384-d10p0-t01-s42,9,0,0.28125,nan,0.00017310726286190773,nan,47.0,nan
evq,16384,06800fde,passkey-L16384-d10p0-t01-s42,10,0,0.28125,nan,0.00014375544138431752,nan,35.0,nan
evq,16384,06800fde,passkey-L16384-d10p0-t01-s42,11,1,0.125,0.0,2.1938688875270208e-05,0.0003176646423526108,36.5,44.0
evq,16384,06800fde,passkey-L16384-d10p0-t01-s42,12,0,0.09375,nan,3.8815446465320896e-06,nan,61.5,nan
evq,16384,06800fde,passkey-L16384-d10p0-t01-s42,13,5,0.71875,0.8,0.004075622005978468,0.009851300078366876,5.0,2.0
evq,16384,06800fde,passkey-L16384-d10p0-t01-s42,14,3,0.59375,0.6666666666666666,0.0013302272805556653,0.00012149413184185202,10.0,7.0
evq,16384,06800fde,passkey-L16384-d10p0-t01-s42,15,1,0.53125,1.0,0.0003575198469780716,0.001775832730345428,11.5,1.0
evq,16384,06800fde,passkey-L16384-d10p0-t01-s42,16,1,0.46875,0.0,0.041364698733483425,0.0002973478694912046,28.0,43.0
evq,16384,06800fde,passkey-L16384-d10p0-t01-s42,17,4,0.3125,0.75,0.003229309742423938,0.019373605120861725,36.0,6.5
evq,16384,06800fde,passkey-L16384-d10p0-t01-s42,18,0,0.59375,nan,0.01687383592402547,nan,11.0,nan
evq,16384,06800fde,passkey-L16384-d10p0-t01-s42,19,1,0.65625,1.0,0.002893891923775982,0.012656020931899548,9.5,2.0
evq,16384,06800fde,passkey-L16384-d10p0-t01-s42,20,2,0.71875,1.0,0.014902651993408109,0.10023108776658773,3.0,1.0
evq,16384,06800fde,passkey-L16384-d10p0-t01-s42,21,1,0.3125,0.0,0.00040522566768819987,4.6564022682105133e-07,32.0,47.0
evq,16384,06800fde,passkey-L16384-d10p0-t01-s42,22,1,0.5,1.0,0.013386174414752289,0.3013348877429962,18.0,1.0
evq,16384,06800fde,passkey-L16384-d10p0-t01-s42,23,1,0.59375,1.0,0.030413050304360333,0.03305276110768318,14.0,2.0
evq,16384,06800fde,passkey-L16384-d10p0-t01-s42,24,1,0.4375,1.0,0.018767418079937318,0.0018402428831905127,20.0,12.0
evq,16384,06800fde,passkey-L16384-d10p0-t01-s42,25,0,0.28125,nan,0.02334631373301657,nan,44.5,nan
evq,16384,06800fde,passkey-L16384-d10p0-t01-s42,26,2,0.5,0.0,0.000286643299834431,0.00034622128259798046,17.5,22.5
evq,16384,06800fde,passkey-L16384-d10p0-t01-s42,27,1,0.4375,1.0,0.007264225050360898,0.053270015865564346,37.5,1.0
evq,16384,06800fde,passkey-L16384-d10p0-t01-s42,28,1,0.25,1.0,0.00024100398278216549,0.00011527863534865901,38.5,6.0
evq,16384,06800fde,passkey-L16384-d10p0-t01-s42,29,1,0.5,0.0,0.0007810893087302623,0.00011324808292556554,17.0,27.0
evq,16384,06800fde,passkey-L16384-d10p0-t01-s42,30,4,0.34375,0.75,0.0005468627125255754,0.0010994345912536119,29.5,11.5
evq,16384,06800fde,passkey-L16384-d10p0-t01-s42,31,1,0.15625,1.0,9.814028252529174e-05,7.90361882536672e-05,60.0,15.0
evq,16384,933bec9a,passkey-L16384-d25p0-t00-s42,0,0,0.03125,nan,8.687982860832303e-05,nan,88.0,nan
evq,16384,933bec9a,passkey-L16384-d25p0-t00-s42,1,0,0.0625,nan,6.110188613206446e-05,nan,55.5,nan
evq,16384,933bec9a,passkey-L16384-d25p0-t00-s42,2,0,0.6875,nan,0.00032579534470894567,nan,12.0,nan
evq,16384,933bec9a,passkey-L16384-d25p0-t00-s42,3,0,0.40625,nan,0.00017601577768999732,nan,20.5,nan
evq,16384,933bec9a,passkey-L16384-d25p0-t00-s42,4,0,0.125,nan,0.00014615397390826956,nan,55.0,nan
evq,16384,933bec9a,passkey-L16384-d25p0-t00-s42,5,0,0.4375,nan,0.000261581703585978,nan,22.0,nan
evq,16384,933bec9a,passkey-L16384-d25p0-t00-s42,6,0,0.46875,nan,0.0001975752604201561,nan,24.5,nan
evq,16384,933bec9a,passkey-L16384-d25p0-t00-s42,7,0,0.15625,nan,3.0857939705768514e-05,nan,62.5,nan
evq,16384,933bec9a,passkey-L16384-d25p0-t00-s42,8,0,0.40625,nan,0.00022174702272679484,nan,21.5,nan
evq,16384,933bec9a,passkey-L16384-d25p0-t00-s42,9,0,0.09375,nan,0.00012165315452898406,nan,42.0,nan
evq,16384,933bec9a,passkey-L16384-d25p0-t00-s42,10,0,0.3125,nan,0.0002027289139685721,nan,30.5,nan
evq,16384,933bec9a,passkey-L16384-d25p0-t00-s42,11,1,0.09375,1.0,0.00016587549790625887,0.0019574963953346014,35.5,5.0
evq,16384,933bec9a,passkey-L16384-d25p0-t00-s42,12,0,0.21875,nan,7.286707534096725e-05,nan,47.0,nan
evq,16384,933bec9a,passkey-L16384-d25p0-t00-s42,13,5,0.65625,0.8,0.0007452468410807263,0.0016937612831384285,5.0,1.0
evq,16384,933bec9a,passkey-L16384-d25p0-t00-s42,14,3,0.625,0.6666666666666666,0.0003333325600674454,0.00015618325657366464,8.0,7.0
evq,16384,933bec9a,passkey-L16384-d25p0-t00-s42,15,1,0.4375,1.0,0.0002663022558751703,0.004147248342633247,19.5,2.0
evq,16384,933bec9a,passkey-L16384-d25p0-t00-s42,16,1,0.53125,1.0,0.009887461095044887,0.004156255628913641,14.0,1.0
evq,16384,933bec9a,passkey-L16384-d25p0-t00-s42,17,4,0.5,0.5,0.003513804150143074,0.015802379863032456,15.5,21.5
evq,16384,933bec9a,passkey-L16384-d25p0-t00-s42,18,0,0.5,nan,0.00234997599395087,nan,17.0,nan
evq,16384,933bec9a,passkey-L16384-d25p0-t00-s42,19,1,0.5,1.0,0.002110393662636767,0.03301607444882393,15.5,1.0
evq,16384,933bec9a,passkey-L16384-d25p0-t00-s42,20,2,0.4375,1.0,0.004530488625474102,0.03949478268623352,22.0,1.0
evq,16384,933bec9a,passkey-L16384-d25p0-t00-s42,21,1,0.25,0.0,0.0009218647117559273,5.721496165733697e-09,30.0,80.0
evq,16384,933bec9a,passkey-L16384-d25p0-t00-s42,22,1,0.4375,1.0,0.0027487136486692,0.046043071895837784,26.5,1.0
evq,16384,933bec9a,passkey-L16384-d25p0-t00-s42,23,1,0.28125,1.0,0.02039792442211564,0.07877974212169647,33.0,1.0
evq,16384,933bec9a,passkey-L16384-d25p0-t00-s42,24,1,0.625,1.0,0.009786842064890777,0.00824972428381443,10.0,7.0
evq,16384,933bec9a,passkey-L16384-d25p0-t00-s42,25,0,0.46875,nan,0.0012158495528427366,nan,17.5,nan
evq,16384,933bec9a,passkey-L16384-d25p0-t00-s42,26,2,0.25,0.0,0.0012573912423272798,5.5979410831241694e-05,36.0,49.0
evq,16384,933bec9a,passkey-L16384-d25p0-t00-s42,27,1,0.4375,1.0,0.001916058894867676,0.003744050394743681,21.0,15.0
evq,16384,933bec9a,passkey-L16384-d25p0-t00-s42,28,1,0.21875,1.0,0.0011674091676425102,0.0006421467987820506,31.5,1.0
evq,16384,933bec9a,passkey-L16384-d25p0-t00-s42,29,1,0.28125,0.0,0.0009382859727059342,4.773776527144946e-05,37.5,97.0
evq,16384,933bec9a,passkey-L16384-d25p0-t00-s42,30,4,0.34375,0.75,0.0005049553118196548,0.0013222432226029923,28.5,10.5
evq,16384,933bec9a,passkey-L16384-d25p0-t00-s42,31,1,0.1875,0.0,0.00016249743022294904,2.2618846742261667e-06,45.0,65.0
evq,16384,c4b929f0,passkey-L16384-d25p0-t01-s42,0,0,0.03125,nan,7.896559029280739e-05,nan,88.0,nan
evq,16384,c4b929f0,passkey-L16384-d25p0-t01-s42,1,0,0.0625,nan,8.267035161679814e-05,nan,55.5,nan
evq,16384,c4b929f0,passkey-L16384-d25p0-t01-s42,2,0,0.6875,nan,0.00036437528074159675,nan,12.0,nan
evq,16384,c4b929f0,passkey-L16384-d25p0-t01-s42,3,0,0.40625,nan,0.00017944159563398898,nan,20.5,nan
evq,16384,c4b929f0,passkey-L16384-d25p0-t01-s42,4,0,0.125,nan,0.00015107841250561194,nan,55.0,nan
evq,16384,c4b929f0,passkey-L16384-d25p0-t01-s42,5,0,0.46875,nan,0.00025883106501822795,nan,20.5,nan
evq,16384,c4b929f0,passkey-L16384-d25p0-t01-s42,6,0,0.46875,nan,0.00020099865532119052,nan,25.0,nan
evq,16384,c4b929f0,passkey-L16384-d25p0-t01-s42,7,0,0.15625,nan,3.19460046768142e-05,nan,61.5,nan
evq,16384,c4b929f0,passkey-L16384-d25p0-t01-s42,8,0,0.4375,nan,0.00025939268534356727,nan,21.0,nan
evq,16384,c4b929f0,passkey-L16384-d25p0-t01-s42,9,0,0.09375,nan,0.00013939218184011567,nan,43.0,nan
evq,16384,c4b929f0,passkey-L16384-d25p0-t01-s42,10,0,0.3125,nan,0.00014137874775868047,nan,32.0,nan
evq,16384,c4b929f0,passkey-L16384-d25p0-t01-s42,11,1,0.09375,1.0,0.00014015311843491472,0.0016779203433543444,35.0,5.0
evq,16384,c4b929f0,passkey-L16384-d25p0-t01-s42,12,0,0.21875,nan,5.613438250754563e-05,nan,47.0,nan
evq,16384,c4b929f0,passkey-L16384-d25p0-t01-s42,13,5,0.65625,0.8,0.0008387473094609783,0.0019755389417468903,5.0,1.0
evq,16384,c4b929f0,passkey-L16384-d25p0-t01-s42,14,3,0.6875,0.6666666666666666,0.00043204825780564834,0.00022076472911673287,8.0,7.0
evq,16384,c4b929f0,passkey-L16384-d25p0-t01-s42,15,1,0.4375,1.0,0.000313452295931737,0.004959828685969114,19.0,2.0
evq,16384,c4b929f0,passkey-L16384-d25p0-t01-s42,16,1,0.53125,1.0,0.011400422426985678,0.006491765379905701,14.0,1.0
evq,16384,c4b929f0,passkey-L16384-d25p0-t01-s42,17,4,0.5,0.5,0.004146133483471787,0.019319625309321964,16.0,22.0
evq,16384,c4b929f0,passkey-L16384-d25p0-t01-s42,18,0,0.53125,nan,0.0037178028748319214,nan,16.0,nan
evq,16384,c4b929f0,passkey-L16384-d25p0-t01-s42,19,1,0.46875,1.0,0.0028593242356258486,0.05360275134444237,17.5,1.0
evq,16384,c4b929f0,passkey-L16384-d25p0-t01-s42,20,2,0.40625,1.0,0.008122711007467392,0.06324506923556328,21.5,1.0
evq,16384,c4b929f0,passkey-L16384-d25p0-t01-s42,21,1,0.25,0.0,0.0008346003346913359,6.3983502940345716e-09,28.5,80.0
evq,16384,c4b929f0,passkey-L16384-d25p0-t01-s42,22,1,0.4375,1.0,0.004006992563245682,0.06518592685461044,27.0,1.0
evq,16384,c4b929f0,passkey-L16384-d25p0-t01-s42,23,1,0.28125,1.0,0.012840271520736319,0.14381256699562073,35.0,1.0
evq,16384,c4b929f0,passkey-L16384-d25p0-t01-s42,24,1,0.6875,1.0,0.011295665202306182,0.007568035274744034,10.0,8.0
evq,16384,c4b929f0,passkey-L16384-d25p0-t01-s42,25,0,0.46875,nan,0.00042363170872392893,nan,18.5,nan
evq,16384,c4b929f0,passkey-L16384-d25p0-t01-s42,26,2,0.21875,0.0,0.0020227464410009777,5.549836726004287e-05,35.5,50.0
evq,16384,c4b929f0,passkey-L16384-d25p0-t01-s42,27,1,0.46875,1.0,0.01193121101649955,0.009588940069079399,20.0,10.0
evq,16384,c4b929f0,passkey-L16384-d25p0-t01-s42,28,1,0.1875,1.0,0.00021418506083427125,0.0018761904211714864,32.5,1.0
evq,16384,c4b929f0,passkey-L16384-d25p0-t01-s42,29,1,0.28125,0.0,0.0008539330109512391,6.628447590628639e-05,38.5,91.0
evq,16384,c4b929f0,passkey-L16384-d25p0-t01-s42,30,4,0.34375,0.75,0.00045875432838415886,0.0005245076954452088,29.5,10.5
evq,16384,c4b929f0,passkey-L16384-d25p0-t01-s42,31,1,0.1875,0.0,0.00017782589490461433,1.4371596535056597e-06,45.0,65.0
evq,16384,8c28ff35,passkey-L16384-d50p0-t00-s42,0,0,0.03125,nan,1.9184323890873643e-05,nan,55.0,nan
evq,16384,8c28ff35,passkey-L16384-d50p0-t00-s42,1,0,0.09375,nan,9.648293215036574e-05,nan,52.0,nan
evq,16384,8c28ff35,passkey-L16384-d50p0-t00-s42,2,0,0.03125,nan,0.00013481357174477404,nan,53.5,nan
evq,16384,8c28ff35,passkey-L16384-d50p0-t00-s42,3,0,0.03125,nan,0.00017682602862989505,nan,61.0,nan
evq,16384,8c28ff35,passkey-L16384-d50p0-t00-s42,4,0,0.03125,nan,0.0001251002439827953,nan,64.0,nan
evq,16384,8c28ff35,passkey-L16384-d50p0-t00-s42,5,0,0.21875,nan,0.00019008509920581673,nan,38.0,nan
evq,16384,8c28ff35,passkey-L16384-d50p0-t00-s42,6,0,0.25,nan,0.00020291216737819352,nan,47.0,nan
evq,16384,8c28ff35,passkey-L16384-d50p0-t00-s42,7,0,0.15625,nan,3.714522967153931e-05,nan,72.0,nan
evq,16384,8c28ff35,passkey-L16384-d50p0-t00-s42,8,0,0.1875,nan,0.0005103280724730653,nan,48.5,nan
evq,16384,8c28ff35,passkey-L16384-d50p0-t00-s42,9,0,0.15625,nan,0.0010125629869662972,nan,52.0,nan
evq,16384,8c28ff35,passkey-L16384-d50p0-t00-s42,10,0,0.34375,nan,0.0005096238357609195,nan,26.0,nan
evq,16384,8c28ff35,passkey-L16384-d50p0-t00-s42,11,1,0.1875,0.0,0.00042656667493637645,0.0005697963642887771,57.0,49.0
evq,16384,8c28ff35,passkey-L16384-d50p0-t00-s42,12,0,0.25,nan,0.0005623974740921675,nan,39.0,nan
evq,16384,8c28ff35,passkey-L16384-d50p0-t00-s42,13,5,0.6875,0.6,0.012047131250568555,0.003603571341955103,5.0,4.0
evq,16384,8c28ff35,passkey-L16384-d50p0-t00-s42,14,3,0.6875,1.0,0.003938669249605202,0.005947452038526535,5.0,3.0
evq,16384,8c28ff35,passkey-L16384-d50p0-t00-s42,15,1,0.3125,1.0,0.0006417484079719177,0.007933028042316437,49.0,4.0
evq,16384,8c28ff35,passkey-L16384-d50p0-t00-s42,16,1,0.625,1.0,0.005309589670974613,0.004051108378916979,6.0,7.0
evq,16384,8c28ff35,passkey-L16384-d50p0-t00-s42,17,4,0.375,1.0,0.005609894767431026,0.027819138253107667,35.0,2.0
evq,16384,8c28ff35,passkey-L16384-d50p0-t00-s42,18,0,0.59375,nan,0.003895657179783907,nan,10.0,nan
evq,16384,8c28ff35,passkey-L16384-d50p0-t00-s42,19,1,0.3125,1.0,0.0020187898144214955,0.02992768958210945,31.5,2.0
evq,16384,8c28ff35,passkey-L16384-d50p0-t00-s42,20,2,0.4375,1.0,0.009498622891012984,0.03713420405983925,31.0,1.5
evq,16384,8c28ff35,passkey-L16384-d50p0-t00-s42,21,1,0.375,1.0,0.0013054720754039906,0.0035224752500653267,24.0,12.0
evq,16384,8c28ff35,passkey-L16384-d50p0-t00-s42,22,1,0.5,1.0,0.0015490799738864247,0.021850962191820145,17.5,2.0
evq,16384,8c28ff35,passkey-L16384-d50p0-t00-s42,23,1,0.25,1.0,0.003731991049244994,0.10220622271299362,48.0,1.0
evq,16384,8c28ff35,passkey-L16384-d50p0-t00-s42,24,1,0.375,1.0,0.003148906989696414,0.02000592276453972,49.5,3.0
evq,16384,8c28ff35,passkey-L16384-d50p0-t00-s42,25,0,0.5,nan,0.002074543699465315,nan,16.0,nan
evq,16384,8c28ff35,passkey-L16384-d50p0-t00-s42,26,2,0.40625,0.0,0.002634645200813246,0.00023068173049978213,36.0,36.0
evq,16384,8c28ff35,passkey-L16384-d50p0-t00-s42,27,1,0.15625,0.0,0.0007672465880648362,0.0001441555650671944,47.5,43.0
evq,16384,8c28ff35,passkey-L16384-d50p0-t00-s42,28,1,0.1875,0.0,0.0011572610047709422,0.00033661641646176577,62.0,53.0
evq,16384,8c28ff35,passkey-L16384-d50p0-t00-s42,29,1,0.1875,0.0,0.0006398053168270229,0.00019051774870604277,64.5,38.0
evq,16384,8c28ff35,passkey-L16384-d50p0-t00-s42,30,4,0.1875,0.0,0.0010609783922517144,2.1961591755825793e-05,51.0,62.5
evq,16384,8c28ff35,passkey-L16384-d50p0-t00-s42,31,1,0.125,1.0,0.0006865813976208049,0.0005825407570227981,63.5,14.0
geo,16384,6cd995c6,passkey-L16384-d10p0-t00-s42,0,0,0.625,nan,0.00043590325594369806,nan,14.5,nan
geo,16384,6cd995c6,passkey-L16384-d10p0-t00-s42,1,0,0.78125,nan,0.0004498668179735432,nan,11.5,nan
geo,16384,6cd995c6,passkey-L16384-d10p0-t00-s42,2,0,0.09375,nan,0.0001682350962255441,nan,66.5,nan
geo,16384,6cd995c6,passkey-L16384-d10p0-t00-s42,3,0,0.625,nan,0.0004833030934605631,nan,13.0,nan
geo,16384,6cd995c6,passkey-L16384-d10p0-t00-s42,4,0,0.53125,nan,0.0003248178287549308,nan,14.0,nan
geo,16384,6cd995c6,passkey-L16384-d10p0-t00-s42,5,0,0.15625,nan,0.0003892440445771861,nan,41.5,nan
geo,16384,6cd995c6,passkey-L16384-d10p0-t00-s42,6,0,0.4375,nan,0.00028007625996906427,nan,27.0,nan
geo,16384,6cd995c6,passkey-L16384-d10p0-t00-s42,7,0,0.53125,nan,0.00022395166068633898,nan,14.5,nan
geo,16384,6cd995c6,passkey-L16384-d10p0-t00-s42,8,0,0.375,nan,0.00028072176647554736,nan,44.5,nan
geo,16384,6cd995c6,passkey-L16384-d10p0-t00-s42,9,0,0.5,nan,0.0003946250008706187,nan,16.0,nan
geo,16384,6cd995c6,passkey-L16384-d10p0-t00-s42,10,0,0.15625,nan,0.00019837256996169117,nan,49.0,nan
geo,16384,6cd995c6,passkey-L16384-d10p0-t00-s42,11,1,0.28125,1.0,0.0002317869154868646,0.001318741706199944,43.0,4.0
geo,16384,6cd995c6,passkey-L16384-d10p0-t00-s42,12,0,0.40625,nan,0.00018519204185987737,nan,29.0,nan
geo,16384,6cd995c6,passkey-L16384-d10p0-t00-s42,13,5,0.09375,0.0,0.00022854933423488433,0.00039702481153653936,36.0,35.0
geo,16384,6cd995c6,passkey-L16384-d10p0-t00-s42,14,3,0.25,0.0,0.0003916258045641996,8.951690051617334e-05,44.5,45.0
geo,16384,6cd995c6,passkey-L16384-d10p0-t00-s42,15,1,0.53125,0.0,0.0007845864697145141,5.414861334429588e-06,14.5,54.0
geo,16384,6cd995c6,passkey-L16384-d10p0-t00-s42,16,1,0.4375,1.0,0.00024013289367275092,0.0003278161457274109,25.5,12.0
geo,16384,6cd995c6,passkey-L16384-d10p0-t00-s42,17,4,0.46875,0.0,0.0008591184251045547,0.00033514314691274194,17.0,32.5
geo,16384,6cd995c6,passkey-L16384-d10p0-t00-s42,18,0,0.5,nan,0.0019078072175666705,nan,20.0,nan
geo,16384,6cd995c6,passkey-L16384-d10p0-t00-s42,19,1,0.25,0.0,0.0012155152240893585,0.0009050031658262014,26.0,23.0
geo,16384,6cd995c6,passkey-L16384-d10p0-t00-s42,20,2,0.15625,0.0,0.00016077133506087193,0.0008155519253705279,37.0,36.5
geo,16384,6cd995c6,passkey-L16384-d10p0-t00-s42,21,1,0.4375,1.0,0.0003036205017616922,0.0021060998551547527,21.5,11.0
geo,16384,6cd995c6,passkey-L16384-d10p0-t00-s42,22,1,0.21875,0.0,0.00029804699184543537,0.00035475261393003166,32.0,21.0
geo,16384,6cd995c6,passkey-L16384-d10p0-t00-s42,23,1,0.15625,1.0,0.0006464396738548039,0.004528561607003212,33.0,14.0
geo,16384,6cd995c6,passkey-L16384-d10p0-t00-s42,24,1,0.25,0.0,0.0003959818035976781,9.178688742395025e-06,30.0,56.0
geo,16384,6cd995c6,passkey-L16384-d10p0-t00-s42,25,0,0.46875,nan,0.0010756468645976014,nan,17.0,nan
geo,16384,6cd995c6,passkey-L16384-d10p0-t00-s42,26,2,0.4375,1.0,0.00011222345440287107,0.00046642240795335965,20.5,10.0
geo,16384,6cd995c6,passkey-L16384-d10p0-t00-s42,27,1,0.3125,0.0,0.00013385574036384185,0.0020944306161254644,29.5,20.0
geo,16384,6cd995c6,passkey-L16384-d10p0-t00-s42,28,1,0.59375,1.0,8.36847877886248e-05,2.2272493879427202e-05,13.0,1.0
geo,16384,6cd995c6,passkey-L16384-d10p0-t00-s42,29,1,0.5625,1.0,0.0001825734702488313,6.527384812216042e-06,11.5,1.0
geo,16384,6cd995c6,passkey-L16384-d10p0-t00-s42,30,4,0.46875,0.5,0.00015571048876671708,6.288475239557556e-05,19.5,31.0
geo,16384,6cd995c6,passkey-L16384-d10p0-t00-s42,31,1,0.6875,1.0,0.0009458268406703496,0.004872034303843975,9.0,1.0
geo,16384,06800fde,passkey-L16384-d10p0-t01-s42,0,0,0.625,nan,0.0003973213013386261,nan,14.5,nan
geo,16384,06800fde,passkey-L16384-d10p0-t01-s42,1,0,0.78125,nan,0.00043975064460255453,nan,11.0,nan
geo,16384,06800fde,passkey-L16384-d10p0-t01-s42,2,0,0.09375,nan,0.00016543141578040377,nan,69.0,nan
geo,16384,06800fde,passkey-L16384-d10p0-t01-s42,3,0,0.65625,nan,0.00047164388524834067,nan,13.0,nan
geo,16384,06800fde,passkey-L16384-d10p0-t01-s42,4,0,0.53125,nan,0.000342230285923506,nan,14.0,nan
geo,16384,06800fde,passkey-L16384-d10p0-t01-s42,5,0,0.15625,nan,0.00036246526411909397,nan,41.5,nan
geo,16384,06800fde,passkey-L16384-d10p0-t01-s42,6,0,0.4375,nan,0.00031140513851823926,nan,27.5,nan
geo,16384,06800fde,passkey-L16384-d10p0-t01-s42,7,0,0.53125,nan,0.00021943021498316284,nan,14.5,nan
geo,16384,06800fde,passkey-L16384-d10p0-t01-s42,8,0,0.375,nan,0.00028080582835084134,nan,44.0,nan
geo,16384,06800fde,passkey-L16384-d10p0-t01-s42,9,0,0.5,nan,0.0003917546236236191,nan,16.0,nan
geo,16384,06800fde,passkey-L16384-d10p0-t01-s42,10,0,0.15625,nan,0.00017457108422291867,nan,48.5,nan
geo,16384,06800fde,passkey-L16384-d10p0-t01-s42,11,1,0.28125,1.0,0.0002560532061046672,0.0010582192335277796,42.5,4.0
geo,16384,06800fde,passkey-L16384-d10p0-t01-s42,12,0,0.40625,nan,0.00016617114011202583,nan,29.0,nan
geo,16384,06800fde,passkey-L16384-d10p0-t01-s42,13,5,0.09375,0.0,0.00021834092823169726,0.0003696497507917229,37.5,35.0
geo,16384,06800fde,passkey-L16384-d10p0-t01-s42,14,3,0.25,0.0,0.0002873919909558431,8.968312704382697e-05,44.5,45.0
geo,16384,06800fde,passkey-L16384-d10p0-t01-s42,15,1,0.53125,0.0,0.0007199406529522952,4.72793271910632e-06,14.5,54.0
geo,16384,06800fde,passkey-L16384-d10p0-t01-s42,16,1,0.4375,1.0,0.00029485172384902114,0.00033242773497477174,24.5,12.0
geo,16384,06800fde,passkey-L16384-d10p0-t01-s42,17,4,0.5,0.0,0.0008735750858583913,0.0003660505717562046,16.0,33.0
geo,16384,06800fde,passkey-L16384-d10p0-t01-s42,18,0,0.5,nan,0.002383821766734684,nan,20.0,nan
geo,16384,06800fde,passkey-L16384-d10p0-t01-s42,19,1,0.25,0.0,0.0007843770898077196,0.0007558886427432299,26.0,23.0
geo,16384,06800fde,passkey-L16384-d10p0-t01-s42,20,2,0.15625,0.0,0.00017944064295516426,0.0010613259337333147,37.0,36.5
geo,16384,06800fde,passkey-L16384-d10p0-t01-s42,21,1,0.4375,1.0,0.0003613209197999012,0.0025756179820746183,21.5,10.0
geo,16384,06800fde,passkey-L16384-d10p0-t01-s42,22,1,0.21875,0.0,0.0003786141462135406,0.0006202569929882884,36.5,21.0
geo,16384,06800fde,passkey-L16384-d10p0-t01-s42,23,1,0.1875,1.0,0.0010615658674555384,0.00612702826038003,30.5,12.0
geo,16384,06800fde,passkey-L16384-d10p0-t01-s42,24,1,0.21875,0.0,0.0003154016385309433,4.9776077503338456e-05,32.5,56.0
geo,16384,06800fde,passkey-L16384-d10p0-t01-s42,25,0,0.46875,nan,0.00028032806055477977,nan,17.0,nan
geo,16384,06800fde,passkey-L16384-d10p0-t01-s42,26,2,0.4375,1.0,0.00013427444172231517,0.0003316178672321257,21.0,10.0
geo,16384,06800fde,passkey-L16384-d10p0-t01-s42,27,1,0.3125,0.0,0.0001551794739587109,0.0031766663305461407,25.5,17.0
geo,16384,06800fde,passkey-L16384-d10p0-t01-s42,28,1,0.625,1.0,0.0001125408402809433,5.685079486283939e-06,13.5,1.0
geo,16384,06800fde,passkey-L16384-d10p0-t01-s42,29,1,0.5625,1.0,0.00048017460101473786,1.1537765203684103e-05,12.0,1.0
geo,16384,06800fde,passkey-L16384-d10p0-t01-s42,30,4,0.46875,0.5,0.00021592442048889212,0.00011380683096717803,19.5,31.0
geo,16384,06800fde,passkey-L16384-d10p0-t01-s42,31,1,0.6875,1.0,0.0008948809312112616,0.001431349548511207,9.0,1.0
geo,16384,933bec9a,passkey-L16384-d25p0-t00-s42,0,0,0.0,nan,9.669357295510146e-05,nan,44.0,nan
geo,16384,933bec9a,passkey-L16384-d25p0-t00-s42,1,0,0.03125,nan,4.753069276208777e-05,nan,51.0,nan
geo,16384,933bec9a,passkey-L16384-d25p0-t00-s42,2,0,0.0,nan,0.00012266661701687553,nan,88.5,nan
geo,16384,933bec9a,passkey-L16384-d25p0-t00-s42,3,0,0.3125,nan,0.0002524607170926174,nan,34.5,nan
geo,16384,933bec9a,passkey-L16384-d25p0-t00-s42,4,0,0.03125,nan,0.00020176487566914147,nan,44.0,nan
geo,16384,933bec9a,passkey-L16384-d25p0-t00-s42,5,0,0.4375,nan,0.00033025580154344425,nan,31.5,nan
geo,16384,933bec9a,passkey-L16384-d25p0-t00-s42,6,0,0.28125,nan,0.00029096430216668523,nan,29.0,nan
geo,16384,933bec9a,passkey-L16384-d25p0-t00-s42,7,0,0.0625,nan,0.00013604543173784123,nan,38.5,nan
geo,16384,933bec9a,passkey-L16384-d25p0-t00-s42,8,0,0.125,nan,0.0002771329311599402,nan,31.5,nan
geo,16384,933bec9a,passkey-L16384-d25p0-t00-s42,9,0,0.1875,nan,0.0001979184597935557,nan,35.0,nan
geo,16384,933bec9a,passkey-L16384-d25p0-t00-s42,10,0,0.1875,nan,0.00023768552654246378,nan,41.0,nan
geo,16384,933bec9a,passkey-L16384-d25p0-t00-s42,11,1,0.15625,0.0,0.00015833270794018972,0.0006511788233183324,43.5,22.0
geo,16384,933bec9a,passkey-L16384-d25p0-t00-s42,12,0,0.09375,nan,0.00014656360072251573,nan,36.0,nan
geo,16384,933bec9a,passkey-L16384-d25p0-t00-s42,13,5,0.15625,0.0,0.00030146731581126573,0.0004295078339055181,32.5,31.0
geo,16384,933bec9a,passkey-L16384-d25p0-t00-s42,14,3,0.1875,0.0,0.0002941479101389588,0.00013428099888794046,43.0,48.0
geo,16384,933bec9a,passkey-L16384-d25p0-t00-s42,15,1,0.09375,0.0,0.00018369800770878797,2.5231654944946058e-05,40.0,53.0
geo,16384,933bec9a,passkey-L16384-d25p0-t00-s42,16,1,0.0,0.0,0.00012433290755975435,4.1668201447464526e-05,44.0,29.0
geo,16384,933bec9a,passkey-L16384-d25p0-t00-s42,17,4,0.15625,0.0,0.00025789083842653326,0.00015530743803537916,34.0,41.0
geo,16384,933bec9a,passkey-L16384-d25p0-t00-s42,18,0,0.1875,nan,0.00037079800921446804,nan,38.5,nan
geo,16384,933bec9a,passkey-L16384-d25p0-t00-s42,19,1,0.09375,0.0,0.00029634872076833574,0.0005137077532708645,35.5,38.0
geo,16384,933bec9a,passkey-L16384-d25p0-t00-s42,20,2,0.0625,0.0,0.00011538678678135739,0.00019558484927983955,35.0,39.0
geo,16384,933bec9a,passkey-L16384-d25p0-t00-s42,21,1,0.40625,0.0,0.000348505587574266,9.791567572392523e-05,23.5,47.0
geo,16384,933bec9a,passkey-L16384-d25p0-t00-s42,22,1,0.0625,0.0,9.864186345254211e-05,0.00022881297627463937,35.5,25.0
geo,16384,933bec9a,passkey-L16384-d25p0-t00-s42,23,1,0.1875,1.0,0.0006356878714242065,0.0042597572319209576,38.0,11.0
geo,16384,933bec9a,passkey-L16384-d25p0-t00-s42,24,1,0.03125,0.0,8.689229291292122e-05,0.00013137946370989084,37.0,53.0
geo,16384,933bec9a,passkey-L16384-d25p0-t00-s42,25,0,0.09375,nan,6.404613361921108e-05,nan,37.5,nan
geo,16384,933bec9a,passkey-L16384-d25p0-t00-s42,26,2,0.0,0.0,2.1562121706786286e-05,5.440532618194993e-06,31.0,25.5
geo,16384,933bec9a,passkey-L16384-d25p0-t00-s42,27,1,0.09375,0.0,7.345303297751071e-05,0.00025073185679502785,39.0,23.0
geo,16384,933bec9a,passkey-L16384-d25p0-t00-s42,28,1,0.09375,1.0,0.0002087996015137615,3.8580373029617476e-07,32.0,11.0
geo,16384,933bec9a,passkey-L16384-d25p0-t00-s42,29,1,0.15625,1.0,7.978533083936393e-05,8.69857394718565e-05,35.0,1.0
geo,16384,933bec9a,passkey-L16384-d25p0-t00-s42,30,4,0.28125,0.5,8.776143799552218e-05,0.00015088785357875167,22.5,20.0
geo,16384,933bec9a,passkey-L16384-d25p0-t00-s42,31,1,0.40625,1.0,0.00013501558981979245,0.00016460110782645643,30.0,15.0
geo,16384,c4b929f0,passkey-L16384-d25p0-t01-s42,0,0,0.0,nan,7.396122833291995e-05,nan,44.0,nan
geo,16384,c4b929f0,passkey-L16384-d25p0-t01-s42,1,0,0.03125,nan,4.568393115356173e-05,nan,51.0,nan
geo,16384,c4b929f0,passkey-L16384-d25p0-t01-s42,2,0,0.0,nan,0.0001255943184332864,nan,89.0,nan
geo,16384,c4b929f0,passkey-L16384-d25p0-t01-s42,3,0,0.3125,nan,0.00025879247641569236,nan,34.0,nan
geo,16384,c4b929f0,passkey-L16384-d25p0-t01-s42,4,0,0.03125,nan,0.00020646302186833054,nan,43.5,nan
geo,16384,c4b929f0,passkey-L16384-d25p0-t01-s42,5,0,0.40625,nan,0.0003370983280319706,nan,31.5,nan
geo,16384,c4b929f0,passkey-L16384-d25p0-t01-s42,6,0,0.28125,nan,0.0003356099846314464,nan,29.0,nan
geo,16384,c4b929f0,passkey-L16384-d25p0-t01-s42,7,0,0.09375,nan,0.00012894828444842688,nan,38.5,nan
geo,16384,c4b929f0,passkey-L16384-d25p0-t01-s42,8,0,0.125,nan,0.00027918242918190117,nan,33.5,nan
geo,16384,c4b929f0,passkey-L16384-d25p0-t01-s42,9,0,0.1875,nan,0.0002176286671478067,nan,34.5,nan
geo,16384,c4b929f0,passkey-L16384-d25p0-t01-s42,10,0,0.1875,nan,0.00029607774843043444,nan,41.0,nan
geo,16384,c4b929f0,passkey-L16384-d25p0-t01-s42,11,1,0.15625,0.0,0.0001897458171811195,0.0006492140237241983,43.5,22.0
geo,16384,c4b929f0,passkey-L16384-d25p0-t01-s42,12,0,0.09375,nan,0.00015378924663167481,nan,36.0,nan
geo,16384,c4b929f0,passkey-L16384-d25p0-t01-s42,13,5,0.15625,0.0,0.0003515651287173682,0.0004908318136585876,32.0,31.0
geo,16384,c4b929f0,passkey-L16384-d25p0-t01-s42,14,3,0.1875,0.0,0.0003048711704874141,0.0001547312176626292,42.5,48.0
geo,16384,c4b929f0,passkey-L16384-d25p0-t01-s42,15,1,0.09375,0.0,0.00019185384584075038,1.925653123180382e-05,40.5,53.0
geo,16384,c4b929f0,passkey-L16384-d25p0-t01-s42,16,1,0.0,0.0,0.00013132068316501488,4.504750540945679e-05,43.5,29.0
geo,16384,c4b929f0,passkey-L16384-d25p0-t01-s42,17,4,0.15625,0.0,0.00024234088650132435,0.00015370008259196766,33.5,40.5
geo,16384,c4b929f0,passkey-L16384-d25p0-t01-s42,18,0,0.1875,nan,0.0004065259489749451,nan,39.0,nan
geo,16384,c4b929f0,passkey-L16384-d25p0-t01-s42,19,1,0.09375,0.0,0.00034781946623319016,0.0006327553419396281,35.5,36.0
geo,16384,c4b929f0,passkey-L16384-d25p0-t01-s42,20,2,0.0625,0.0,0.00011656060395637269,0.00019934356987505453,35.0,39.0
geo,16384,c4b929f0,passkey-L16384-d25p0-t01-s42,21,1,0.40625,0.0,0.0003929369620330192,8.679942402523011e-05,24.0,47.0
geo,16384,c4b929f0,passkey-L16384-d25p0-t01-s42,22,1,0.0625,0.0,7.67184104581986e-05,0.00021386901789810508,35.5,25.0
geo,16384,c4b929f0,passkey-L16384-d25p0-t01-s42,23,1,0.1875,1.0,0.00024509770121428076,0.0034009097144007683,37.5,13.0
geo,16384,c4b929f0,passkey-L16384-d25p0-t01-s42,24,1,0.03125,0.0,7.02172985231897e-05,8.265121141448617e-05,36.5,53.0
geo,16384,c4b929f0,passkey-L16384-d25p0-t01-s42,25,0,0.09375,nan,3.498233928156402e-05,nan,37.5,nan
geo,16384,c4b929f0,passkey-L16384-d25p0-t01-s42,26,2,0.0,0.0,1.9569789884821276e-05,6.840985321332482e-06,31.0,25.5
geo,16384,c4b929f0,passkey-L16384-d25p0-t01-s42,27,1,0.09375,0.0,8.422390823009662e-05,0.0008536139503121376,39.0,21.0
geo,16384,c4b929f0,passkey-L16384-d25p0-t01-s42,28,1,0.09375,1.0,0.00012036538292799085,1.2247767244843999e-06,32.5,11.0
geo,16384,c4b929f0,passkey-L16384-d25p0-t01-s42,29,1,0.15625,1.0,6.246319290239728e-05,0.00017028955335263163,35.0,1.0
geo,16384,c4b929f0,passkey-L16384-d25p0-t01-s42,30,4,0.28125,0.5,7.417119709193033e-05,4.431704974194872e-05,22.0,20.5
geo,16384,c4b929f0,passkey-L16384-d25p0-t01-s42,31,1,0.40625,1.0,0.00018693829373125914,0.000714622437953949,30.0,15.0
geo,16384,8c28ff35,passkey-L16384-d50p0-t00-s42,0,0,0.0,nan,2.278375274514082e-06,nan,64.0,nan
geo,16384,8c28ff35,passkey-L16384-d50p0-t00-s42,1,0,0.0,nan,1.111988776372752e-05,nan,113.0,nan
geo,16384,8c28ff35,passkey-L16384-d50p0-t00-s42,2,0,0.0,nan,0.00017992610378314566,nan,57.5,nan
geo,16384,8c28ff35,passkey-L16384-d50p0-t00-s42,3,0,0.03125,nan,0.00011007063847046084,nan,110.5,nan
geo,16384,8c28ff35,passkey-L16384-d50p0-t00-s42,4,0,0.0,nan,5.3617141446693495e-05,nan,110.0,nan
geo,16384,8c28ff35,passkey-L16384-d50p0-t00-s42,5,0,0.0,nan,0.00011421806770162135,nan,95.5,nan
geo,16384,8c28ff35,passkey-L16384-d50p0-t00-s42,6,0,0.0,nan,6.510979990903554e-05,nan,100.5,nan
geo,16384,8c28ff35,passkey-L16384-d50p0-t00-s42,7,0,0.0,nan,1.4194252974331079e-05,nan,104.5,nan
geo,16384,8c28ff35,passkey-L16384-d50p0-t00-s42,8,0,0.0,nan,4.4721722191498614e-05,nan,81.5,nan
geo,16384,8c28ff35,passkey-L16384-d50p0-t00-s42,9,0,0.0,nan,3.7302608157296566e-05,nan,92.5,nan
geo,16384,8c28ff35,passkey-L16384-d50p0-t00-s42,10,0,0.0,nan,5.641501684650052e-05,nan,60.5,nan
geo,16384,8c28ff35,passkey-L16384-d50p0-t00-s42,11,1,0.0,0.0,9.188802797727158e-05,4.4805674406234175e-05,60.5,65.0
geo,16384,8c28ff35,passkey-L16384-d50p0-t00-s42,12,0,0.0,nan,1.8741383124688295e-05,nan,104.5,nan
geo,16384,8c28ff35,passkey-L16384-d50p0-t00-s42,13,5,0.0,0.0,7.205641463528013e-05,0.00010826231591636315,55.0,55.0
geo,16384,8c28ff35,passkey-L16384-d50p0-t00-s42,14,3,0.0,0.0,5.507396995985299e-05,4.113668304247161e-05,60.5,54.0
geo,16384,8c28ff35,passkey-L16384-d50p0-t00-s42,15,1,0.0,0.0,3.730036274144505e-05,2.1137140720384195e-05,81.5,56.0
geo,16384,8c28ff35,passkey-L16384-d50p0-t00-s42,16,1,0.0,0.0,2.0790757125409726e-05,5.394230697675084e-07,89.5,101.0
geo,16384,8c28ff35,passkey-L16384-d50p0-t00-s42,17,4,0.0,0.0,4.23104810510235e-05,3.251976932006073e-05,87.0,72.5
geo,16384,8c28ff35,passkey-L16384-d50p0-t00-s42,18,0,0.0,nan,2.477527545501762e-05,nan,88.0,nan
geo,16384,8c28ff35,passkey-L16384-d50p0-t00-s42,19,1,0.0,0.0,2.090780095670994e-05,6.439722346840426e-05,96.0,53.0
geo,16384,8c28ff35,passkey-L16384-d50p0-t00-s42,20,2,0.0,0.0,2.7032072146482983e-05,7.277029999386286e-05,53.5,47.0
geo,16384,8c28ff35,passkey-L16384-d50p0-t00-s42,21,1,0.0,0.0,7.4260677993993884e-06,8.783317753113806e-07,92.0,109.0
geo,16384,8c28ff35,passkey-L16384-d50p0-t00-s42,22,1,0.0,0.0,2.034037172293779e-05,2.973969094455242e-05,73.0,43.0
geo,16384,8c28ff35,passkey-L16384-d50p0-t00-s42,23,1,0.0,0.0,8.84595507298332e-06,5.701020563719794e-05,69.5,61.0
geo,16384,8c28ff35,passkey-L16384-d50p0-t00-s42,24,1,0.0,0.0,1.4246545853038468e-05,1.4778242984903045e-06,61.0,53.0
geo,16384,8c28ff35,passkey-L16384-d50p0-t00-s42,25,0,0.0,nan,7.786697818731972e-06,nan,85.5,nan
geo,16384,8c28ff35,passkey-L16384-d50p0-t00-s42,26,2,0.0,0.0,3.847588369043528e-06,3.3900281418836054e-09,79.5,80.5
geo,16384,8c28ff35,passkey-L16384-d50p0-t00-s42,27,1,0.0,0.0,1.217230548736875e-05,0.00010687758913263679,66.0,28.0
geo,16384,8c28ff35,passkey-L16384-d50p0-t00-s42,28,1,0.0,0.0,1.2750529907031875e-06,2.1696409646665415e-07,76.0,55.0
geo,16384,8c28ff35,passkey-L16384-d50p0-t00-s42,29,1,0.0,0.0,2.3272379210257762e-06,6.898735136928735e-06,66.0,36.0
geo,16384,8c28ff35,passkey-L16384-d50p0-t00-s42,30,4,0.03125,0.25,2.594642376441898e-06,2.4642035327815393e-06,67.5,41.5
geo,16384,8c28ff35,passkey-L16384-d50p0-t00-s42,31,1,0.0,0.0,6.292906875224325e-06,0.00019250849436502904,82.0,25.0
evq,32768,d83f24b6,passkey-L32768-d10p0-t00-s42,0,0,0.03125,nan,1.1227544009815432e-05,nan,135.5,nan
evq,32768,d83f24b6,passkey-L32768-d10p0-t00-s42,1,0,0.0625,nan,0.0001023609690089522,nan,81.0,nan
evq,32768,d83f24b6,passkey-L32768-d10p0-t00-s42,2,0,0.21875,nan,5.258899937323272e-05,nan,97.5,nan
evq,32768,d83f24b6,passkey-L32768-d10p0-t00-s42,3,0,0.09375,nan,4.291544591095153e-05,nan,115.0,nan
evq,32768,d83f24b6,passkey-L32768-d10p0-t00-s42,4,0,0.0625,nan,4.6419168315159354e-05,nan,111.5,nan
evq,32768,d83f24b6,passkey-L32768-d10p0-t00-s42,5,0,0.53125,nan,9.117278353443226e-05,nan,15.5,nan
evq,32768,d83f24b6,passkey-L32768-d10p0-t00-s42,6,0,0.46875,nan,0.00010439181889266272,nan,18.0,nan
evq,32768,d83f24b6,passkey-L32768-d10p0-t00-s42,7,0,0.0,nan,2.102708916221849e-06,nan,146.0,nan
evq,32768,d83f24b6,passkey-L32768-d10p0-t00-s42,8,0,0.21875,nan,2.0755470067639883e-05,nan,83.0,nan
evq,32768,d83f24b6,passkey-L32768-d10p0-t00-s42,9,0,0.0,nan,4.86800869087366e-06,nan,183.5,nan
evq,32768,d83f24b6,passkey-L32768-d10p0-t00-s42,10,0,0.25,nan,0.00015705907265339825,nan,70.0,nan
evq,32768,d83f24b6,passkey-L32768-d10p0-t00-s42,11,1,0.0,0.0,1.0142261752578006e-06,6.690774156936641e-09,190.5,225.0
evq,32768,d83f24b6,passkey-L32768-d10p0-t00-s42,12,0,0.0625,nan,1.1038234406111683e-05,nan,157.5,nan
evq,32768,d83f24b6,passkey-L32768-d10p0-t00-s42,13,5,0.25,0.4,0.0001418760985418294,0.00018506211901905267,119.5,111.0
evq,32768,d83f24b6,passkey-L32768-d10p0-t00-s42,14,3,0.25,0.3333333333333333,0.00048930851165839,2.6755581624608265e-05,47.5,27.0
evq,32768,d83f24b6,passkey-L32768-d10p0-t00-s42,15,1,0.15625,1.0,3.37539328729956e-05,5.252053597359918e-05,96.0,4.0
evq,32768,d83f24b6,passkey-L32768-d10p0-t00-s42,16,1,0.15625,0.0,5.961086658718082e-05,8.198409773285675e-07,55.5,185.0
evq,32768,d83f24b6,passkey-L32768-d10p0-t00-s42,17,4,0.21875,0.75,0.00024746970251711333,0.0006916967831784859,101.5,3.0
evq,32768,d83f24b6,passkey-L32768-d10p0-t00-s42,18,0,0.15625,nan,8.998518666842456e-05,nan,72.0,nan
evq,32768,d83f24b6,passkey-L32768-d10p0-t00-s42,19,1,0.09375,0.0,8.578152722257815e-05,1.6189642337849364e-05,115.0,188.0
evq,32768,d83f24b6,passkey-L32768-d10p0-t00-s42,20,2,0.125,0.0,0.0003617668155679823,0.0010961404768750072,127.0,33.5
evq,32768,d83f24b6,passkey-L32768-d10p0-t00-s42,21,1,0.0625,0.0,1.3784472242628536e-05,2.3461419118575577e-07,77.5,69.0
evq,32768,d83f24b6,passkey-L32768-d10p0-t00-s42,22,1,0.15625,1.0,0.009521141074955492,0.3017883002758026,71.5,1.0
evq,32768,d83f24b6,passkey-L32768-d10p0-t00-s42,23,1,0.0,0.0,3.0473060639142985e-06,2.577976010798011e-05,119.0,107.0
evq,32768,d83f24b6,passkey-L32768-d10p0-t00-s42,24,1,0.3125,0.0,0.0009439421248793637,1.8973938722410821e-06,46.5,76.0
evq,32768,d83f24b6,passkey-L32768-d10p0-t00-s42,25,0,0.125,nan,7.368941699045058e-05,nan,69.0,nan
evq,32768,d83f24b6,passkey-L32768-d10p0-t00-s42,26,2,0.0,0.0,9.291457307350477e-06,1.0275804065429384e-06,154.0,113.0
evq,32768,d83f24b6,passkey-L32768-d10p0-t00-s42,27,1,0.09375,0.0,0.00010351425872873958,3.334519078634912e-07,108.5,19.0
evq,32768,d83f24b6,passkey-L32768-d10p0-t00-s42,28,1,0.0,0.0,6.939151816551412e-06,8.7033904492273e-06,135.0,29.0
evq,32768,d83f24b6,passkey-L32768-d10p0-t00-s42,29,1,0.15625,0.0,0.0002394979986017398,1.9727996914298274e-05,115.5,54.0
evq,32768,d83f24b6,passkey-L32768-d10p0-t00-s42,30,4,0.0,0.0,4.984667081096455e-05,8.49550985918587e-06,102.5,91.5
evq,32768,d83f24b6,passkey-L32768-d10p0-t00-s42,31,1,0.0,0.0,2.2815282638769525e-06,1.060326781043841e-06,187.5,66.0
evq,32768,bd9e0fda,passkey-L32768-d10p0-t01-s42,0,0,0.03125,nan,1.1479827994461192e-05,nan,135.5,nan
evq,32768,bd9e0fda,passkey-L32768-d10p0-t01-s42,1,0,0.0625,nan,0.00010204025257376514,nan,81.5,nan
evq,32768,bd9e0fda,passkey-L32768-d10p0-t01-s42,2,0,0.21875,nan,3.553137217238676e-05,nan,98.5,nan
evq,32768,bd9e0fda,passkey-L32768-d10p0-t01-s42,3,0,0.09375,nan,4.17680467248438e-05,nan,115.5,nan
evq,32768,bd9e0fda,passkey-L32768-d10p0-t01-s42,4,0,0.0625,nan,3.110763080163559e-05,nan,116.5,nan
evq,32768,bd9e0fda,passkey-L32768-d10p0-t01-s42,5,0,0.53125,nan,0.00010950710581880685,nan,15.5,nan
evq,32768,bd9e0fda,passkey-L32768-d10p0-t01-s42,6,0,0.46875,nan,0.0001135778767372905,nan,17.5,nan
evq,32768,bd9e0fda,passkey-L32768-d10p0-t01-s42,7,0,0.0,nan,1.8744744930503156e-06,nan,145.5,nan
evq,32768,bd9e0fda,passkey-L32768-d10p0-t01-s42,8,0,0.1875,nan,3.011814948792116e-05,nan,84.0,nan
evq,32768,bd9e0fda,passkey-L32768-d10p0-t01-s42,9,0,0.0,nan,4.601183527325948e-06,nan,180.5,nan
evq,32768,bd9e0fda,passkey-L32768-d10p0-t01-s42,10,0,0.28125,nan,0.00028137159365043685,nan,70.5,nan
evq,32768,bd9e0fda,passkey-L32768-d10p0-t01-s42,11,1,0.0,0.0,9.612063931582353e-07,6.798090534942958e-09,189.0,225.0
evq,32768,bd9e0fda,passkey-L32768-d10p0-t01-s42,12,0,0.0625,nan,9.749905826276578e-06,nan,158.0,nan
evq,32768,bd9e0fda,passkey-L32768-d10p0-t01-s42,13,5,0.25,0.4,0.00012143921720831306,0.0001811882418709443,118.5,111.0
evq,32768,bd9e0fda,passkey-L32768-d10p0-t01-s42,14,3,0.25,0.3333333333333333,0.00041935857363341995,1.5636948035080422e-05,48.0,27.0
evq,32768,bd9e0fda,passkey-L32768-d10p0-t01-s42,15,1,0.15625,1.0,3.772464161575046e-05,4.907351831207052e-05,96.0,4.0
evq,32768,bd9e0fda,passkey-L32768-d10p0-t01-s42,16,1,0.15625,0.0,5.2465259185579107e-05,7.676694622205105e-07,57.5,186.0
evq,32768,bd9e0fda,passkey-L32768-d10p0-t01-s42,17,4,0.21875,0.75,0.0003192253429826849,0.0008744327424210496,103.0,3.0
evq,32768,bd9e0fda,passkey-L32768-d10p0-t01-s42,18,0,0.15625,nan,9.047169965261829e-05,nan,72.0,nan
evq,32768,bd9e0fda,passkey-L32768-d10p0-t01-s42,19,1,0.0625,0.0,4.9247711459740606e-05,1.3622358892462216e-05,115.5,189.0
evq,32768,bd9e0fda,passkey-L32768-d10p0-t01-s42,20,2,0.125,0.0,0.0003596752107238443,0.001139529253123328,125.0,30.5
evq,32768,bd9e0fda,passkey-L32768-d10p0-t01-s42,21,1,0.0625,0.0,2.0427175034705262e-05,2.6175388256888255e-07,77.5,69.0
evq,32768,bd9e0fda,passkey-L32768-d10p0-t01-s42,22,1,0.15625,1.0,0.001643986658228678,0.049148574471473694,71.5,1.0
evq,32768,bd9e0fda,passkey-L32768-d10p0-t01-s42,23,1,0.0,0.0,7.377890417350461e-06,0.00016789471555966884,118.5,49.0
evq,32768,bd9e0fda,passkey-L32768-d10p0-t01-s42,24,1,0.28125,0.0,0.0005852547814574273,1.4239153642847668e-06,46.5,75.0
evq,32768,bd9e0fda,passkey-L32768-d10p0-t01-s42,25,0,0.125,nan,7.24469175962649e-05,nan,69.5,nan
evq,32768,bd9e0fda,passkey-L32768-d10p0-t01-s42,26,2,0.03125,0.0,6.377553875467781e-05,8.152736294952945e-07,154.0,115.5
evq,32768,bd9e0fda,passkey-L32768-d10p0-t01-s42,27,1,0.09375,0.0,0.0001225610653294833,8.218905804824317e-07,111.5,19.0
evq,32768,bd9e0fda,passkey-L32768-d10p0-t01-s42,28,1,0.0,0.0,9.7750610789615e-06,6.639720595558174e-06,139.5,29.0
evq,32768,bd9e0fda,passkey-L32768-d10p0-t01-s42,29,1,0.15625,0.0,0.00023376886678212798,2.162249256798532e-05,116.0,55.0
evq,32768,bd9e0fda,passkey-L32768-d10p0-t01-s42,30,4,0.0,0.0,4.960639907856288e-05,4.7866328263084716e-05,102.5,86.5
evq,32768,bd9e0fda,passkey-L32768-d10p0-t01-s42,31,1,0.0,0.0,3.082957782845932e-06,2.1808619976582122e-07,188.5,68.0
evq,32768,1d340df0,passkey-L32768-d25p0-t00-s42,0,0,0.15625,nan,0.0002672436459933772,nan,39.5,nan
evq,32768,1d340df0,passkey-L32768-d25p0-t00-s42,1,0,0.25,nan,0.0003223040690905066,nan,38.5,nan
evq,32768,1d340df0,passkey-L32768-d25p0-t00-s42,2,0,0.15625,nan,0.0001073588594868724,nan,88.0,nan
evq,32768,1d340df0,passkey-L32768-d25p0-t00-s42,3,0,0.03125,nan,0.00016997217587544355,nan,84.5,nan
evq,32768,1d340df0,passkey-L32768-d25p0-t00-s42,4,0,0.03125,nan,5.807106749751434e-05,nan,115.5,nan
evq,32768,1d340df0,passkey-L32768-d25p0-t00-s42,5,0,0.09375,nan,0.00020417010718315476,nan,135.0,nan
evq,32768,1d340df0,passkey-L32768-d25p0-t00-s42,6,0,0.0,nan,3.4667516334152895e-05,nan,108.0,nan
evq,32768,1d340df0,passkey-L32768-d25p0-t00-s42,7,0,0.0,nan,1.7011702198776926e-05,nan,87.5,nan
evq,32768,1d340df0,passkey-L32768-d25p0-t00-s42,8,0,0.0,nan,2.2186875133556327e-05,nan,93.5,nan
evq,32768,1d340df0,passkey-L32768-d25p0-t00-s42,9,0,0.03125,nan,0.00013332895199056504,nan,83.0,nan
evq,32768,1d340df0,passkey-L32768-d25p0-t00-s42,10,0,0.125,nan,0.00041932999415289106,nan,69.5,nan
evq,32768,1d340df0,passkey-L32768-d25p0-t00-s42,11,1,0.125,0.0,3.679001280846339e-05,8.70216695147974e-07,103.5,198.0
evq,32768,1d340df0,passkey-L32768-d25p0-t00-s42,12,0,0.0,nan,1.5387621580234732e-05,nan,111.0,nan
evq,32768,1d340df0,passkey-L32768-d25p0-t00-s42,13,5,0.0625,0.4,9.098781293122966e-05,0.00015685365546589392,91.0,26.0
evq,32768,1d340df0,passkey-L32768-d25p0-t00-s42,14,3,0.09375,0.0,0.00031444361547726266,3.185582579590118e-05,68.0,88.0
evq,32768,1d340df0,passkey-L32768-d25p0-t00-s42,15,1,0.15625,1.0,6.687048865373045e-05,0.00012083664478268474,52.5,4.0
evq,32768,1d340df0,passkey-L32768-d25p0-t00-s42,16,1,0.15625,1.0,0.0004094727950188352,0.002303006127476692,79.5,7.0
evq,32768,1d340df0,passkey-L32768-d25p0-t00-s42,17,4,0.09375,0.25,6.658467080573882e-05,0.00026717788063734815,95.0,67.0
evq,32768,1d340df0,passkey-L32768-d25p0-t00-s42,18,0,0.28125,nan,0.000412917643095782,nan,36.0,nan
evq,32768,1d340df0,passkey-L32768-d25p0-t00-s42,19,1,0.21875,0.0,0.000361886254268029,0.0005648393416777253,42.0,71.0
evq,32768,1d340df0,passkey-L32768-d25p0-t00-s42,20,2,0.28125,1.0,0.001787410979907984,0.008143356535583735,48.5,2.5
evq,32768,1d340df0,passkey-L32768-d25p0-t00-s42,21,1,0.125,0.0,0.00010679496477444677,4.727287897070276e-13,62.0,193.0
evq,32768,1d340df0,passkey-L32768-d25p0-t00-s42,22,1,0.09375,1.0,0.002127170220997213,0.06624536216259003,59.0,1.0
evq,32768,1d340df0,passkey-L32768-d25p0-t00-s42,23,1,0.09375,0.0,5.534150796811538e-05,0.001415111473761499,76.5,22.0
evq,32768,1d340df0,passkey-L32768-d25p0-t00-s42,24,1,0.15625,0.0,0.0005100925120490363,6.929924012410993e-08,56.5,199.0
evq,32768,1d340df0,passkey-L32768-d25p0-t00-s42,25,0,0.15625,nan,0.00022031655132010016,nan,106.0,nan
evq,32768,1d340df0,passkey-L32768-d25p0-t00-s42,26,2,0.09375,0.0,0.00026864132112409554,2.1930676830095308e-07,72.0,91.5
evq,32768,1d340df0,passkey-L32768-d25p0-t00-s42,27,1,0.09375,0.0,0.00019055892345496637,1.2468173054003273e-06,67.5,72.0
evq,32768,1d340df0,passkey-L32768-d25p0-t00-s42,28,1,0.03125,0.0,9.002186453800082e-06,9.36907383675134e-07,94.0,122.0
evq,32768,1d340df0,passkey-L32768-d25p0-t00-s42,29,1,0.03125,0.0,0.00010543542094451446,2.3017935745883733e-05,106.0,130.0
evq,32768,1d340df0,passkey-L32768-d25p0-t00-s42,30,4,0.0625,0.0,7.814229705929125e-05,7.0378948673344155e-06,118.5,122.0
evq,32768,1d340df0,passkey-L32768-d25p0-t00-s42,31,1,0.09375,0.0,0.00012448907804668216,9.224257269124791e-08,80.5,182.0
evq,32768,16714dd9,passkey-L32768-d25p0-t01-s42,0,0,0.15625,nan,0.0002203982037854305,nan,40.0,nan
evq,32768,16714dd9,passkey-L32768-d25p0-t01-s42,1,0,0.25,nan,0.00030196016085781707,nan,38.5,nan
evq,32768,16714dd9,passkey-L32768-d25p0-t01-s42,2,0,0.125,nan,0.00010940692586824952,nan,85.0,nan
evq,32768,16714dd9,passkey-L32768-d25p0-t01-s42,3,0,0.0,nan,0.00014897469759489468,nan,82.0,nan
evq,32768,16714dd9,passkey-L32768-d25p0-t01-s42,4,0,0.03125,nan,5.6575284606227155e-05,nan,115.5,nan
evq,32768,16714dd9,passkey-L32768-d25p0-t01-s42,5,0,0.09375,nan,0.00016533918289873828,nan,135.0,nan
evq,32768,16714dd9,passkey-L32768-d25p0-t01-s42,6,0,0.0,nan,3.302572334733418e-05,nan,107.5,nan
evq,32768,16714dd9,passkey-L32768-d25p0-t01-s42,7,0,0.0,nan,2.010438779271326e-05,nan,86.5,nan
evq,32768,16714dd9,passkey-L32768-d25p0-t01-s42,8,0,0.0,nan,2.374750617439858e-05,nan,95.5,nan
evq,32768,16714dd9,passkey-L32768-d25p0-t01-s42,9,0,0.0,nan,0.00012689968193685982,nan,82.5,nan
evq,32768,16714dd9,passkey-L32768-d25p0-t01-s42,10,0,0.125,nan,0.0003729403003692162,nan,74.5,nan
evq,32768,16714dd9,passkey-L32768-d25p0-t01-s42,11,1,0.125,0.0,3.926201303784518e-05,6.900238531670766e-07,108.5,199.0
evq,32768,16714dd9,passkey-L32768-d25p0-t01-s42,12,0,0.0,nan,1.3767084186548634e-05,nan,110.5,nan
evq,32768,16714dd9,passkey-L32768-d25p0-t01-s42,13,5,0.09375,0.4,8.230122134520715e-05,0.000184355141664172,94.5,25.0
evq,32768,16714dd9,passkey-L32768-d25p0-t01-s42,14,3,0.09375,0.0,0.00027529587814043157,2.9934856797808607e-05,70.5,81.0
evq,32768,16714dd9,passkey-L32768-d25p0-t01-s42,15,1,0.21875,1.0,4.945369364933554e-05,0.000124516140203923,52.5,4.0
evq,32768,16714dd9,passkey-L32768-d25p0-t01-s42,16,1,0.125,0.0,0.00037973270594143815,0.001898645656183362,79.5,17.0
evq,32768,16714dd9,passkey-L32768-d25p0-t01-s42,17,4,0.09375,0.25,7.117376282089576e-05,0.00029945561916377983,95.0,63.0
evq,32768,16714dd9,passkey-L32768-d25p0-t01-s42,18,0,0.28125,nan,0.0005176911260617364,nan,36.0,nan
evq,32768,16714dd9,passkey-L32768-d25p0-t01-s42,19,1,0.21875,0.0,0.0003478283995121956,0.0009474852122366428,39.5,39.0
evq,32768,16714dd9,passkey-L32768-d25p0-t01-s42,20,2,0.28125,1.0,0.0018346308663857972,0.007180381799116731,48.0,3.5
evq,32768,16714dd9,passkey-L32768-d25p0-t01-s42,21,1,0.125,0.0,6.658588420097707e-05,4.3443699158929316e-13,62.5,193.0
evq,32768,16714dd9,passkey-L32768-d25p0-t01-s42,22,1,0.09375,1.0,0.002361863956701992,0.06443646550178528,60.5,1.0
evq,32768,16714dd9,passkey-L32768-d25p0-t01-s42,23,1,0.0625,0.0,2.3170115800692403e-05,0.0005660591414198279,77.0,27.0
evq,32768,16714dd9,passkey-L32768-d25p0-t01-s42,24,1,0.1875,0.0,0.0003131912736966864,1.710682617783732e-08,53.0,199.0
evq,32768,16714dd9,passkey-L32768-d25p0-t01-s42,25,0,0.125,nan,0.00022571655079468915,nan,106.5,nan
evq,32768,16714dd9,passkey-L32768-d25p0-t01-s42,26,2,0.125,0.0,0.00016821887753876066,1.729419274454358e-07,72.0,91.0
evq,32768,16714dd9,passkey-L32768-d25p0-t01-s42,27,1,0.03125,0.0,6.252409400936195e-05,5.018960109737236e-06,67.0,69.0
evq,32768,16714dd9,passkey-L32768-d25p0-t01-s42,28,1,0.03125,0.0,1.0539674551764645e-05,3.2122798074851744e-06,94.5,121.0
evq,32768,16714dd9,passkey-L32768-d25p0-t01-s42,29,1,0.0,0.0,5.554391778995891e-05,2.739611954893917e-05,106.0,131.0
evq,32768,16714dd9,passkey-L32768-d25p0-t01-s42,30,4,0.0625,0.0,5.39313620754686e-05,8.17938339220392e-06,117.0,123.0
evq,32768,16714dd9,passkey-L32768-d25p0-t01-s42,31,1,0.09375,0.0,0.00010769782407981862,1.269505105483404e-07,80.5,181.0
evq,32768,5255756c,passkey-L32768-d50p0-t00-s42,0,0,0.0,nan,9.674356548782936e-06,nan,112.5,nan
evq,32768,5255756c,passkey-L32768-d50p0-t00-s42,1,0,0.03125,nan,2.3263303895931786e-05,nan,135.5,nan
evq,32768,5255756c,passkey-L32768-d50p0-t00-s42,2,0,0.25,nan,0.00011175369491966611,nan,83.5,nan
evq,32768,5255756c,passkey-L32768-d50p0-t00-s42,3,0,0.0625,nan,0.0001281790214281292,nan,96.5,nan
evq,32768,5255756c,passkey-L32768-d50p0-t00-s42,4,0,0.0625,nan,0.00011874632637542959,nan,71.0,nan
evq,32768,5255756c,passkey-L32768-d50p0-t00-s42,5,0,0.03125,nan,7.36797968805547e-05,nan,79.0,nan
evq,32768,5255756c,passkey-L32768-d50p0-t00-s42,6,0,0.0625,nan,7.165730032582078e-05,nan,106.0,nan
evq,32768,5255756c,passkey-L32768-d50p0-t00-s42,7,0,0.0,nan,3.929828341116466e-06,nan,107.0,nan
evq,32768,5255756c,passkey-L32768-d50p0-t00-s42,8,0,0.15625,nan,5.650468599895271e-05,nan,108.0,nan
evq,32768,5255756c,passkey-L32768-d50p0-t00-s42,9,0,0.0625,nan,5.4772310672669675e-05,nan,93.0,nan
evq,32768,5255756c,passkey-L32768-d50p0-t00-s42,10,0,0.125,nan,0.0002582572415669171,nan,79.5,nan
evq,32768,5255756c,passkey-L32768-d50p0-t00-s42,11,1,0.15625,0.0,0.00021573670242254397,2.2001417164574377e-05,107.5,75.0
evq,32768,5255756c,passkey-L32768-d50p0-t00-s42,12,0,0.03125,nan,1.6027090353165367e-05,nan,98.5,nan
evq,32768,5255756c,passkey-L32768-d50p0-t00-s42,13,5,0.21875,0.2,0.0004832091599462629,0.0009710132264444838,65.0,77.0
evq,32768,5255756c,passkey-L32768-d50p0-t00-s42,14,3,0.0625,0.0,0.0004415366578493234,0.0003445926125399031,91.0,68.0
evq,32768,5255756c,passkey-L32768-d50p0-t00-s42,15,1,0.0625,1.0,0.0001595593764185388,0.0007889573462307453,118.0,13.0
evq,32768,5255756c,passkey-L32768-d50p0-t00-s42,16,1,0.0,0.0,1.2152209900642794e-05,1.8495591120881727e-06,127.5,175.0
evq,32768,5255756c,passkey-L32768-d50p0-t00-s42,17,4,0.09375,0.25,0.00013368654793080505,0.0007317076892263685,111.5,69.5
evq,32768,5255756c,passkey-L32768-d50p0-t00-s42,18,0,0.15625,nan,0.00016145606225599217,nan,98.5,nan
evq,32768,5255756c,passkey-L32768-d50p0-t00-s42,19,1,0.03125,1.0,0.0009237670517656116,0.023763608187437057,94.5,1.0
evq,32768,5255756c,passkey-L32768-d50p0-t00-s42,20,2,0.3125,0.5,0.0022910815990832907,0.0019225259020458907,52.0,37.5
evq,32768,5255756c,passkey-L32768-d50p0-t00-s42,21,1,0.125,0.0,2.70991230904131e-05,1.9610757817645208e-07,100.5,57.0
evq,32768,5255756c,passkey-L32768-d50p0-t00-s42,22,1,0.1875,1.0,0.0014053094537916228,0.040847498923540115,85.5,2.0
evq,32768,5255756c,passkey-L32768-d50p0-t00-s42,23,1,0.15625,1.0,0.00023109766917368357,0.006725469138473272,93.5,10.0
evq,32768,5255756c,passkey-L32768-d50p0-t00-s42,24,1,0.0625,0.0,0.00016808174086687058,0.00016338333080057055,84.0,59.0
evq,32768,5255756c,passkey-L32768-d50p0-t00-s42,25,0,0.21875,nan,0.0011964924968064876,nan,59.0,nan
evq,32768,5255756c,passkey-L32768-d50p0-t00-s42,26,2,0.1875,0.0,0.00028907457835252153,3.793256274420287e-06,75.0,95.5
evq,32768,5255756c,passkey-L32768-d50p0-t00-s42,27,1,0.125,0.0,0.0011338390355789259,9.081576308744843e-07,65.5,99.0
evq,32768,5255756c,passkey-L32768-d50p0-t00-s42,28,1,0.15625,0.0,9.888021331405742e-05,5.580951096817444e-07,92.5,64.0
evq,32768,5255756c,passkey-L32768-d50p0-t00-s42,29,1,0.0,0.0,1.679576599098187e-05,1.4071723626329913e-06,108.0,223.0
evq,32768,5255756c,passkey-L32768-d50p0-t00-s42,30,4,0.15625,0.0,0.0004786508315587131,1.9911493699897864e-05,83.5,150.0
evq,32768,5255756c,passkey-L32768-d50p0-t00-s42,31,1,0.0,0.0,1.5532844340834595e-06,6.25600205239607e-06,143.0,114.0
evq,32768,629c416b,passkey-L32768-d50p0-t01-s42,0,0,0.0,nan,1.0535238254569282e-05,nan,112.5,nan
evq,32768,629c416b,passkey-L32768-d50p0-t01-s42,1,0,0.03125,nan,1.9564386330106487e-05,nan,135.5,nan
evq,32768,629c416b,passkey-L32768-d50p0-t01-s42,2,0,0.25,nan,0.00011315350127965446,nan,83.5,nan
evq,32768,629c416b,passkey-L32768-d50p0-t01-s42,3,0,0.0625,nan,0.00014330925833067054,nan,97.5,nan
evq,32768,629c416b,passkey-L32768-d50p0-t01-s42,4,0,0.0625,nan,0.00011184405710906731,nan,72.5,nan
evq,32768,629c416b,passkey-L32768-d50p0-t01-s42,5,0,0.03125,nan,7.846806081035496e-05,nan,83.0,nan
evq,32768,629c416b,passkey-L32768-d50p0-t01-s42,6,0,0.0625,nan,6.0066289114315066e-05,nan,106.5,nan
evq,32768,629c416b,passkey-L32768-d50p0-t01-s42,7,0,0.0,nan,3.629679479767484e-06,nan,107.0,nan
evq,32768,629c416b,passkey-L32768-d50p0-t01-s42,8,0,0.15625,nan,4.7927355006709485e-05,nan,106.5,nan
evq,32768,629c416b,passkey-L32768-d50p0-t01-s42,9,0,0.0625,nan,4.803032823777571e-05,nan,93.0,nan
evq,32768,629c416b,passkey-L32768-d50p0-t01-s42,10,0,0.125,nan,0.0001890575570395736,nan,79.5,nan
evq,32768,629c416b,passkey-L32768-d50p0-t01-s42,11,1,0.15625,0.0,0.00022334326657017905,2.116551695507951e-05,108.5,77.0
evq,32768,629c416b,passkey-L32768-d50p0-t01-s42,12,0,0.03125,nan,1.4279474456209364e-05,nan,98.5,nan
evq,32768,629c416b,passkey-L32768-d50p0-t01-s42,13,5,0.21875,0.2,0.0003948952113870252,0.0009270509146631411,65.0,77.0
evq,32768,629c416b,passkey-L32768-d50p0-t01-s42,14,3,0.0625,0.0,0.0005094543676606781,0.00028885454647327907,90.5,66.0
evq,32768,629c416b,passkey-L32768-d50p0-t01-s42,15,1,0.03125,0.0,0.00010520020711003719,0.0003959940222557634,116.5,23.0
evq,32768,629c416b,passkey-L32768-d50p0-t01-s42,16,1,0.0,0.0,9.96694162157404e-06,1.2566392797452863e-06,127.5,176.0
evq,32768,629c416b,passkey-L32768-d50p0-t01-s42,17,4,0.0625,0.25,6.799981852995173e-05,0.0003151761738990899,111.5,77.0
evq,32768,629c416b,passkey-L32768-d50p0-t01-s42,18,0,0.15625,nan,0.00010165154220741508,nan,101.5,nan
evq,32768,629c416b,passkey-L32768-d50p0-t01-s42,19,1,0.03125,1.0,0.0006916354597898966,0.017368413507938385,94.5,1.0
evq,32768,629c416b,passkey-L32768-d50p0-t01-s42,20,2,0.28125,0.0,0.0014843514776393344,0.0010375393903814256,55.5,42.5
evq,32768,629c416b,passkey-L32768-d50p0-t01-s42,21,1,0.125,0.0,1.461400770898355e-05,1.6665120483594364e-07,102.0,58.0
evq,32768,629c416b,passkey-L32768-d50p0-t01-s42,22,1,0.1875,1.0,0.0010674304876847063,0.029351919889450073,81.5,3.0
evq,32768,629c416b,passkey-L32768-d50p0-t01-s42,23,1,0.15625,1.0,0.0001161354676813547,0.003282257355749607,91.0,15.0
evq,32768,629c416b,passkey-L32768-d50p0-t01-s42,24,1,0.0625,0.0,7.116498827953376e-05,0.0003152277204208076,83.0,54.0
evq,32768,629c416b,passkey-L32768-d50p0-t01-s42,25,0,0.21875,nan,0.0065117530536988955,nan,63.0,nan
evq,32768,629c416b,passkey-L32768-d50p0-t01-s42,26,2,0.15625,0.0,0.00023134050970871056,3.743009719059387e-06,83.5,95.5
evq,32768,629c416b,passkey-L32768-d50p0-t01-s42,27,1,0.15625,0.0,0.0008471043952841686,3.9742349144944455e-07,66.0,100.0
evq,32768,629c416b,passkey-L32768-d50p0-t01-s42,28,1,0.15625,0.0,6.48561329186024e-05,1.4423147831621463e-07,92.0,64.0
evq,32768,629c416b,passkey-L32768-d50p0-t01-s42,29,1,0.0,0.0,1.0017774314359005e-05,8.138804332702421e-07,107.5,225.0
evq,32768,629c416b,passkey-L32768-d50p0-t01-s42,30,4,0.15625,0.0,0.0017886458396672166,1.8973511743517607e-05,83.0,150.5
evq,32768,629c416b,passkey-L32768-d50p0-t01-s42,31,1,0.0,0.0,1.6438220333831054e-06,7.026341336313635e-06,143.5,115.0
evq,32768,a3b651b8,passkey-L32768-d75p0-t00-s42,0,0,0.0,nan,6.585752936944943e-06,nan,111.5,nan
evq,32768,a3b651b8,passkey-L32768-d75p0-t00-s42,1,0,0.0,nan,7.786451347968626e-06,nan,158.5,nan
evq,32768,a3b651b8,passkey-L32768-d75p0-t00-s42,2,0,0.0,nan,3.9657582888180665e-05,nan,157.5,nan
evq,32768,a3b651b8,passkey-L32768-d75p0-t00-s42,3,0,0.03125,nan,3.237050396369401e-05,nan,176.5,nan
evq,32768,a3b651b8,passkey-L32768-d75p0-t00-s42,4,0,0.0,nan,2.535746731840982e-05,nan,163.5,nan
evq,32768,a3b651b8,passkey-L32768-d75p0-t00-s42,5,0,0.0,nan,3.7376072231642965e-05,nan,86.5,nan
evq,32768,a3b651b8,passkey-L32768-d75p0-t00-s42,6,0,0.0,nan,2.3597605504413358e-05,nan,128.5,nan
evq,32768,a3b651b8,passkey-L32768-d75p0-t00-s42,7,0,0.0625,nan,2.479040527383354e-05,nan,149.0,nan
evq,32768,a3b651b8,passkey-L32768-d75p0-t00-s42,8,0,0.15625,nan,6.712774116157341e-05,nan,120.0,nan
evq,32768,a3b651b8,passkey-L32768-d75p0-t00-s42,9,0,0.0,nan,0.00011795760917899734,nan,117.5,nan
evq,32768,a3b651b8,passkey-L32768-d75p0-t00-s42,10,0,0.03125,nan,5.8423014371644655e-05,nan,125.0,nan
evq,32768,a3b651b8,passkey-L32768-d75p0-t00-s42,11,1,0.0,0.0,6.823459763485973e-05,4.717576666735113e-05,122.5,91.0
evq,32768,a3b651b8,passkey-L32768-d75p0-t00-s42,12,0,0.09375,nan,2.972642965011425e-05,nan,78.0,nan
evq,32768,a3b651b8,passkey-L32768-d75p0-t00-s42,13,5,0.125,0.2,0.0001948529522670505,8.152296676549043e-05,102.0,169.0
evq,32768,a3b651b8,passkey-L32768-d75p0-t00-s42,14,3,0.0,0.0,5.8633690632587475e-05,6.928479773904428e-05,113.0,90.0
evq,32768,a3b651b8,passkey-L32768-d75p0-t00-s42,15,1,0.03125,0.0,8.105531644392864e-05,5.851651440025307e-05,177.0,74.0
evq,32768,a3b651b8,passkey-L32768-d75p0-t00-s42,16,1,0.21875,0.0,0.00037306095809095996,1.132047145802062e-06,127.5,141.0
evq,32768,a3b651b8,passkey-L32768-d75p0-t00-s42,17,4,0.0,0.0,8.697108906124872e-05,9.834273578235297e-05,116.0,90.0
evq,32768,a3b651b8,passkey-L32768-d75p0-t00-s42,18,0,0.3125,nan,0.0006289997597468788,nan,93.0,nan
evq,32768,a3b651b8,passkey-L32768-d75p0-t00-s42,19,1,0.0,0.0,7.536923013276835e-05,0.0008292412385344505,143.0,63.0
evq,32768,a3b651b8,passkey-L32768-d75p0-t00-s42,20,2,0.0625,0.0,1.4646002447217916e-05,0.00017707803635858,150.0,152.5
evq,32768,a3b651b8,passkey-L32768-d75p0-t00-s42,21,1,0.25,1.0,0.0001227254854698134,0.0010526415426284075,87.0,7.0
evq,32768,a3b651b8,passkey-L32768-d75p0-t00-s42,22,1,0.25,1.0,0.001399801822764839,0.020169459283351898,85.0,3.0
evq,32768,a3b651b8,passkey-L32768-d75p0-t00-s42,23,1,0.0625,0.0,3.202139238630561e-05,0.00024349833256565034,126.0,50.0
evq,32768,a3b651b8,passkey-L32768-d75p0-t00-s42,24,1,0.15625,1.0,0.0013488869314635563,0.021209435537457466,127.0,1.0
evq,32768,a3b651b8,passkey-L32768-d75p0-t00-s42,25,0,0.21875,nan,4.332965519531551e-05,nan,71.0,nan
evq,32768,a3b651b8,passkey-L32768-d75p0-t00-s42,26,2,0.1875,0.0,0.0001725738874801115,6.363261384478847e-08,113.5,116.5
evq,32768,a3b651b8,passkey-L32768-d75p0-t00-s42,27,1,0.09375,0.0,0.00015585168108449721,4.905394979104472e-10,112.0,158.0
evq,32768,a3b651b8,passkey-L32768-d75p0-t00-s42,28,1,0.0,0.0,3.694593527535602e-05,9.700336534024245e-09,133.5,62.0
evq,32768,a3b651b8,passkey-L32768-d75p0-t00-s42,29,1,0.125,0.0,0.0006406677350397882,4.518921559792943e-05,136.0,92.0
evq,32768,a3b651b8,passkey-L32768-d75p0-t00-s42,30,4,0.125,0.0,0.00039401386096530233,2.1381349756266488e-06,83.5,132.5
evq,32768,a3b651b8,passkey-L32768-d75p0-t00-s42,31,1,0.15625,1.0,0.00018818555957664688,0.0037125428207218647,160.0,11.0
evq,32768,fe22994b,passkey-L32768-d75p0-t01-s42,0,0,0.0,nan,7.309862541189467e-06,nan,111.5,nan
evq,32768,fe22994b,passkey-L32768-d75p0-t01-s42,1,0,0.0,nan,9.309373883797933e-06,nan,158.5,nan
evq,32768,fe22994b,passkey-L32768-d75p0-t01-s42,2,0,0.0,nan,3.3562087997762724e-05,nan,157.5,nan
evq,32768,fe22994b,passkey-L32768-d75p0-t01-s42,3,0,0.03125,nan,3.379750928195202e-05,nan,175.0,nan
evq,32768,fe22994b,passkey-L32768-d75p0-t01-s42,4,0,0.0,nan,3.3926533006101156e-05,nan,164.0,nan
evq,32768,fe22994b,passkey-L32768-d75p0-t01-s42,5,0,0.0,nan,4.0028211978127004e-05,nan,86.5,nan
evq,32768,fe22994b,passkey-L32768-d75p0-t01-s42,6,0,0.0,nan,2.4405067299776518e-05,nan,129.0,nan
evq,32768,fe22994b,passkey-L32768-d75p0-t01-s42,7,0,0.0625,nan,2.3774400035220013e-05,nan,149.0,nan
evq,32768,fe22994b,passkey-L32768-d75p0-t01-s42,8,0,0.15625,nan,6.378232516800176e-05,nan,120.0,nan
evq,32768,fe22994b,passkey-L32768-d75p0-t01-s42,9,0,0.0,nan,0.00012058745751887881,nan,117.5,nan
evq,32768,fe22994b,passkey-L32768-d75p0-t01-s42,10,0,0.0625,nan,6.135806184737191e-05,nan,123.5,nan
evq,32768,fe22994b,passkey-L32768-d75p0-t01-s42,11,1,0.0,0.0,6.830020172769162e-05,6.326587026705965e-05,123.0,91.0
evq,32768,fe22994b,passkey-L32768-d75p0-t01-s42,12,0,0.09375,nan,2.7630540415195725e-05,nan,79.5,nan
evq,32768,fe22994b,passkey-L32768-d75p0-t01-s42,13,5,0.125,0.2,0.00020822563366828563,8.379129664235486e-05,101.5,168.0
evq,32768,fe22994b,passkey-L32768-d75p0-t01-s42,14,3,0.0,0.0,5.575427627093372e-05,6.508895329204734e-05,113.0,89.0
evq,32768,fe22994b,passkey-L32768-d75p0-t01-s42,15,1,0.03125,0.0,8.40216674746158e-05,4.671188071370125e-05,178.0,81.0
evq,32768,fe22994b,passkey-L32768-d75p0-t01-s42,16,1,0.1875,0.0,0.0003995928516635449,1.1891020221810322e-06,127.5,142.0
evq,32768,fe22994b,passkey-L32768-d75p0-t01-s42,17,4,0.0,0.0,7.206081202885308e-05,8.717349055586965e-05,116.5,95.0
evq,32768,fe22994b,passkey-L32768-d75p0-t01-s42,18,0,0.3125,nan,0.0006375131673482189,nan,92.0,nan
evq,32768,fe22994b,passkey-L32768-d75p0-t01-s42,19,1,0.0,0.0,6.52447204465582e-05,0.00034895812859758735,144.5,108.0
evq,32768,fe22994b,passkey-L32768-d75p0-t01-s42,20,2,0.0625,0.0,1.2863333014864798e-05,0.00015108879836134292,151.0,156.5
evq,32768,fe22994b,passkey-L32768-d75p0-t01-s42,21,1,0.25,1.0,0.00011640656384897898,0.00121815106831491,91.5,7.0
evq,32768,fe22994b,passkey-L32768-d75p0-t01-s42,22,1,0.25,1.0,0.001696458851826397,0.022635310888290405,85.0,3.0
evq,32768,fe22994b,passkey-L32768-d75p0-t01-s42,23,1,0.0625,0.0,7.355989613787303e-05,0.00035839079646393657,126.0,45.0
evq,32768,fe22994b,passkey-L32768-d75p0-t01-s42,24,1,0.1875,1.0,0.0014022738095868334,0.010037744417786598,127.0,5.0
evq,32768,fe22994b,passkey-L32768-d75p0-t01-s42,25,0,0.21875,nan,7.746557906041152e-05,nan,70.5,nan
evq,32768,fe22994b,passkey-L32768-d75p0-t01-s42,26,2,0.1875,0.0,0.00044346368201115204,8.782740579249548e-08,117.5,116.5
evq,32768,fe22994b,passkey-L32768-d75p0-t01-s42,27,1,0.09375,0.0,7.370933869431552e-05,6.405554420219062e-10,112.0,155.0
evq,32768,fe22994b,passkey-L32768-d75p0-t01-s42,28,1,0.0,0.0,6.788717126266638e-05,3.8906566857122016e-09,132.0,62.0
evq,32768,fe22994b,passkey-L32768-d75p0-t01-s42,29,1,0.125,0.0,0.0004728119048071708,5.07343138451688e-05,135.5,92.0
evq,32768,fe22994b,passkey-L32768-d75p0-t01-s42,30,4,0.125,0.0,0.0005000474414026074,1.3533084428918318e-06,83.5,135.0
evq,32768,fe22994b,passkey-L32768-d75p0-t01-s42,31,1,0.15625,1.0,0.00023455649319352145,0.005060532595962286,160.5,10.0
evq,32768,14506066,passkey-L32768-d90p0-t00-s42,0,0,0.0,nan,6.446465334102978e-06,nan,106.0,nan
evq,32768,14506066,passkey-L32768-d90p0-t00-s42,1,0,0.0,nan,2.1525637518141933e-06,nan,228.5,nan
evq,32768,14506066,passkey-L32768-d90p0-t00-s42,2,0,0.0,nan,4.165413912828779e-05,nan,217.5,nan
evq,32768,14506066,passkey-L32768-d90p0-t00-s42,3,0,0.0,nan,4.767556170662572e-05,nan,186.5,nan
evq,32768,14506066,passkey-L32768-d90p0-t00-s42,4,0,0.0,nan,1.3067153994637899e-05,nan,186.0,nan
evq,32768,14506066,passkey-L32768-d90p0-t00-s42,5,0,0.03125,nan,6.404276008009635e-05,nan,108.0,nan
evq,32768,14506066,passkey-L32768-d90p0-t00-s42,6,0,0.0,nan,2.4580333454808645e-05,nan,136.0,nan
evq,32768,14506066,passkey-L32768-d90p0-t00-s42,7,0,0.0,nan,3.923218849814325e-06,nan,136.5,nan
evq,32768,14506066,passkey-L32768-d90p0-t00-s42,8,0,0.15625,nan,0.00014319289379509294,nan,128.0,nan
evq,32768,14506066,passkey-L32768-d90p0-t00-s42,9,0,0.03125,nan,6.39022315346503e-05,nan,89.5,nan
evq,32768,14506066,passkey-L32768-d90p0-t00-s42,10,0,0.15625,nan,0.00017917970854948765,nan,53.0,nan
evq,32768,14506066,passkey-L32768-d90p0-t00-s42,11,1,0.21875,0.0,0.0002089745162518138,1.521071681054309e-06,89.0,159.0
evq,32768,14506066,passkey-L32768-d90p0-t00-s42,12,0,0.0,nan,7.970064565511513e-06,nan,118.0,nan
evq,32768,14506066,passkey-L32768-d90p0-t00-s42,13,5,0.15625,0.0,0.00022058146218545405,7.237813179608032e-05,75.5,146.0
evq,32768,14506066,passkey-L32768-d90p0-t00-s42,14,3,0.1875,0.3333333333333333,0.0003450523114549739,0.00021455353477980074,71.5,29.0
evq,32768,14506066,passkey-L32768-d90p0-t00-s42,15,1,0.15625,1.0,6.503376565960076e-05,0.00022392603568732738,107.5,14.0
evq,32768,14506066,passkey-L32768-d90p0-t00-s42,16,1,0.03125,0.0,1.153319323753195e-05,7.407640805467963e-05,102.5,47.0
evq,32768,14506066,passkey-L32768-d90p0-t00-s42,17,4,0.125,0.5,2.1730636184883213e-05,7.659717942565258e-05,124.0,101.5
evq,32768,14506066,passkey-L32768-d90p0-t00-s42,18,0,0.0625,nan,1.9849188520423684e-05,nan,136.0,nan
evq,32768,14506066,passkey-L32768-d90p0-t00-s42,19,1,0.0625,0.0,5.760650093154997e-05,0.0008550137281417847,144.5,83.0
evq,32768,14506066,passkey-L32768-d90p0-t00-s42,20,2,0.0625,0.5,0.00019107013372366338,0.002365495136473328,146.5,34.5
evq,32768,14506066,passkey-L32768-d90p0-t00-s42,21,1,0.21875,0.0,0.00017901421875289751,2.5138625989878927e-12,61.5,180.0
evq,32768,14506066,passkey-L32768-d90p0-t00-s42,22,1,0.1875,1.0,0.0008965001432140598,0.014067767187952995,148.5,3.0
evq,32768,14506066,passkey-L32768-d90p0-t00-s42,23,1,0.03125,0.0,2.1576917762732515e-05,0.000381698424462229,174.5,41.0
evq,32768,14506066,passkey-L32768-d90p0-t00-s42,24,1,0.09375,0.0,0.0002897906877972503,2.6549842004897073e-06,133.0,118.0
evq,32768,14506066,passkey-L32768-d90p0-t00-s42,25,0,0.03125,nan,2.9893942254056193e-05,nan,111.0,nan
evq,32768,14506066,passkey-L32768-d90p0-t00-s42,26,2,0.09375,0.0,0.00013898097651234015,4.007922552173859e-08,139.0,135.5
evq,32768,14506066,passkey-L32768-d90p0-t00-s42,27,1,0.15625,0.0,0.000289923400962138,2.7019464443611696e-10,127.0,156.0
evq,32768,14506066,passkey-L32768-d90p0-t00-s42,28,1,0.0,0.0,9.054788955614112e-05,5.731549901355493e-09,103.5,90.0
evq,32768,14506066,passkey-L32768-d90p0-t00-s42,29,1,0.03125,0.0,0.00011229009368307017,0.0002665242936927825,176.0,81.0
evq,32768,14506066,passkey-L32768-d90p0-t00-s42,30,4,0.25,0.0,0.0010731857499954767,8.971416639981273e-05,123.5,164.0
evq,32768,14506066,passkey-L32768-d90p0-t00-s42,31,1,0.0625,1.0,5.903157915082011e-05,0.0018178059253841639,137.5,11.0
evq,32768,a62680ac,passkey-L32768-d90p0-t01-s42,0,0,0.0,nan,6.029686974232787e-06,nan,106.0,nan
evq,32768,a62680ac,passkey-L32768-d90p0-t01-s42,1,0,0.0,nan,2.5796143175076438e-06,nan,228.5,nan
evq,32768,a62680ac,passkey-L32768-d90p0-t01-s42,2,0,0.0,nan,4.433495618233474e-05,nan,215.0,nan
evq,32768,a62680ac,passkey-L32768-d90p0-t01-s42,3,0,0.0,nan,3.90260087622476e-05,nan,187.0,nan
evq,32768,a62680ac,passkey-L32768-d90p0-t01-s42,4,0,0.0,nan,1.420115030012549e-05,nan,186.5,nan
evq,32768,a62680ac,passkey-L32768-d90p0-t01-s42,5,0,0.03125,nan,6.454708722339331e-05,nan,108.0,nan
evq,32768,a62680ac,passkey-L32768-d90p0-t01-s42,6,0,0.0,nan,2.434448853903988e-05,nan,136.0,nan
evq,32768,a62680ac,passkey-L32768-d90p0-t01-s42,7,0,0.0,nan,3.864141960407692e-06,nan,136.0,nan
evq,32768,a62680ac,passkey-L32768-d90p0-t01-s42,8,0,0.15625,nan,0.0001487535470603863,nan,126.5,nan
evq,32768,a62680ac,passkey-L32768-d90p0-t01-s42,9,0,0.03125,nan,6.562765527013716e-05,nan,89.5,nan
evq,32768,a62680ac,passkey-L32768-d90p0-t01-s42,10,0,0.15625,nan,0.00018328870850424614,nan,53.0,nan
evq,32768,a62680ac,passkey-L32768-d90p0-t01-s42,11,1,0.21875,0.0,0.00020952469609337307,1.3018735671721515e-06,89.5,157.0
evq,32768,a62680ac,passkey-L32768-d90p0-t01-s42,12,0,0.0,nan,9.00514653780942e-06,nan,118.0,nan
evq,32768,a62680ac,passkey-L32768-d90p0-t01-s42,13,5,0.15625,0.0,0.00024150357458734787,6.081073649784052e-05,75.0,145.0
evq,32768,a62680ac,passkey-L32768-d90p0-t01-s42,14,3,0.1875,0.3333333333333333,0.00035259239920842976,0.00017817992724644682,71.5,28.0
evq,32768,a62680ac,passkey-L32768-d90p0-t01-s42,15,1,0.15625,1.0,7.011532396314531e-05,0.00024554895935580134,107.0,14.0
evq,32768,a62680ac,passkey-L32768-d90p0-t01-s42,16,1,0.03125,0.0,1.4338500942559956e-05,0.00010329391807317734,102.5,46.0
evq,32768,a62680ac,passkey-L32768-d90p0-t01-s42,17,4,0.125,0.5,2.531031033208021e-05,9.348142507681345e-05,124.0,100.0
evq,32768,a62680ac,passkey-L32768-d90p0-t01-s42,18,0,0.0625,nan,2.2814619839296503e-05,nan,135.0,nan
evq,32768,a62680ac,passkey-L32768-d90p0-t01-s42,19,1,0.03125,0.0,4.91681244569175e-05,0.0005551207577809691,144.5,96.0
evq,32768,a62680ac,passkey-L32768-d90p0-t01-s42,20,2,0.0625,0.5,0.00013725716170086817,0.0015786189469508827,145.0,36.5
evq,32768,a62680ac,passkey-L32768-d90p0-t01-s42,21,1,0.21875,0.0,0.00019305923569324987,3.336022864203203e-12,61.5,180.0
evq,32768,a62680ac,passkey-L32768-d90p0-t01-s42,22,1,0.15625,1.0,0.0007110995289053714,0.007538910023868084,148.5,3.0
evq,32768,a62680ac,passkey-L32768-d90p0-t01-s42,23,1,0.03125,0.0,3.227614207750492e-05,0.0006877736886963248,172.5,32.0
evq,32768,a62680ac,passkey-L32768-d90p0-t01-s42,24,1,0.09375,0.0,0.0005570048720631974,2.986412823702267e-07,143.0,128.0
evq,32768,a62680ac,passkey-L32768-d90p0-t01-s42,25,0,0.09375,nan,9.244908538177101e-05,nan,110.5,nan
evq,32768,a62680ac,passkey-L32768-d90p0-t01-s42,26,2,0.0625,0.0,8.139809060595787e-05,5.7425612258465986e-08,139.0,135.5
evq,32768,a62680ac,passkey-L32768-d90p0-t01-s42,27,1,0.15625,0.0,0.0012850454518031895,5.469821262593655e-10,128.5,154.0
evq,32768,a62680ac,passkey-L32768-d90p0-t01-s42,28,1,0.0,0.0,5.3669758892836075e-05,1.7592114431863592e-09,104.0,92.0
evq,32768,a62680ac,passkey-L32768-d90p0-t01-s42,29,1,0.0,0.0,6.013641534873887e-05,0.00022862925834488124,176.0,81.0
evq,32768,a62680ac,passkey-L32768-d90p0-t01-s42,30,4,0.25,0.0,0.0005595904944537166,4.912415112583491e-06,124.0,165.5
evq,32768,a62680ac,passkey-L32768-d90p0-t01-s42,31,1,0.0625,1.0,6.905058352479715e-05,0.0021406454034149647,137.0,11.0
geo,32768,d83f24b6,passkey-L32768-d10p0-t00-s42,0,0,0.0,nan,3.908102794051083e-05,nan,115.0,nan
geo,32768,d83f24b6,passkey-L32768-d10p0-t00-s42,1,0,0.0,nan,1.2764756545186051e-05,nan,167.5,nan
geo,32768,d83f24b6,passkey-L32768-d10p0-t00-s42,2,0,0.0,nan,9.611852601665305e-05,nan,115.0,nan
geo,32768,d83f24b6,passkey-L32768-d10p0-t00-s42,3,0,0.1875,nan,0.00010043262250292173,nan,42.0,nan
geo,32768,d83f24b6,passkey-L32768-d10p0-t00-s42,4,0,0.09375,nan,8.797443547337025e-05,nan,99.5,nan
geo,32768,d83f24b6,passkey-L32768-d10p0-t00-s42,5,0,0.21875,nan,9.69407608408801e-05,nan,41.0,nan
geo,32768,d83f24b6,passkey-L32768-d10p0-t00-s42,6,0,0.09375,nan,9.52279376633669e-05,nan,60.0,nan
geo,32768,d83f24b6,passkey-L32768-d10p0-t00-s42,7,0,0.03125,nan,7.00347551401137e-05,nan,188.5,nan
geo,32768,d83f24b6,passkey-L32768-d10p0-t00-s42,8,0,0.09375,nan,7.923615453364619e-05,nan,73.5,nan
geo,32768,d83f24b6,passkey-L32768-d10p0-t00-s42,9,0,0.09375,nan,7.0333336651629e-05,nan,151.5,nan
geo,32768,d83f24b6,passkey-L32768-d10p0-t00-s42,10,0,0.1875,nan,8.913494878015626e-05,nan,93.0,nan
geo,32768,d83f24b6,passkey-L32768-d10p0-t00-s42,11,1,0.0625,0.0,7.500768703039284e-05,7.723211456323043e-05,157.5,30.0
geo,32768,d83f24b6,passkey-L32768-d10p0-t00-s42,12,0,0.09375,nan,7.779468035096215e-05,nan,69.0,nan
geo,32768,d83f24b6,passkey-L32768-d10p0-t00-s42,13,5,0.15625,0.2,8.603751439295593e-05,7.875884548411705e-05,85.5,31.0
geo,32768,d83f24b6,passkey-L32768-d10p0-t00-s42,14,3,0.0625,0.0,8.026313531672713e-05,5.0608211798438184e-05,116.0,155.0
geo,32768,d83f24b6,passkey-L32768-d10p0-t00-s42,15,1,0.09375,0.0,0.00010325851286552279,0.00018086881027556956,125.0,106.0
geo,32768,d83f24b6,passkey-L32768-d10p0-t00-s42,16,1,0.0625,0.0,9.780282641713711e-05,3.8751903048250824e-05,115.5,196.0
geo,32768,d83f24b6,passkey-L32768-d10p0-t00-s42,17,4,0.3125,0.25,9.512417233281667e-05,9.016835974762216e-05,49.5,97.0
geo,32768,d83f24b6,passkey-L32768-d10p0-t00-s42,18,0,0.15625,nan,0.00011629527745071755,nan,113.0,nan
geo,32768,d83f24b6,passkey-L32768-d10p0-t00-s42,19,1,0.09375,0.0,9.961924459389593e-05,0.00022366232587955892,91.0,55.0
geo,32768,d83f24b6,passkey-L32768-d10p0-t00-s42,20,2,0.21875,0.0,0.00014629043539571285,0.00015227133553707972,45.5,87.0
geo,32768,d83f24b6,passkey-L32768-d10p0-t00-s42,21,1,0.1875,0.0,0.00010476376155565958,5.059187242295593e-05,102.5,102.0
geo,32768,d83f24b6,passkey-L32768-d10p0-t00-s42,22,1,0.1875,0.0,0.00013028627171252083,0.0002206597273470834,70.0,91.0
geo,32768,d83f24b6,passkey-L32768-d10p0-t00-s42,23,1,0.125,0.0,0.00019431825307947292,0.0002009193121921271,48.5,78.0
geo,32768,d83f24b6,passkey-L32768-d10p0-t00-s42,24,1,0.09375,0.0,0.00019769322352125585,5.702364433091134e-05,75.5,139.0
geo,32768,d83f24b6,passkey-L32768-d10p0-t00-s42,25,0,0.125,nan,0.000120317554824112,nan,76.5,nan
geo,32768,d83f24b6,passkey-L32768-d10p0-t00-s42,26,2,0.09375,0.0,9.836114045591593e-05,1.0627544710928305e-07,81.5,201.0
geo,32768,d83f24b6,passkey-L32768-d10p0-t00-s42,27,1,0.09375,1.0,0.00021386867878713488,0.0017592753283679485,103.0,13.0
geo,32768,d83f24b6,passkey-L32768-d10p0-t00-s42,28,1,0.09375,0.0,9.743502822369334e-05,2.644170672283508e-05,97.5,68.0
geo,32768,d83f24b6,passkey-L32768-d10p0-t00-s42,29,1,0.15625,0.0,0.00042940167936759754,0.00013449335529003292,62.5,94.0
geo,32768,d83f24b6,passkey-L32768-d10p0-t00-s42,30,4,0.1875,0.5,0.00020367779292686586,0.0008189264516431649,54.0,14.5
geo,32768,d83f24b6,passkey-L32768-d10p0-t00-s42,31,1,0.0,0.0,4.376888578379139e-05,0.000636263401247561,138.0,37.0
geo,32768,bd9e0fda,passkey-L32768-d10p0-t01-s42,0,0,0.0,nan,4.084318408815611e-05,nan,115.0,nan
geo,32768,bd9e0fda,passkey-L32768-d10p0-t01-s42,1,0,0.0,nan,1.4057505101305878e-05,nan,167.5,nan
geo,32768,bd9e0fda,passkey-L32768-d10p0-t01-s42,2,0,0.0,nan,9.734208992995264e-05,nan,115.5,nan
geo,32768,bd9e0fda,passkey-L32768-d10p0-t01-s42,3,0,0.1875,nan,0.00010111970345860755,nan,43.5,nan
geo,32768,bd9e0fda,passkey-L32768-d10p0-t01-s42,4,0,0.09375,nan,8.754836312618863e-05,nan,99.5,nan
geo,32768,bd9e0fda,passkey-L32768-d10p0-t01-s42,5,0,0.1875,nan,9.60503914484434e-05,nan,41.0,nan
geo,32768,bd9e0fda,passkey-L32768-d10p0-t01-s42,6,0,0.09375,nan,9.538538745346159e-05,nan,60.0,nan
geo,32768,bd9e0fda,passkey-L32768-d10p0-t01-s42,7,0,0.03125,nan,6.986552659782319e-05,nan,188.0,nan
geo,32768,bd9e0fda,passkey-L32768-d10p0-t01-s42,8,0,0.09375,nan,7.847707229302614e-05,nan,74.0,nan
geo,32768,bd9e0fda,passkey-L32768-d10p0-t01-s42,9,0,0.09375,nan,7.16264360249852e-05,nan,151.5,nan
geo,32768,bd9e0fda,passkey-L32768-d10p0-t01-s42,10,0,0.15625,nan,9.111221777402534e-05,nan,96.0,nan
geo,32768,bd9e0fda,passkey-L32768-d10p0-t01-s42,11,1,0.0625,0.0,7.69403514482292e-05,7.971786544658244e-05,153.0,30.0
geo,32768,bd9e0fda,passkey-L32768-d10p0-t01-s42,12,0,0.09375,nan,7.938730851719811e-05,nan,69.5,nan
geo,32768,bd9e0fda,passkey-L32768-d10p0-t01-s42,13,5,0.125,0.2,9.045543924912636e-05,8.184802645700983e-05,83.0,31.0
geo,32768,bd9e0fda,passkey-L32768-d10p0-t01-s42,14,3,0.0625,0.0,8.330859952820902e-05,5.544179536324615e-05,115.0,155.0
geo,32768,bd9e0fda,passkey-L32768-d10p0-t01-s42,15,1,0.09375,0.0,0.00010568550851530745,0.00018059708236251026,125.5,104.0
geo,32768,bd9e0fda,passkey-L32768-d10p0-t01-s42,16,1,0.0625,0.0,9.91556203757682e-05,3.68369001080282e-05,114.5,207.0
geo,32768,bd9e0fda,passkey-L32768-d10p0-t01-s42,17,4,0.28125,0.25,9.867846861766338e-05,0.00010189328895648941,50.5,96.0
geo,32768,bd9e0fda,passkey-L32768-d10p0-t01-s42,18,0,0.15625,nan,0.00012201603851735854,nan,113.0,nan
geo,32768,bd9e0fda,passkey-L32768-d10p0-t01-s42,19,1,0.09375,0.0,0.00010364526849571121,0.00023567606694996357,96.0,29.0
geo,32768,bd9e0fda,passkey-L32768-d10p0-t01-s42,20,2,0.25,0.0,0.00015447339114871284,0.00018647040269570425,46.0,87.0
geo,32768,bd9e0fda,passkey-L32768-d10p0-t01-s42,21,1,0.1875,0.0,0.00011239985309430267,5.352602602215484e-05,103.0,102.0
geo,32768,bd9e0fda,passkey-L32768-d10p0-t01-s42,22,1,0.1875,0.0,0.000127397282540187,0.00018956487474497408,70.5,101.0
geo,32768,bd9e0fda,passkey-L32768-d10p0-t01-s42,23,1,0.15625,1.0,0.0002115774793765013,0.00034687630250118673,41.0,1.0
geo,32768,bd9e0fda,passkey-L32768-d10p0-t01-s42,24,1,0.09375,0.0,0.00022630382162347473,6.51160444249399e-05,81.0,141.0
geo,32768,bd9e0fda,passkey-L32768-d10p0-t01-s42,25,0,0.125,nan,0.00012445982219411178,nan,75.0,nan
geo,32768,bd9e0fda,passkey-L32768-d10p0-t01-s42,26,2,0.09375,0.0,0.00010210015660216953,7.941006430201014e-08,72.5,207.0
geo,32768,bd9e0fda,passkey-L32768-d10p0-t01-s42,27,1,0.09375,0.0,0.00019103630727478407,0.0010120333172380924,107.0,30.0
geo,32768,bd9e0fda,passkey-L32768-d10p0-t01-s42,28,1,0.09375,0.0,0.0001014617106380744,6.285399285843596e-05,97.5,68.0
geo,32768,bd9e0fda,passkey-L32768-d10p0-t01-s42,29,1,0.15625,0.0,0.0004307751611223772,0.0003531979746185243,57.5,59.0
geo,32768,bd9e0fda,passkey-L32768-d10p0-t01-s42,30,4,0.1875,0.5,0.00021855241918056212,0.0009936711156797173,55.5,15.5
geo,32768,bd9e0fda,passkey-L32768-d10p0-t01-s42,31,1,0.03125,0.0,0.00017227925813556024,0.0010554712498560548,138.0,27.0
geo,32768,1d340df0,passkey-L32768-d25p0-t00-s42,0,0,0.0,nan,5.140598484812376e-06,nan,159.0,nan
geo,32768,1d340df0,passkey-L32768-d25p0-t00-s42,1,0,0.0,nan,1.5988739420436104e-05,nan,171.5,nan
geo,32768,1d340df0,passkey-L32768-d25p0-t00-s42,2,0,0.09375,nan,0.00011341413966192704,nan,95.0,nan
geo,32768,1d340df0,passkey-L32768-d25p0-t00-s42,3,0,0.125,nan,9.73104611148301e-05,nan,62.0,nan
geo,32768,1d340df0,passkey-L32768-d25p0-t00-s42,4,0,0.09375,nan,8.853497820382472e-05,nan,66.0,nan
geo,32768,1d340df0,passkey-L32768-d25p0-t00-s42,5,0,0.125,nan,8.545908099222288e-05,nan,110.0,nan
geo,32768,1d340df0,passkey-L32768-d25p0-t00-s42,6,0,0.125,nan,8.200771264910145e-05,nan,109.5,nan
geo,32768,1d340df0,passkey-L32768-d25p0-t00-s42,7,0,0.03125,nan,9.494475375504408e-05,nan,69.0,nan
geo,32768,1d340df0,passkey-L32768-d25p0-t00-s42,8,0,0.15625,nan,8.33680579717111e-05,nan,146.0,nan
geo,32768,1d340df0,passkey-L32768-d25p0-t00-s42,9,0,0.09375,nan,9.190939726977376e-05,nan,68.0,nan
geo,32768,1d340df0,passkey-L32768-d25p0-t00-s42,10,0,0.28125,nan,0.00010446810097164416,nan,54.5,nan
geo,32768,1d340df0,passkey-L32768-d25p0-t00-s42,11,1,0.125,0.0,8.412227145981888e-05,5.2737435908056796e-05,91.5,112.0
geo,32768,1d340df0,passkey-L32768-d25p0-t00-s42,12,0,0.03125,nan,9.923670029365894e-05,nan,78.5,nan
geo,32768,1d340df0,passkey-L32768-d25p0-t00-s42,13,5,0.1875,0.2,9.003199397739081e-05,8.70070987730287e-05,41.0,40.0
geo,32768,1d340df0,passkey-L32768-d25p0-t00-s42,14,3,0.03125,0.0,6.993828083068365e-05,5.450958754712095e-05,167.5,176.0
geo,32768,1d340df0,passkey-L32768-d25p0-t00-s42,15,1,0.15625,0.0,8.976485219136521e-05,0.0001368170924251899,103.0,70.0
geo,32768,1d340df0,passkey-L32768-d25p0-t00-s42,16,1,0.0625,0.0,0.00010623414220845007,7.454221486113966e-05,113.0,185.0
geo,32768,1d340df0,passkey-L32768-d25p0-t00-s42,17,4,0.1875,0.25,0.00010126707388735667,0.0001421934739482822,85.5,41.0
geo,32768,1d340df0,passkey-L32768-d25p0-t00-s42,18,0,0.1875,nan,0.00012197110288525437,nan,73.0,nan
geo,32768,1d340df0,passkey-L32768-d25p0-t00-s42,19,1,0.125,0.0,9.918355328863981e-05,0.00011302941857138649,81.5,170.0
geo,32768,1d340df0,passkey-L32768-d25p0-t00-s42,20,2,0.125,0.5,0.00011180275032529607,0.00013699024566449225,62.5,56.0
geo,32768,1d340df0,passkey-L32768-d25p0-t00-s42,21,1,0.09375,0.0,8.43633403064814e-05,0.00011077816452598199,113.5,37.0
geo,32768,1d340df0,passkey-L32768-d25p0-t00-s42,22,1,0.25,0.0,0.00012179823875158036,8.600824367022142e-05,67.0,155.0
geo,32768,1d340df0,passkey-L32768-d25p0-t00-s42,23,1,0.09375,1.0,0.0001152334494349816,0.0001935921172844246,107.0,9.0
geo,32768,1d340df0,passkey-L32768-d25p0-t00-s42,24,1,0.03125,0.0,0.0001443658071025311,0.0001912526204250753,67.5,57.0
geo,32768,1d340df0,passkey-L32768-d25p0-t00-s42,25,0,0.15625,nan,9.470492394036967e-05,nan,76.0,nan
geo,32768,1d340df0,passkey-L32768-d25p0-t00-s42,26,2,0.1875,0.0,0.00013147581123007512,8.866554708220065e-05,52.5,55.0
geo,32768,1d340df0,passkey-L32768-d25p0-t00-s42,27,1,0.09375,1.0,0.0001539634166749515,0.0008795847534202039,92.0,15.0
geo,32768,1d340df0,passkey-L32768-d25p0-t00-s42,28,1,0.09375,0.0,0.00012318346891829896,1.2931782293890137e-05,137.5,77.0
geo,32768,1d340df0,passkey-L32768-d25p0-t00-s42,29,1,0.0625,0.0,5.353594796653205e-05,3.9217360608745366e-05,84.5,68.0
geo,32768,1d340df0,passkey-L32768-d25p0-t00-s42,30,4,0.09375,0.0,0.00010928788433828274,0.00019986104325653287,67.5,48.0
geo,32768,1d340df0,passkey-L32768-d25p0-t00-s42,31,1,0.0625,1.0,0.000246327793884499,0.0065058134496212006,131.5,1.0
geo,32768,16714dd9,passkey-L32768-d25p0-t01-s42,0,0,0.0,nan,6.0241900828160325e-06,nan,159.0,nan
geo,32768,16714dd9,passkey-L32768-d25p0-t01-s42,1,0,0.0,nan,1.5836310192085534e-05,nan,171.5,nan
geo,32768,16714dd9,passkey-L32768-d25p0-t01-s42,2,0,0.09375,nan,0.00011598110086197266,nan,94.5,nan
geo,32768,16714dd9,passkey-L32768-d25p0-t01-s42,3,0,0.125,nan,9.558690248923085e-05,nan,60.0,nan
geo,32768,16714dd9,passkey-L32768-d25p0-t01-s42,4,0,0.09375,nan,8.937561779021053e-05,nan,65.5,nan
geo,32768,16714dd9,passkey-L32768-d25p0-t01-s42,5,0,0.125,nan,8.581295605836203e-05,nan,108.0,nan
geo,32768,16714dd9,passkey-L32768-d25p0-t01-s42,6,0,0.125,nan,8.244404693869001e-05,nan,108.5,nan
geo,32768,16714dd9,passkey-L32768-d25p0-t01-s42,7,0,0.03125,nan,9.557561384099245e-05,nan,67.5,nan
geo,32768,16714dd9,passkey-L32768-d25p0-t01-s42,8,0,0.15625,nan,8.371888088731794e-05,nan,148.0,nan
geo,32768,16714dd9,passkey-L32768-d25p0-t01-s42,9,0,0.09375,nan,9.213671614816121e-05,nan,69.5,nan
geo,32768,16714dd9,passkey-L32768-d25p0-t01-s42,10,0,0.25,nan,0.00010601701660561957,nan,51.0,nan
geo,32768,16714dd9,passkey-L32768-d25p0-t01-s42,11,1,0.125,0.0,8.493150471622357e-05,5.3886426030658185e-05,93.0,110.0
geo,32768,16714dd9,passkey-L32768-d25p0-t01-s42,12,0,0.03125,nan,0.00010049013508250937,nan,78.0,nan
geo,32768,16714dd9,passkey-L32768-d25p0-t01-s42,13,5,0.1875,0.2,9.090327034755319e-05,8.89134535100311e-05,41.5,41.0
geo,32768,16714dd9,passkey-L32768-d25p0-t01-s42,14,3,0.03125,0.0,6.982655764886658e-05,5.6605279193414994e-05,167.0,177.0
geo,32768,16714dd9,passkey-L32768-d25p0-t01-s42,15,1,0.125,0.0,8.918060120777227e-05,0.00014117920363787562,104.0,69.0
geo,32768,16714dd9,passkey-L32768-d25p0-t01-s42,16,1,0.0625,0.0,0.00010589522517534533,7.171565812313929e-05,112.5,185.0
geo,32768,16714dd9,passkey-L32768-d25p0-t01-s42,17,4,0.1875,0.25,0.00010221553651490467,0.00014671055396320298,84.0,41.0
geo,32768,16714dd9,passkey-L32768-d25p0-t01-s42,18,0,0.1875,nan,0.00012254111697984627,nan,73.0,nan
geo,32768,16714dd9,passkey-L32768-d25p0-t01-s42,19,1,0.125,0.0,0.00010041433347396378,0.000110120206954889,80.5,173.0
geo,32768,16714dd9,passkey-L32768-d25p0-t01-s42,20,2,0.125,0.5,0.0001105339101741265,0.00013203471462475136,62.5,56.5
geo,32768,16714dd9,passkey-L32768-d25p0-t01-s42,21,1,0.09375,0.0,8.402017363096093e-05,0.00010394932178314775,112.5,37.0
geo,32768,16714dd9,passkey-L32768-d25p0-t01-s42,22,1,0.25,0.0,0.00012349603912298335,9.571619739290327e-05,70.5,138.0
geo,32768,16714dd9,passkey-L32768-d25p0-t01-s42,23,1,0.09375,1.0,0.00011712974026067968,0.00020036401110701263,105.0,4.0
geo,32768,16714dd9,passkey-L32768-d25p0-t01-s42,24,1,0.03125,0.0,0.00014784696855940638,0.00014273311535362154,68.5,56.0
geo,32768,16714dd9,passkey-L32768-d25p0-t01-s42,25,0,0.15625,nan,8.716751605319928e-05,nan,76.0,nan
geo,32768,16714dd9,passkey-L32768-d25p0-t01-s42,26,2,0.1875,0.0,0.0001401402783045569,9.076484275283292e-05,52.0,53.5
geo,32768,16714dd9,passkey-L32768-d25p0-t01-s42,27,1,0.09375,1.0,0.0001546623211590159,0.000938824494369328,78.5,15.0
geo,32768,16714dd9,passkey-L32768-d25p0-t01-s42,28,1,0.09375,0.0,0.00011813434238867881,2.4511102310498245e-05,125.5,77.0
geo,32768,16714dd9,passkey-L32768-d25p0-t01-s42,29,1,0.0625,0.0,5.2900945694989154e-05,3.557110176188871e-05,88.5,63.0
geo,32768,16714dd9,passkey-L32768-d25p0-t01-s42,30,4,0.09375,0.0,0.00010578428061336353,0.00010413420505983595,69.0,48.0
geo,32768,16714dd9,passkey-L32768-d25p0-t01-s42,31,1,0.0625,1.0,0.00038320329758620723,0.0037935632281005383,131.5,1.0
geo,32768,5255756c,passkey-L32768-d50p0-t00-s42,0,0,0.0,nan,7.997846322091898e-05,nan,73.0,nan
geo,32768,5255756c,passkey-L32768-d50p0-t00-s42,1,0,0.15625,nan,0.00022940226292433863,nan,30.0,nan
geo,32768,5255756c,passkey-L32768-d50p0-t00-s42,2,0,0.03125,nan,5.658064225144699e-05,nan,155.0,nan
geo,32768,5255756c,passkey-L32768-d50p0-t00-s42,3,0,0.0,nan,7.085596610068023e-05,nan,181.5,nan
geo,32768,5255756c,passkey-L32768-d50p0-t00-s42,4,0,0.03125,nan,8.789506546236225e-05,nan,147.0,nan
geo,32768,5255756c,passkey-L32768-d50p0-t00-s42,5,0,0.09375,nan,8.417611411459802e-05,nan,163.0,nan
geo,32768,5255756c,passkey-L32768-d50p0-t00-s42,6,0,0.15625,nan,0.00010061870011668361,nan,107.5,nan
geo,32768,5255756c,passkey-L32768-d50p0-t00-s42,7,0,0.125,nan,0.00011356217748925701,nan,52.0,nan
geo,32768,5255756c,passkey-L32768-d50p0-t00-s42,8,0,0.125,nan,0.00011132670852020965,nan,79.0,nan
geo,32768,5255756c,passkey-L32768-d50p0-t00-s42,9,0,0.03125,nan,0.00010610873914629337,nan,81.5,nan
geo,32768,5255756c,passkey-L32768-d50p0-t00-s42,10,0,0.0625,nan,0.00010113945768353005,nan,113.5,nan
geo,32768,5255756c,passkey-L32768-d50p0-t00-s42,11,1,0.15625,0.0,0.0001047755390573002,9.051372762769461e-05,119.5,132.0
geo,32768,5255756c,passkey-L32768-d50p0-t00-s42,12,0,0.0,nan,0.00010590070189664402,nan,88.5,nan
geo,32768,5255756c,passkey-L32768-d50p0-t00-s42,13,5,0.0,0.0,8.218612833843508e-05,7.310421715374104e-05,141.5,158.0
geo,32768,5255756c,passkey-L32768-d50p0-t00-s42,14,3,0.0,0.0,9.948350896138436e-05,0.00010233492018111671,103.0,118.0
geo,32768,5255756c,passkey-L32768-d50p0-t00-s42,15,1,0.03125,0.0,0.0001101990890219895,0.00012901195441372693,98.0,67.0
geo,32768,5255756c,passkey-L32768-d50p0-t00-s42,16,1,0.125,1.0,0.00011113048356037325,0.00020630174549296498,81.5,7.0
geo,32768,5255756c,passkey-L32768-d50p0-t00-s42,17,4,0.09375,0.0,0.00012184300874196197,9.933246656146366e-05,111.5,157.0
geo,32768,5255756c,passkey-L32768-d50p0-t00-s42,18,0,0.0,nan,0.00010209228139501647,nan,92.0,nan
geo,32768,5255756c,passkey-L32768-d50p0-t00-s42,19,1,0.15625,1.0,0.0001285242738049419,0.00021568761439993978,69.0,7.0
geo,32768,5255756c,passkey-L32768-d50p0-t00-s42,20,2,0.0,0.0,8.218381390179275e-05,0.00010604986891848966,121.0,77.5
geo,32768,5255756c,passkey-L32768-d50p0-t00-s42,21,1,0.0625,0.0,0.00012220288556363812,7.789282244630158e-05,72.0,102.0
geo,32768,5255756c,passkey-L32768-d50p0-t00-s42,22,1,0.0625,1.0,0.00011627374806266744,0.0003014112589880824,117.0,2.0
geo,32768,5255756c,passkey-L32768-d50p0-t00-s42,23,1,0.0,0.0,8.881440635377658e-05,0.00018775445641949773,126.5,96.0
geo,32768,5255756c,passkey-L32768-d50p0-t00-s42,24,1,0.15625,0.0,0.00012416528835501595,0.00010589088924461976,124.5,53.0
geo,32768,5255756c,passkey-L32768-d50p0-t00-s42,25,0,0.125,nan,0.00014460173905206375,nan,83.5,nan
geo,32768,5255756c,passkey-L32768-d50p0-t00-s42,26,2,0.03125,0.0,0.00010625260733476694,0.00010141280654352158,110.5,44.0
geo,32768,5255756c,passkey-L32768-d50p0-t00-s42,27,1,0.125,0.0,0.0001488278295340706,0.00014615464897360653,97.5,164.0
geo,32768,5255756c,passkey-L32768-d50p0-t00-s42,28,1,0.09375,0.0,0.00015648301039306034,8.908111340133473e-05,70.5,57.0
geo,32768,5255756c,passkey-L32768-d50p0-t00-s42,29,1,0.0,0.0,4.867837811944886e-05,0.00011575587268453091,116.0,116.0
geo,32768,5255756c,passkey-L32768-d50p0-t00-s42,30,4,0.09375,0.0,0.00013755426431755202,7.687674115208765e-05,91.5,189.0
geo,32768,5255756c,passkey-L32768-d50p0-t00-s42,31,1,0.1875,0.0,0.00026762991199685897,5.27453885297291e-05,36.0,100.0
geo,32768,629c416b,passkey-L32768-d50p0-t01-s42,0,0,0.0,nan,7.172845826843314e-05,nan,76.0,nan
geo,32768,629c416b,passkey-L32768-d50p0-t01-s42,1,0,0.15625,nan,0.00023367933102491634,nan,30.0,nan
geo,32768,629c416b,passkey-L32768-d50p0-t01-s42,2,0,0.03125,nan,5.113406029977341e-05,nan,155.0,nan
geo,32768,629c416b,passkey-L32768-d50p0-t01-s42,3,0,0.0,nan,6.968045670419087e-05,nan,180.5,nan
geo,32768,629c416b,passkey-L32768-d50p0-t01-s42,4,0,0.03125,nan,8.80013280948333e-05,nan,142.5,nan
geo,32768,629c416b,passkey-L32768-d50p0-t01-s42,5,0,0.09375,nan,8.327790214934794e-05,nan,167.0,nan
geo,32768,629c416b,passkey-L32768-d50p0-t01-s42,6,0,0.15625,nan,0.00010103761383106757,nan,107.0,nan
geo,32768,629c416b,passkey-L32768-d50p0-t01-s42,7,0,0.125,nan,0.00011631722009042278,nan,48.5,nan
geo,32768,629c416b,passkey-L32768-d50p0-t01-s42,8,0,0.125,nan,0.00011294214391455171,nan,79.0,nan
geo,32768,629c416b,passkey-L32768-d50p0-t01-s42,9,0,0.03125,nan,0.00010554927462180785,nan,79.5,nan
geo,32768,629c416b,passkey-L32768-d50p0-t01-s42,10,0,0.0625,nan,9.761609931047133e-05,nan,112.0,nan
geo,32768,629c416b,passkey-L32768-d50p0-t01-s42,11,1,0.15625,0.0,0.00010161856471313513,8.787949627730995e-05,121.5,131.0
geo,32768,629c416b,passkey-L32768-d50p0-t01-s42,12,0,0.0,nan,0.00010625080346926552,nan,88.0,nan
geo,32768,629c416b,passkey-L32768-d50p0-t01-s42,13,5,0.0,0.0,7.768655768813915e-05,6.835553649580106e-05,138.5,155.0
geo,32768,629c416b,passkey-L32768-d50p0-t01-s42,14,3,0.0,0.0,9.546919613967475e-05,9.519546195709457e-05,101.0,115.0
geo,32768,629c416b,passkey-L32768-d50p0-t01-s42,15,1,0.03125,0.0,0.00010363043656980153,0.000119798380183056,97.0,67.0
geo,32768,629c416b,passkey-L32768-d50p0-t01-s42,16,1,0.125,1.0,0.00010583614425740961,0.00021030468633398414,81.0,7.0
geo,32768,629c416b,passkey-L32768-d50p0-t01-s42,17,4,0.09375,0.0,0.00012060565848059923,8.725908082851674e-05,111.5,156.5
geo,32768,629c416b,passkey-L32768-d50p0-t01-s42,18,0,0.0,nan,9.502616774170747e-05,nan,92.0,nan
geo,32768,629c416b,passkey-L32768-d50p0-t01-s42,19,1,0.15625,1.0,0.00012577066729591024,0.00022180608357302845,68.0,5.0
geo,32768,629c416b,passkey-L32768-d50p0-t01-s42,20,2,0.0,0.0,6.91894438205054e-05,8.866237476468086e-05,119.0,75.5
geo,32768,629c416b,passkey-L32768-d50p0-t01-s42,21,1,0.0625,0.0,0.00011565365252863558,8.134663221426308e-05,70.5,102.0
geo,32768,629c416b,passkey-L32768-d50p0-t01-s42,22,1,0.03125,1.0,0.00010174131591611513,0.0002770259161479771,114.5,3.0
geo,32768,629c416b,passkey-L32768-d50p0-t01-s42,23,1,0.0,0.0,7.518448731502758e-05,0.00015189198893494904,125.5,102.0
geo,32768,629c416b,passkey-L32768-d50p0-t01-s42,24,1,0.15625,0.0,0.00011351223432143343,0.0001337827561656013,124.5,53.0
geo,32768,629c416b,passkey-L32768-d50p0-t01-s42,25,0,0.09375,nan,0.00014112713432723467,nan,84.5,nan
geo,32768,629c416b,passkey-L32768-d50p0-t01-s42,26,2,0.03125,0.0,0.00011382616992960948,0.00011392735905246809,110.0,44.0
geo,32768,629c416b,passkey-L32768-d50p0-t01-s42,27,1,0.125,0.0,0.0001461295804503493,0.0001699555286904797,99.5,163.0
geo,32768,629c416b,passkey-L32768-d50p0-t01-s42,28,1,0.0625,0.0,0.00014140164731202276,5.350413266569376e-05,78.0,57.0
geo,32768,629c416b,passkey-L32768-d50p0-t01-s42,29,1,0.0,0.0,6.008070430774115e-05,0.0001299266587011516,116.0,116.0
geo,32768,629c416b,passkey-L32768-d50p0-t01-s42,30,4,0.125,0.0,0.00023073340136137155,1.6486609960786325e-05,91.0,189.0
geo,32768,629c416b,passkey-L32768-d50p0-t01-s42,31,1,0.1875,0.0,0.0002133062433725145,6.0653313994407654e-05,35.5,99.0
geo,32768,a3b651b8,passkey-L32768-d75p0-t00-s42,0,0,0.0,nan,9.039623165676699e-07,nan,155.0,nan
geo,32768,a3b651b8,passkey-L32768-d75p0-t00-s42,1,0,0.0,nan,4.954742061365203e-06,nan,204.5,nan
geo,32768,a3b651b8,passkey-L32768-d75p0-t00-s42,2,0,0.0,nan,0.00010648048430539347,nan,114.5,nan
geo,32768,a3b651b8,passkey-L32768-d75p0-t00-s42,3,0,0.0625,nan,0.00012854121200689406,nan,74.5,nan
geo,32768,a3b651b8,passkey-L32768-d75p0-t00-s42,4,0,0.125,nan,0.00011339483444317011,nan,63.0,nan
geo,32768,a3b651b8,passkey-L32768-d75p0-t00-s42,5,0,0.21875,nan,0.00010830074461409822,nan,101.0,nan
geo,32768,a3b651b8,passkey-L32768-d75p0-t00-s42,6,0,0.0625,nan,9.604921501704666e-05,nan,154.5,nan
geo,32768,a3b651b8,passkey-L32768-d75p0-t00-s42,7,0,0.03125,nan,9.290925777349912e-05,nan,144.0,nan
geo,32768,a3b651b8,passkey-L32768-d75p0-t00-s42,8,0,0.0,nan,9.257661542960705e-05,nan,136.0,nan
geo,32768,a3b651b8,passkey-L32768-d75p0-t00-s42,9,0,0.0,nan,9.254736369257444e-05,nan,128.5,nan
geo,32768,a3b651b8,passkey-L32768-d75p0-t00-s42,10,0,0.03125,nan,8.883271993909148e-05,nan,168.5,nan
geo,32768,a3b651b8,passkey-L32768-d75p0-t00-s42,11,1,0.0,0.0,8.352453630777745e-05,7.489155541406944e-05,176.5,233.0
geo,32768,a3b651b8,passkey-L32768-d75p0-t00-s42,12,0,0.0,nan,7.84616401006133e-05,nan,174.0,nan
geo,32768,a3b651b8,passkey-L32768-d75p0-t00-s42,13,5,0.03125,0.0,0.00010001759449096426,9.263183601433411e-05,130.5,117.0
geo,32768,a3b651b8,passkey-L32768-d75p0-t00-s42,14,3,0.0,0.0,8.66823677370121e-05,0.00011044501055342455,157.5,85.0
geo,32768,a3b651b8,passkey-L32768-d75p0-t00-s42,15,1,0.0,0.0,8.422161238286208e-05,8.279569010483101e-05,147.5,113.0
geo,32768,a3b651b8,passkey-L32768-d75p0-t00-s42,16,1,0.0,0.0,7.708001101036643e-05,6.924882472958416e-05,137.0,164.0
geo,32768,a3b651b8,passkey-L32768-d75p0-t00-s42,17,4,0.0,0.0,6.9680319654708e-05,7.318692678381922e-05,174.5,151.5
geo,32768,a3b651b8,passkey-L32768-d75p0-t00-s42,18,0,0.0,nan,8.088985157428397e-05,nan,133.0,nan
geo,32768,a3b651b8,passkey-L32768-d75p0-t00-s42,19,1,0.0,0.0,7.398278319215024e-05,8.530525519745424e-05,156.5,207.0
geo,32768,a3b651b8,passkey-L32768-d75p0-t00-s42,20,2,0.03125,0.0,7.735975435707587e-05,9.96443814074155e-05,137.5,120.0
geo,32768,a3b651b8,passkey-L32768-d75p0-t00-s42,21,1,0.03125,0.0,7.548158421855078e-05,3.495361306704581e-05,152.5,216.0
geo,32768,a3b651b8,passkey-L32768-d75p0-t00-s42,22,1,0.03125,0.0,7.23432229960963e-05,6.909876537974924e-05,140.0,134.0
geo,32768,a3b651b8,passkey-L32768-d75p0-t00-s42,23,1,0.0,0.0,5.605595009683384e-05,0.0001527455315226689,158.5,53.0
geo,32768,a3b651b8,passkey-L32768-d75p0-t00-s42,24,1,0.0,0.0,5.4580308926688303e-05,0.00012731750030070543,155.0,120.0
geo,32768,a3b651b8,passkey-L32768-d75p0-t00-s42,25,0,0.0,nan,2.7297400151837792e-05,nan,173.0,nan
geo,32768,a3b651b8,passkey-L32768-d75p0-t00-s42,26,2,0.03125,0.0,4.108177696870996e-05,1.430093533372201e-06,168.5,192.5
geo,32768,a3b651b8,passkey-L32768-d75p0-t00-s42,27,1,0.09375,0.0,9.243386821822241e-05,0.0003489348746370524,158.0,27.0
geo,32768,a3b651b8,passkey-L32768-d75p0-t00-s42,28,1,0.0,0.0,5.938827853091411e-05,4.907148104393855e-05,123.5,70.0
geo,32768,a3b651b8,passkey-L32768-d75p0-t00-s42,29,1,0.0,0.0,3.909582695989233e-05,0.00025191568420268595,165.5,35.0
geo,32768,a3b651b8,passkey-L32768-d75p0-t00-s42,30,4,0.0,0.0,3.1201636677025135e-05,1.9915633686196088e-05,156.0,100.0
geo,32768,a3b651b8,passkey-L32768-d75p0-t00-s42,31,1,0.0,0.0,1.341125679759565e-05,0.0003635149041656405,172.0,52.0
geo,32768,fe22994b,passkey-L32768-d75p0-t01-s42,0,0,0.0,nan,9.732585824317494e-07,nan,155.0,nan
geo,32768,fe22994b,passkey-L32768-d75p0-t01-s42,1,0,0.0,nan,5.442667863217454e-06,nan,204.5,nan
geo,32768,fe22994b,passkey-L32768-d75p0-t01-s42,2,0,0.0,nan,0.00013448567528939748,nan,112.5,nan
geo,32768,fe22994b,passkey-L32768-d75p0-t01-s42,3,0,0.0625,nan,0.00014597592303289275,nan,74.0,nan
geo,32768,fe22994b,passkey-L32768-d75p0-t01-s42,4,0,0.125,nan,0.00011814282720479241,nan,63.5,nan
geo,32768,fe22994b,passkey-L32768-d75p0-t01-s42,5,0,0.21875,nan,0.00011150677573823486,nan,102.0,nan
geo,32768,fe22994b,passkey-L32768-d75p0-t01-s42,6,0,0.0625,nan,9.685520376478962e-05,nan,156.5,nan
geo,32768,fe22994b,passkey-L32768-d75p0-t01-s42,7,0,0.03125,nan,9.278664356315858e-05,nan,145.0,nan
geo,32768,fe22994b,passkey-L32768-d75p0-t01-s42,8,0,0.0,nan,9.26463280848111e-05,nan,138.5,nan
geo,32768,fe22994b,passkey-L32768-d75p0-t01-s42,9,0,0.0,nan,9.295206359638541e-05,nan,129.0,nan
geo,32768,fe22994b,passkey-L32768-d75p0-t01-s42,10,0,0.03125,nan,8.929740567964473e-05,nan,166.0,nan
geo,32768,fe22994b,passkey-L32768-d75p0-t01-s42,11,1,0.0,0.0,8.345165269929566e-05,7.64409196563065e-05,177.5,232.0
geo,32768,fe22994b,passkey-L32768-d75p0-t01-s42,12,0,0.0,nan,7.855929936795292e-05,nan,173.5,nan
geo,32768,fe22994b,passkey-L32768-d75p0-t01-s42,13,5,0.03125,0.0,0.00010122820003743982,9.396445675520226e-05,130.0,115.0
geo,32768,fe22994b,passkey-L32768-d75p0-t01-s42,14,3,0.0,0.0,8.58407076975709e-05,0.00011028324176246922,157.5,85.0
geo,32768,fe22994b,passkey-L32768-d75p0-t01-s42,15,1,0.0,0.0,8.4276338611744e-05,7.881163037382066e-05,146.5,113.0
geo,32768,fe22994b,passkey-L32768-d75p0-t01-s42,16,1,0.0,0.0,7.696522754940816e-05,6.813732034061104e-05,136.0,164.0
geo,32768,fe22994b,passkey-L32768-d75p0-t01-s42,17,4,0.0,0.0,6.999094830462127e-05,7.479495889128884e-05,175.5,151.0
geo,32768,fe22994b,passkey-L32768-d75p0-t01-s42,18,0,0.0,nan,8.19544139858408e-05,nan,131.0,nan
geo,32768,fe22994b,passkey-L32768-d75p0-t01-s42,19,1,0.0,0.0,7.363846941643715e-05,8.545837044948712e-05,152.5,205.0
geo,32768,fe22994b,passkey-L32768-d75p0-t01-s42,20,2,0.03125,0.0,7.776186328101176e-05,0.00010215876318397932,137.0,118.0
geo,32768,fe22994b,passkey-L32768-d75p0-t01-s42,21,1,0.03125,0.0,7.520517974057839e-05,3.424782335059717e-05,153.0,216.0
geo,32768,fe22994b,passkey-L32768-d75p0-t01-s42,22,1,0.03125,0.0,6.990544625296025e-05,6.636316538788378e-05,142.5,134.0
geo,32768,fe22994b,passkey-L32768-d75p0-t01-s42,23,1,0.0,0.0,5.794252163582314e-05,0.0001739726576488465,157.5,40.0
geo,32768,fe22994b,passkey-L32768-d75p0-t01-s42,24,1,0.0,0.0,5.180264437854021e-05,9.102486365009099e-05,156.0,159.0
geo,32768,fe22994b,passkey-L32768-d75p0-t01-s42,25,0,0.0,nan,2.6598543325206947e-05,nan,173.0,nan
geo,32768,fe22994b,passkey-L32768-d75p0-t01-s42,26,2,0.0,0.0,3.962144191405059e-05,1.4410128414965584e-06,168.5,192.0
geo,32768,fe22994b,passkey-L32768-d75p0-t01-s42,27,1,0.09375,0.0,8.156626229016695e-05,0.0003917526046279818,158.0,21.0
geo,32768,fe22994b,passkey-L32768-d75p0-t01-s42,28,1,0.0,0.0,6.093696130782256e-05,4.0832550439517945e-05,121.5,70.0
geo,32768,fe22994b,passkey-L32768-d75p0-t01-s42,29,1,0.0,0.0,4.475290494791728e-05,0.0003042378230020404,164.5,35.0
geo,32768,fe22994b,passkey-L32768-d75p0-t01-s42,30,4,0.0,0.0,2.8968163047760065e-05,1.5006991873178777e-05,157.0,100.0
geo,32768,fe22994b,passkey-L32768-d75p0-t01-s42,31,1,0.0,0.0,1.3714650551149583e-05,0.0004034707963000983,172.0,66.0
geo,32768,14506066,passkey-L32768-d90p0-t00-s42,0,0,0.0,nan,4.0956587919659626e-07,nan,207.0,nan
geo,32768,14506066,passkey-L32768-d90p0-t00-s42,1,0,0.0,nan,4.311171761306465e-06,nan,211.0,nan
geo,32768,14506066,passkey-L32768-d90p0-t00-s42,2,0,0.0625,nan,4.388462809856719e-05,nan,66.5,nan
geo,32768,14506066,passkey-L32768-d90p0-t00-s42,3,0,0.0,nan,6.94556759981424e-05,nan,113.5,nan
geo,32768,14506066,passkey-L32768-d90p0-t00-s42,4,0,0.0,nan,8.15567980225751e-05,nan,107.0,nan
geo,32768,14506066,passkey-L32768-d90p0-t00-s42,5,0,0.0625,nan,8.076655819877487e-05,nan,87.5,nan
geo,32768,14506066,passkey-L32768-d90p0-t00-s42,6,0,0.03125,nan,8.813447789179918e-05,nan,110.0,nan
geo,32768,14506066,passkey-L32768-d90p0-t00-s42,7,0,0.125,nan,9.233616037818138e-05,nan,134.5,nan
geo,32768,14506066,passkey-L32768-d90p0-t00-s42,8,0,0.125,nan,9.348772414341511e-05,nan,103.5,nan
geo,32768,14506066,passkey-L32768-d90p0-t00-s42,9,0,0.0625,nan,9.505904631623707e-05,nan,100.0,nan
geo,32768,14506066,passkey-L32768-d90p0-t00-s42,10,0,0.0,nan,9.417645128451113e-05,nan,134.0,nan
geo,32768,14506066,passkey-L32768-d90p0-t00-s42,11,1,0.0625,0.0,9.570034967509855e-05,8.322847861563787e-05,121.0,200.0
geo,32768,14506066,passkey-L32768-d90p0-t00-s42,12,0,0.0625,nan,8.415297054398252e-05,nan,163.0,nan
geo,32768,14506066,passkey-L32768-d90p0-t00-s42,13,5,0.125,0.0,9.908064691899199e-05,0.00010256848618155346,62.5,49.0
geo,32768,14506066,passkey-L32768-d90p0-t00-s42,14,3,0.09375,0.0,0.00010188874875893816,0.00010278415963208924,89.0,61.0
geo,32768,14506066,passkey-L32768-d90p0-t00-s42,15,1,0.25,0.0,0.00011613239507823891,0.00012414462980814278,63.5,48.0
geo,32768,14506066,passkey-L32768-d90p0-t00-s42,16,1,0.15625,0.0,0.0001065065998773207,8.592249650973827e-05,122.5,113.0
geo,32768,14506066,passkey-L32768-d90p0-t00-s42,17,4,0.125,0.5,0.00010041176653885486,0.00012168400644441135,125.5,65.0
geo,32768,14506066,passkey-L32768-d90p0-t00-s42,18,0,0.25,nan,0.00012386786829665652,nan,50.0,nan
geo,32768,14506066,passkey-L32768-d90p0-t00-s42,19,1,0.15625,0.0,0.00010639613401508541,0.00011484647984616458,82.5,38.0
geo,32768,14506066,passkey-L32768-d90p0-t00-s42,20,2,0.15625,0.5,0.0001204266108061347,0.0001767332578310743,76.5,20.0
geo,32768,14506066,passkey-L32768-d90p0-t00-s42,21,1,0.15625,0.0,0.00011230777010950987,7.800397725077346e-05,63.5,167.0
geo,32768,14506066,passkey-L32768-d90p0-t00-s42,22,1,0.125,0.0,0.00012450544227249338,0.00017713935812935233,64.5,35.0
geo,32768,14506066,passkey-L32768-d90p0-t00-s42,23,1,0.0625,0.0,0.00011241264223826875,0.00014603749150410295,62.0,60.0
geo,32768,14506066,passkey-L32768-d90p0-t00-s42,24,1,0.1875,0.0,0.00012682593376212026,0.00013149699952919036,73.5,152.0
geo,32768,14506066,passkey-L32768-d90p0-t00-s42,25,0,0.15625,nan,9.814402133656586e-05,nan,122.0,nan
geo,32768,14506066,passkey-L32768-d90p0-t00-s42,26,2,0.125,0.0,9.305333823306228e-05,1.2945457910973346e-05,100.0,114.0
geo,32768,14506066,passkey-L32768-d90p0-t00-s42,27,1,0.28125,0.0,0.00015033529805918988,0.00021273220772854984,90.5,97.0
geo,32768,14506066,passkey-L32768-d90p0-t00-s42,28,1,0.03125,0.0,8.255359742470603e-05,0.00017316326557192951,106.5,86.0
geo,32768,14506066,passkey-L32768-d90p0-t00-s42,29,1,0.1875,0.0,8.734751428379761e-05,0.0002594910329207778,105.5,34.0
geo,32768,14506066,passkey-L32768-d90p0-t00-s42,30,4,0.09375,0.25,5.548335780858338e-05,5.899107645745971e-05,98.5,65.5
geo,32768,14506066,passkey-L32768-d90p0-t00-s42,31,1,0.0625,1.0,6.666667709153556e-05,0.0006022746674716473,126.5,7.0
geo,32768,a62680ac,passkey-L32768-d90p0-t01-s42,0,0,0.0,nan,4.033302075644051e-07,nan,207.0,nan
geo,32768,a62680ac,passkey-L32768-d90p0-t01-s42,1,0,0.0,nan,3.2157391020581905e-06,nan,211.0,nan
geo,32768,a62680ac,passkey-L32768-d90p0-t01-s42,2,0,0.0625,nan,4.4395439857680685e-05,nan,66.5,nan
geo,32768,a62680ac,passkey-L32768-d90p0-t01-s42,3,0,0.0,nan,7.088983898029255e-05,nan,113.5,nan
geo,32768,a62680ac,passkey-L32768-d90p0-t01-s42,4,0,0.0,nan,8.349820518560591e-05,nan,107.5,nan
geo,32768,a62680ac,passkey-L32768-d90p0-t01-s42,5,0,0.0625,nan,8.329152092301229e-05,nan,87.5,nan
geo,32768,a62680ac,passkey-L32768-d90p0-t01-s42,6,0,0.03125,nan,8.985410295281326e-05,nan,110.0,nan
geo,32768,a62680ac,passkey-L32768-d90p0-t01-s42,7,0,0.09375,nan,9.297919154960255e-05,nan,134.0,nan
geo,32768,a62680ac,passkey-L32768-d90p0-t01-s42,8,0,0.125,nan,9.584339613866177e-05,nan,102.5,nan
geo,32768,a62680ac,passkey-L32768-d90p0-t01-s42,9,0,0.0625,nan,9.562914374328102e-05,nan,101.5,nan
geo,32768,a62680ac,passkey-L32768-d90p0-t01-s42,10,0,0.0,nan,9.48384979437833e-05,nan,133.0,nan
geo,32768,a62680ac,passkey-L32768-d90p0-t01-s42,11,1,0.0625,0.0,9.482706332164526e-05,8.486497972626239e-05,121.0,200.0
geo,32768,a62680ac,passkey-L32768-d90p0-t01-s42,12,0,0.0625,nan,7.980660336670553e-05,nan,163.0,nan
geo,32768,a62680ac,passkey-L32768-d90p0-t01-s42,13,5,0.125,0.0,0.00010139326229818835,0.00010503562371013686,61.5,49.0
geo,32768,a62680ac,passkey-L32768-d90p0-t01-s42,14,3,0.09375,0.0,9.980853178603866e-05,0.00010010838983968522,92.5,63.0
geo,32768,a62680ac,passkey-L32768-d90p0-t01-s42,15,1,0.25,0.0,0.000112341327167087,0.00010455702431499958,63.5,46.0
geo,32768,a62680ac,passkey-L32768-d90p0-t01-s42,16,1,0.15625,0.0,9.393542700308899e-05,7.046082464512438e-05,121.5,113.0
geo,32768,a62680ac,passkey-L32768-d90p0-t01-s42,17,4,0.125,0.5,8.94533973223588e-05,0.00010484488120710012,125.0,65.0
geo,32768,a62680ac,passkey-L32768-d90p0-t01-s42,18,0,0.25,nan,0.00011330760230521264,nan,50.0,nan
geo,32768,a62680ac,passkey-L32768-d90p0-t01-s42,19,1,0.15625,0.0,9.796596839350968e-05,0.00010819424642249942,85.5,40.0
geo,32768,a62680ac,passkey-L32768-d90p0-t01-s42,20,2,0.15625,0.5,9.232333081854449e-05,0.00014065092545934021,76.5,20.0
geo,32768,a62680ac,passkey-L32768-d90p0-t01-s42,21,1,0.15625,0.0,9.84226130924526e-05,7.542308594565839e-05,64.0,167.0
geo,32768,a62680ac,passkey-L32768-d90p0-t01-s42,22,1,0.125,0.0,0.00010440984124215902,0.00017675789422355592,63.5,34.0
geo,32768,a62680ac,passkey-L32768-d90p0-t01-s42,23,1,0.0625,0.0,7.771100109721374e-05,0.00011619039287324995,62.0,60.0
geo,32768,a62680ac,passkey-L32768-d90p0-t01-s42,24,1,0.1875,0.0,7.572523642807027e-05,0.00014742411440238357,72.0,111.0
geo,32768,a62680ac,passkey-L32768-d90p0-t01-s42,25,0,0.15625,nan,5.363465570340509e-05,nan,119.0,nan
geo,32768,a62680ac,passkey-L32768-d90p0-t01-s42,26,2,0.125,0.0,4.017295278657684e-05,2.5314998310932424e-06,100.0,114.0
geo,32768,a62680ac,passkey-L32768-d90p0-t01-s42,27,1,0.28125,0.0,5.8995328766409116e-05,0.0001170201285276562,90.0,95.0
geo,32768,a62680ac,passkey-L32768-d90p0-t01-s42,28,1,0.03125,0.0,2.6609585213499543e-05,7.989195000845939e-05,106.5,86.0
geo,32768,a62680ac,passkey-L32768-d90p0-t01-s42,29,1,0.1875,0.0,2.8873191806361165e-05,0.00020131099154241383,105.0,34.0
geo,32768,a62680ac,passkey-L32768-d90p0-t01-s42,30,4,0.09375,0.25,2.5320032472575527e-05,4.9636082167126006e-05,99.0,65.5
geo,32768,a62680ac,passkey-L32768-d90p0-t01-s42,31,1,0.0625,1.0,3.684900380015142e-05,0.0007510337163694203,126.0,7.0
