{
  "E_uniform_min": 0.4850909604002356,
  "E_powerlaw_min": 0.47894348483647775,
  "E_bimodal_lambda0.5_min": 0.08381470005301472,
  "rho_uniform_mid_mean": 1.0001897860461286,
  "rho_powerlaw_mid_mean": 0.9778586863284728,
  "rho_bimodal_mid_mean": 0.770506168035441,
  "rho_bimodal_mid_over_powerlaw": 0.7879524708508036,
  "delta_short": 8.0,
  "delta_long": 117964.8
}