{
  "timestamp": "2026-02-14T21:07:01.962987",
  "model_path": "/root/autodl-tmp/dfrope/hybrid-rope/results/train_freq_comparison/700m_orig_20260214_140024/model",
  "data_dir": "/root/autodl-tmp/wikitext_data",
  "total_params": 1160532480,
  "train_samples": 64,
  "eval_samples": 16,
  "max_steps": 20,
  "batch_size": 2,
  "gradient_accumulation_steps": 1,
  "pre_training": {
    "loss": 12.061489462852478,
    "ppl": 173076.58490803628
  },
  "post_training": {
    "loss": 11.855170488357544,
    "ppl": 140810.52739726522
  },
  "improvement": {
    "loss_drop": 0.20631897449493408,
    "loss_drop_percent": 1.7105596711779636,
    "ppl_ratio": 1.2291452074441824,
    "improved": true
  },
  "trainer": {
    "train_runtime": 9.3031,
    "train_loss": 11.917388582229615,
    "train_steps_per_second": 2.15
  }
}