{
  "ts": "2026-02-12_084844",
  "name": "geo_200k",
  "group": "theta_scaling",
  "rope": {
    "kind": "standard",
    "theta": 200000.0
  },
  "data": {
    "dataset": "roneneldan/TinyStories",
    "tokenizer": "EleutherAI/pythia-70m",
    "train_tokens": 50000000,
    "val_tokens": 2500000,
    "seq_len": 2048,
    "seed": 42
  },
  "train": {
    "total_steps": 382,
    "full_steps": 382,
    "micro_batch": 64,
    "grad_accum": 1,
    "effective_batch": 64,
    "loss_curve": [
      {
        "step": 100,
        "loss": 4.350776672363281
      },
      {
        "step": 200,
        "loss": 3.3439552783966064
      },
      {
        "step": 300,
        "loss": 3.0101146697998047
      },
      {
        "step": 382,
        "loss": 2.9987118244171143
      }
    ],
    "checkpoint": "/opt/dfrope/results/h800_parallel/variants/geo_200k/geo_200k_model.pt"
  },
  "ppl": {
    "2048": {
      "mean": 17.57654887073768,
      "std": 2.153782543500803,
      "n_chunks": 5
    },
    "16384": {
      "mean": 29.879500651935246,
      "std": 2.8722312867995745,
      "n_chunks": 5
    }
  }
}