{
  "metadata": {
    "experiment": "video_temporal_extrapolation",
    "taus": [
      0.0,
      2.0,
      4.0
    ],
    "seeds": [
      42,
      137
    ],
    "base": 10000.0,
    "train_frames": 16,
    "patches_per_frame": 16,
    "train_L": 256,
    "eval_frames": [
      16,
      32,
      48,
      64,
      96,
      128
    ],
    "tau_star_theory": 2.0,
    "freq_split": {
      "K_h": 12,
      "K_w": 12,
      "K_t": 8
    },
    "model_config": {
      "vocab_size": 256,
      "hidden_size": 384,
      "num_layers": 6,
      "num_heads": 6,
      "head_dim": 64,
      "intermediate_size": 1536
    },
    "device": "mps",
    "dtype": "torch.float32",
    "total_time_min": 303.9,
    "finished": "2026-03-05 21:32:13"
  },
  "experiments": {
    "tau0.0_seed42": {
      "tau": 0.0,
      "seed": 42,
      "ppl_raw": {
        "16f": 1.844,
        "32f": 3.194,
        "48f": 6.225,
        "64f": 8.837,
        "96f": 11.375,
        "128f": 14.804
      },
      "ppl_yarn": {
        "yarn_16f": 1.844,
        "yarn_32f": 3.19,
        "yarn_48f": 6.202,
        "yarn_64f": 8.804,
        "yarn_96f": 11.355,
        "yarn_128f": 14.8
      },
      "train_time_sec": 3064.1,
      "eval_time_sec": 4.7,
      "inv_freq_t_max": 0.56234133,
      "inv_freq_t_min": 0.00017783
    },
    "tau0.0_seed137": {
      "tau": 0.0,
      "seed": 137,
      "ppl_raw": {
        "16f": 1.832,
        "32f": 3.305,
        "48f": 5.935,
        "64f": 7.513,
        "96f": 13.051,
        "128f": 15.202
      },
      "ppl_yarn": {
        "yarn_16f": 1.832,
        "yarn_32f": 3.28,
        "yarn_48f": 5.829,
        "yarn_64f": 7.39,
        "yarn_96f": 12.845,
        "yarn_128f": 15.004
      },
      "train_time_sec": 3060.8,
      "eval_time_sec": 6.2,
      "inv_freq_t_max": 0.56234133,
      "inv_freq_t_min": 0.00017783
    },
    "tau2.0_seed42": {
      "tau": 2.0,
      "seed": 42,
      "ppl_raw": {
        "16f": 1.897,
        "32f": 3.019,
        "48f": 5.389,
        "64f": 7.164,
        "96f": 10.001,
        "128f": 12.113
      },
      "ppl_yarn": {
        "yarn_16f": 1.897,
        "yarn_32f": 2.81,
        "yarn_48f": 4.911,
        "yarn_64f": 6.404,
        "yarn_96f": 9.529,
        "yarn_128f": 11.718
      },
      "train_time_sec": 2982.8,
      "eval_time_sec": 4.2,
      "inv_freq_t_max": 0.75138247,
      "inv_freq_t_min": 0.00028155
    },
    "tau2.0_seed137": {
      "tau": 2.0,
      "seed": 137,
      "ppl_raw": {
        "16f": 1.825,
        "32f": 3.67,
        "48f": 6.439,
        "64f": 8.637,
        "96f": 12.397,
        "128f": 14.79
      },
      "ppl_yarn": {
        "yarn_16f": 1.825,
        "yarn_32f": 3.328,
        "yarn_48f": 5.683,
        "yarn_64f": 7.698,
        "yarn_96f": 12.042,
        "yarn_128f": 13.957
      },
      "train_time_sec": 3072.6,
      "eval_time_sec": 4.3,
      "inv_freq_t_max": 0.75138247,
      "inv_freq_t_min": 0.00028155
    },
    "tau4.0_seed42": {
      "tau": 4.0,
      "seed": 42,
      "ppl_raw": {
        "16f": 1.919,
        "32f": 3.247,
        "48f": 6.286,
        "64f": 8.713,
        "96f": 11.875,
        "128f": 15.658
      },
      "ppl_yarn": {
        "yarn_16f": 1.919,
        "yarn_32f": 2.413,
        "yarn_48f": 3.381,
        "yarn_64f": 4.379,
        "yarn_96f": 6.264,
        "yarn_128f": 8.257
      },
      "train_time_sec": 3035.2,
      "eval_time_sec": 4.3,
      "inv_freq_t_max": 0.86200082,
      "inv_freq_t_min": 0.00201218
    },
    "tau4.0_seed137": {
      "tau": 4.0,
      "seed": 137,
      "ppl_raw": {
        "16f": 1.756,
        "32f": 2.957,
        "48f": 5.138,
        "64f": 7.507,
        "96f": 11.107,
        "128f": 14.335
      },
      "ppl_yarn": {
        "yarn_16f": 1.756,
        "yarn_32f": 2.334,
        "yarn_48f": 3.24,
        "yarn_64f": 4.218,
        "yarn_96f": 6.179,
        "yarn_128f": 7.485
      },
      "train_time_sec": 2985.4,
      "eval_time_sec": 4.3,
      "inv_freq_t_max": 0.86200082,
      "inv_freq_t_min": 0.00201218
    }
  }
}