{
  "k_model": {
    "name": "M0",
    "n_params": 1,
    "ok": true,
    "params": {
      "c": 16.044698412786257
    },
    "stderr": {
      "c": 0.10460793937481017
    },
    "r2": 0.9966458261059005,
    "aic": -141.7916677374171,
    "bic": -140.90129597952094,
    "mae": 0.003835978836093224,
    "max_rel_error_pct": 6.455816156796549,
    "message": "ok"
  },
  "x0_model": {
    "name": "X2",
    "n_params": 2,
    "ok": true,
    "params": {
      "c1": 0.4659334862694559,
      "c2": 0.1852817629024894
    },
    "stderr": {
      "c1": 0.0031489010790592114,
      "c2": 0.05268693133184043
    },
    "r2": 0.9992324034432464,
    "aic": 56.11789861863185,
    "bic": 57.89864213442418,
    "mae": 0.882850272799818,
    "max_rel_error_pct": 3.664683813625227,
    "message": "ok"
  },
  "k_formula_latex": "k = 16.0447 \\cdot d^{-1}",
  "x0_formula_latex": "x_0 = 0.4659 \\cdot d + 0.1853\\ln L",
  "impr_formula_avg": 53.70817356737079,
  "impr_formula_min": 41.572056914075674,
  "impr_formula_max": 65.50386098529991,
  "impr_opt_avg": 54.81495506967708,
  "impr_opt_min": 43.62176315365367,
  "impr_opt_max": 65.95126576661843,
  "formula_vs_opt_gap_avg": 1.1067815023062841,
  "k_good_min": 0.06399999999999995,
  "k_good_max": 0.24816326530612223,
  "x0_good_min": 37.289795918367346,
  "x0_good_max": 60.8,
  "sensitivity": {
    "d": 128,
    "L": 131072,
    "k_opt": 0.1279999999999999,
    "x0_opt": 63.0,
    "k_formula": 0.12534920634989263,
    "x0_formula": 61.82275427909598,
    "score_standard": 0.1916980877518654,
    "k_good_range": [
      0.06399999999999995,
      0.24816326530612223
    ],
    "x0_good_range": [
      37.289795918367346,
      60.8
    ]
  },
  "passkey": {
    "mode": "passkey",
    "model_path": "/root/autodl-tmp/dfrope/ms_models/LLM-Research/Meta-Llama-3-8B-Instruct",
    "repeats": 10,
    "lengths": [
      4096,
      8192
    ]
  },
  "figure1": {
    "d": 128,
    "L": 131072,
    "k_formula": 0.12534920634989263,
    "x0_formula": 61.82275427909598
  },
  "elapsed_sec": 154.7281095981598
}